ISO-10303-21;
HEADER;
/* Generated by software containing ST-Developer
 * from STEP Tools, Inc. (www.steptools.com) 
 */
/* OPTION: using custom renumber hook */

FILE_DESCRIPTION(
/* description */ ('STEP AP242 Edition 2',
'CAx-IF Rec.Pracs.---Representation and Presentation of Product Manufa
cturing Information (PMI)---4.0---2014-10-13',
'CAx-IF Rec.Pracs.---3D Tessellated Geometry---0.4---2014-09-14','2;1',
'CAx-IF Rec.Pracs.---User Defined Attributes---1.5---2016-08-15'),
/* implementation_level */ '2;1');

FILE_NAME(
/* name */ 'Part Studio 1 - Case - Left',
/* time_stamp */ '2026-08-23T00:07:53Z',
/* author */ (''),
/* organization */ (''),
/* preprocessor_version */ 'ST-DEVELOPER v20',
/* originating_system */ 'ONSHAPE BY PTC INC, 1.219',
/* authorisation */ '  ');

FILE_SCHEMA (('AP242_MANAGED_MODEL_BASED_3D_ENGINEERING_MIM_LF { 1 0 10303 442 3 1 4 }'));
ENDSEC;

DATA;
#10=SHAPE_REPRESENTATION_RELATIONSHIP('','',#11075,#11);
#11=ADVANCED_BREP_SHAPE_REPRESENTATION('',(#11073),#17464);
#12=CYLINDRICAL_SURFACE('',#11410,0.003);
#13=CYLINDRICAL_SURFACE('',#11411,0.003);
#14=CYLINDRICAL_SURFACE('',#11412,0.003);
#15=CYLINDRICAL_SURFACE('',#11413,0.003);
#16=ELLIPSE('',#11390,0.00300035751669132,0.003);
#17=ELLIPSE('',#11394,0.00552795245388122,0.003);
#18=B_SPLINE_CURVE_WITH_KNOTS('',3,(#14231,#14232,#14233,#14234,#14235,
#14236,#14237),.UNSPECIFIED.,.F.,.F.,(4,1,1,1,4),(270.,292.5,315.,337.5,
360.),.UNSPECIFIED.);
#19=B_SPLINE_CURVE_WITH_KNOTS('',3,(#14241,#14242,#14243,#14244,#14245,
#14246,#14247),.UNSPECIFIED.,.F.,.F.,(4,1,1,1,4),(270.,292.5,315.,337.5,
360.),.UNSPECIFIED.);
#20=B_SPLINE_CURVE_WITH_KNOTS('',3,(#14266,#14267,#14268,#14269,#14270,
#14271,#14272),.UNSPECIFIED.,.F.,.F.,(4,1,1,1,4),(270.,292.5,315.,337.5,
360.),.UNSPECIFIED.);
#21=B_SPLINE_CURVE_WITH_KNOTS('',3,(#14276,#14277,#14278,#14279,#14280,
#14281,#14282),.UNSPECIFIED.,.F.,.F.,(4,1,1,1,4),(270.,292.5,315.,337.5,
360.),.UNSPECIFIED.);
#22=B_SPLINE_CURVE_WITH_KNOTS('',3,(#14305,#14306,#14307,#14308),
 .UNSPECIFIED.,.F.,.F.,(4,4),(76.8513220325481,90.),.UNSPECIFIED.);
#23=B_SPLINE_CURVE_WITH_KNOTS('',3,(#14327,#14328,#14329,#14330),
 .UNSPECIFIED.,.F.,.F.,(4,4),(61.7683513981985,90.),.UNSPECIFIED.);
#24=B_SPLINE_CURVE_WITH_KNOTS('',3,(#15724,#15725,#15726,#15727),
 .UNSPECIFIED.,.F.,.F.,(4,4),(0.,11.9794580862528),.UNSPECIFIED.);
#25=B_SPLINE_CURVE_WITH_KNOTS('',3,(#15787,#15788,#15789,#15790),
 .UNSPECIFIED.,.F.,.F.,(4,4),(65.5733151514497,76.8513220325008),
 .UNSPECIFIED.);
#26=B_SPLINE_CURVE_WITH_KNOTS('',3,(#15794,#15795,#15796,#15797),
 .UNSPECIFIED.,.F.,.F.,(4,4),(51.8782193398739,65.5733151514969),
 .UNSPECIFIED.);
#27=B_SPLINE_CURVE_WITH_KNOTS('',3,(#15801,#15802,#15803,#15804),
 .UNSPECIFIED.,.F.,.F.,(4,4),(48.4116428154623,51.8782193398122),
 .UNSPECIFIED.);
#28=B_SPLINE_CURVE_WITH_KNOTS('',3,(#15808,#15809,#15810,#15811),
 .UNSPECIFIED.,.F.,.F.,(4,4),(32.6606460222155,48.4116428154842),
 .UNSPECIFIED.);
#29=B_SPLINE_CURVE_WITH_KNOTS('',3,(#15815,#15816,#15817,#15818),
 .UNSPECIFIED.,.F.,.F.,(4,4),(27.9705866196117,32.6606460222052),
 .UNSPECIFIED.);
#30=B_SPLINE_CURVE_WITH_KNOTS('',3,(#15822,#15823,#15824,#15825),
 .UNSPECIFIED.,.F.,.F.,(4,4),(191.97945808624,207.970586619617),
 .UNSPECIFIED.);
#31=B_SPLINE_CURVE_WITH_KNOTS('',3,(#15827,#15828,#15829,#15830,#15831,
#15832,#15833),.UNSPECIFIED.,.F.,.F.,(4,1,1,1,4),(180.,202.5,225.,247.5,
270.),.UNSPECIFIED.);
#32=B_SPLINE_CURVE_WITH_KNOTS('',3,(#16149,#16150,#16151,#16152),
 .UNSPECIFIED.,.F.,.F.,(4,4),(0.,9.),.UNSPECIFIED.);
#33=B_SPLINE_CURVE_WITH_KNOTS('',3,(#16154,#16155,#16156,#16157),
 .UNSPECIFIED.,.F.,.F.,(4,4),(0.,1.5),.UNSPECIFIED.);
#34=B_SPLINE_CURVE_WITH_KNOTS('',3,(#16947,#16948,#16949,#16950,#16951,
#16952,#16953),.UNSPECIFIED.,.F.,.F.,(4,1,1,1,4),(180.,202.5,225.,247.5,
270.),.UNSPECIFIED.);
#35=B_SPLINE_CURVE_WITH_KNOTS('',3,(#16968,#16969,#16970,#16971),
 .UNSPECIFIED.,.F.,.F.,(4,4),(180.,186.484028400296),.UNSPECIFIED.);
#36=B_SPLINE_CURVE_WITH_KNOTS('',3,(#16975,#16976,#16977,#16978),
 .UNSPECIFIED.,.F.,.F.,(4,4),(186.484028400297,208.848461745997),
 .UNSPECIFIED.);
#37=B_SPLINE_CURVE_WITH_KNOTS('',3,(#16990,#16991,#16992,#16993),
 .UNSPECIFIED.,.F.,.F.,(4,4),(28.9263050788084,39.0997764213517),
 .UNSPECIFIED.);
#38=B_SPLINE_CURVE_WITH_KNOTS('',3,(#17001,#17002,#17003,#17004),
 .UNSPECIFIED.,.F.,.F.,(4,4),(40.3013877664899,55.3659521471293),
 .UNSPECIFIED.);
#39=B_SPLINE_CURVE_WITH_KNOTS('',3,(#17008,#17009,#17010,#17011),
 .UNSPECIFIED.,.F.,.F.,(4,4),(55.3659521471312,61.5559148751531),
 .UNSPECIFIED.);
#40=ORIENTED_EDGE('',*,*,#3194,.T.);
#41=ORIENTED_EDGE('',*,*,#3195,.T.);
#42=ORIENTED_EDGE('',*,*,#3196,.F.);
#43=ORIENTED_EDGE('',*,*,#3197,.T.);
#44=ORIENTED_EDGE('',*,*,#3198,.F.);
#45=ORIENTED_EDGE('',*,*,#3199,.F.);
#46=ORIENTED_EDGE('',*,*,#3200,.F.);
#47=ORIENTED_EDGE('',*,*,#3201,.F.);
#48=ORIENTED_EDGE('',*,*,#3202,.T.);
#49=ORIENTED_EDGE('',*,*,#3203,.T.);
#50=ORIENTED_EDGE('',*,*,#3204,.F.);
#51=ORIENTED_EDGE('',*,*,#3205,.F.);
#52=ORIENTED_EDGE('',*,*,#3206,.F.);
#53=ORIENTED_EDGE('',*,*,#3207,.T.);
#54=ORIENTED_EDGE('',*,*,#3208,.T.);
#55=ORIENTED_EDGE('',*,*,#3209,.T.);
#56=ORIENTED_EDGE('',*,*,#3210,.F.);
#57=ORIENTED_EDGE('',*,*,#3211,.T.);
#58=ORIENTED_EDGE('',*,*,#3212,.T.);
#59=ORIENTED_EDGE('',*,*,#3213,.T.);
#60=ORIENTED_EDGE('',*,*,#3214,.T.);
#61=ORIENTED_EDGE('',*,*,#3215,.F.);
#62=ORIENTED_EDGE('',*,*,#3216,.F.);
#63=ORIENTED_EDGE('',*,*,#3217,.T.);
#64=ORIENTED_EDGE('',*,*,#3218,.T.);
#65=ORIENTED_EDGE('',*,*,#3219,.T.);
#66=ORIENTED_EDGE('',*,*,#3220,.F.);
#67=ORIENTED_EDGE('',*,*,#3221,.F.);
#68=ORIENTED_EDGE('',*,*,#3222,.F.);
#69=ORIENTED_EDGE('',*,*,#3223,.F.);
#70=ORIENTED_EDGE('',*,*,#3224,.T.);
#71=ORIENTED_EDGE('',*,*,#3225,.T.);
#72=ORIENTED_EDGE('',*,*,#3226,.F.);
#73=ORIENTED_EDGE('',*,*,#3227,.T.);
#74=ORIENTED_EDGE('',*,*,#3228,.F.);
#75=ORIENTED_EDGE('',*,*,#3229,.F.);
#76=ORIENTED_EDGE('',*,*,#3230,.T.);
#77=ORIENTED_EDGE('',*,*,#3231,.T.);
#78=ORIENTED_EDGE('',*,*,#3232,.F.);
#79=ORIENTED_EDGE('',*,*,#3233,.F.);
#80=ORIENTED_EDGE('',*,*,#3234,.T.);
#81=ORIENTED_EDGE('',*,*,#3235,.T.);
#82=ORIENTED_EDGE('',*,*,#3236,.T.);
#83=ORIENTED_EDGE('',*,*,#3237,.T.);
#84=ORIENTED_EDGE('',*,*,#3238,.T.);
#85=ORIENTED_EDGE('',*,*,#3239,.T.);
#86=ORIENTED_EDGE('',*,*,#3240,.T.);
#87=ORIENTED_EDGE('',*,*,#3241,.T.);
#88=ORIENTED_EDGE('',*,*,#3242,.T.);
#89=ORIENTED_EDGE('',*,*,#3243,.T.);
#90=ORIENTED_EDGE('',*,*,#3244,.T.);
#91=ORIENTED_EDGE('',*,*,#3245,.T.);
#92=ORIENTED_EDGE('',*,*,#3246,.T.);
#93=ORIENTED_EDGE('',*,*,#3247,.T.);
#94=ORIENTED_EDGE('',*,*,#3248,.T.);
#95=ORIENTED_EDGE('',*,*,#3249,.T.);
#96=ORIENTED_EDGE('',*,*,#3250,.T.);
#97=ORIENTED_EDGE('',*,*,#3251,.T.);
#98=ORIENTED_EDGE('',*,*,#3252,.T.);
#99=ORIENTED_EDGE('',*,*,#3253,.T.);
#100=ORIENTED_EDGE('',*,*,#3254,.T.);
#101=ORIENTED_EDGE('',*,*,#3255,.T.);
#102=ORIENTED_EDGE('',*,*,#3256,.T.);
#103=ORIENTED_EDGE('',*,*,#3257,.T.);
#104=ORIENTED_EDGE('',*,*,#3258,.T.);
#105=ORIENTED_EDGE('',*,*,#3259,.T.);
#106=ORIENTED_EDGE('',*,*,#3260,.T.);
#107=ORIENTED_EDGE('',*,*,#3261,.T.);
#108=ORIENTED_EDGE('',*,*,#3262,.T.);
#109=ORIENTED_EDGE('',*,*,#3263,.T.);
#110=ORIENTED_EDGE('',*,*,#3264,.T.);
#111=ORIENTED_EDGE('',*,*,#3265,.T.);
#112=ORIENTED_EDGE('',*,*,#3266,.T.);
#113=ORIENTED_EDGE('',*,*,#3267,.T.);
#114=ORIENTED_EDGE('',*,*,#3268,.T.);
#115=ORIENTED_EDGE('',*,*,#3269,.T.);
#116=ORIENTED_EDGE('',*,*,#3270,.T.);
#117=ORIENTED_EDGE('',*,*,#3271,.T.);
#118=ORIENTED_EDGE('',*,*,#3272,.T.);
#119=ORIENTED_EDGE('',*,*,#3273,.T.);
#120=ORIENTED_EDGE('',*,*,#3274,.T.);
#121=ORIENTED_EDGE('',*,*,#3275,.T.);
#122=ORIENTED_EDGE('',*,*,#3276,.T.);
#123=ORIENTED_EDGE('',*,*,#3277,.T.);
#124=ORIENTED_EDGE('',*,*,#3278,.T.);
#125=ORIENTED_EDGE('',*,*,#3279,.T.);
#126=ORIENTED_EDGE('',*,*,#3280,.T.);
#127=ORIENTED_EDGE('',*,*,#3281,.T.);
#128=ORIENTED_EDGE('',*,*,#3282,.T.);
#129=ORIENTED_EDGE('',*,*,#3283,.T.);
#130=ORIENTED_EDGE('',*,*,#3284,.T.);
#131=ORIENTED_EDGE('',*,*,#3285,.T.);
#132=ORIENTED_EDGE('',*,*,#3286,.T.);
#133=ORIENTED_EDGE('',*,*,#3287,.T.);
#134=ORIENTED_EDGE('',*,*,#3288,.T.);
#135=ORIENTED_EDGE('',*,*,#3289,.T.);
#136=ORIENTED_EDGE('',*,*,#3290,.T.);
#137=ORIENTED_EDGE('',*,*,#3291,.T.);
#138=ORIENTED_EDGE('',*,*,#3292,.T.);
#139=ORIENTED_EDGE('',*,*,#3293,.T.);
#140=ORIENTED_EDGE('',*,*,#3294,.T.);
#141=ORIENTED_EDGE('',*,*,#3295,.T.);
#142=ORIENTED_EDGE('',*,*,#3296,.T.);
#143=ORIENTED_EDGE('',*,*,#3297,.T.);
#144=ORIENTED_EDGE('',*,*,#3298,.T.);
#145=ORIENTED_EDGE('',*,*,#3299,.T.);
#146=ORIENTED_EDGE('',*,*,#3300,.T.);
#147=ORIENTED_EDGE('',*,*,#3301,.T.);
#148=ORIENTED_EDGE('',*,*,#3302,.T.);
#149=ORIENTED_EDGE('',*,*,#3303,.T.);
#150=ORIENTED_EDGE('',*,*,#3304,.T.);
#151=ORIENTED_EDGE('',*,*,#3305,.T.);
#152=ORIENTED_EDGE('',*,*,#3306,.T.);
#153=ORIENTED_EDGE('',*,*,#3307,.T.);
#154=ORIENTED_EDGE('',*,*,#3308,.T.);
#155=ORIENTED_EDGE('',*,*,#3309,.F.);
#156=ORIENTED_EDGE('',*,*,#3310,.F.);
#157=ORIENTED_EDGE('',*,*,#3311,.F.);
#158=ORIENTED_EDGE('',*,*,#3312,.F.);
#159=ORIENTED_EDGE('',*,*,#3313,.F.);
#160=ORIENTED_EDGE('',*,*,#3314,.F.);
#161=ORIENTED_EDGE('',*,*,#3315,.F.);
#162=ORIENTED_EDGE('',*,*,#3316,.F.);
#163=ORIENTED_EDGE('',*,*,#3317,.F.);
#164=ORIENTED_EDGE('',*,*,#3318,.F.);
#165=ORIENTED_EDGE('',*,*,#3319,.F.);
#166=ORIENTED_EDGE('',*,*,#3320,.F.);
#167=ORIENTED_EDGE('',*,*,#3321,.F.);
#168=ORIENTED_EDGE('',*,*,#3322,.F.);
#169=ORIENTED_EDGE('',*,*,#3218,.F.);
#170=ORIENTED_EDGE('',*,*,#3323,.F.);
#171=ORIENTED_EDGE('',*,*,#3324,.F.);
#172=ORIENTED_EDGE('',*,*,#3325,.F.);
#173=ORIENTED_EDGE('',*,*,#3326,.F.);
#174=ORIENTED_EDGE('',*,*,#3327,.F.);
#175=ORIENTED_EDGE('',*,*,#3328,.F.);
#176=ORIENTED_EDGE('',*,*,#3329,.F.);
#177=ORIENTED_EDGE('',*,*,#3330,.F.);
#178=ORIENTED_EDGE('',*,*,#3331,.F.);
#179=ORIENTED_EDGE('',*,*,#3332,.F.);
#180=ORIENTED_EDGE('',*,*,#3333,.F.);
#181=ORIENTED_EDGE('',*,*,#3334,.F.);
#182=ORIENTED_EDGE('',*,*,#3335,.F.);
#183=ORIENTED_EDGE('',*,*,#3336,.F.);
#184=ORIENTED_EDGE('',*,*,#3337,.F.);
#185=ORIENTED_EDGE('',*,*,#3338,.F.);
#186=ORIENTED_EDGE('',*,*,#3339,.F.);
#187=ORIENTED_EDGE('',*,*,#3340,.F.);
#188=ORIENTED_EDGE('',*,*,#3341,.F.);
#189=ORIENTED_EDGE('',*,*,#3342,.F.);
#190=ORIENTED_EDGE('',*,*,#3343,.F.);
#191=ORIENTED_EDGE('',*,*,#3344,.F.);
#192=ORIENTED_EDGE('',*,*,#3345,.F.);
#193=ORIENTED_EDGE('',*,*,#3346,.F.);
#194=ORIENTED_EDGE('',*,*,#3347,.F.);
#195=ORIENTED_EDGE('',*,*,#3348,.F.);
#196=ORIENTED_EDGE('',*,*,#3349,.F.);
#197=ORIENTED_EDGE('',*,*,#3350,.F.);
#198=ORIENTED_EDGE('',*,*,#3351,.F.);
#199=ORIENTED_EDGE('',*,*,#3352,.F.);
#200=ORIENTED_EDGE('',*,*,#3353,.F.);
#201=ORIENTED_EDGE('',*,*,#3354,.F.);
#202=ORIENTED_EDGE('',*,*,#3355,.F.);
#203=ORIENTED_EDGE('',*,*,#3356,.F.);
#204=ORIENTED_EDGE('',*,*,#3357,.F.);
#205=ORIENTED_EDGE('',*,*,#3358,.F.);
#206=ORIENTED_EDGE('',*,*,#3359,.F.);
#207=ORIENTED_EDGE('',*,*,#3360,.F.);
#208=ORIENTED_EDGE('',*,*,#3361,.F.);
#209=ORIENTED_EDGE('',*,*,#3362,.F.);
#210=ORIENTED_EDGE('',*,*,#3363,.F.);
#211=ORIENTED_EDGE('',*,*,#3364,.F.);
#212=ORIENTED_EDGE('',*,*,#3365,.F.);
#213=ORIENTED_EDGE('',*,*,#3366,.F.);
#214=ORIENTED_EDGE('',*,*,#3367,.F.);
#215=ORIENTED_EDGE('',*,*,#3368,.F.);
#216=ORIENTED_EDGE('',*,*,#3369,.F.);
#217=ORIENTED_EDGE('',*,*,#3370,.F.);
#218=ORIENTED_EDGE('',*,*,#3371,.F.);
#219=ORIENTED_EDGE('',*,*,#3372,.F.);
#220=ORIENTED_EDGE('',*,*,#3373,.F.);
#221=ORIENTED_EDGE('',*,*,#3374,.F.);
#222=ORIENTED_EDGE('',*,*,#3375,.F.);
#223=ORIENTED_EDGE('',*,*,#3376,.F.);
#224=ORIENTED_EDGE('',*,*,#3377,.F.);
#225=ORIENTED_EDGE('',*,*,#3378,.F.);
#226=ORIENTED_EDGE('',*,*,#3379,.F.);
#227=ORIENTED_EDGE('',*,*,#3380,.F.);
#228=ORIENTED_EDGE('',*,*,#3381,.F.);
#229=ORIENTED_EDGE('',*,*,#3382,.F.);
#230=ORIENTED_EDGE('',*,*,#3383,.F.);
#231=ORIENTED_EDGE('',*,*,#3384,.F.);
#232=ORIENTED_EDGE('',*,*,#3385,.F.);
#233=ORIENTED_EDGE('',*,*,#3386,.F.);
#234=ORIENTED_EDGE('',*,*,#3387,.F.);
#235=ORIENTED_EDGE('',*,*,#3388,.F.);
#236=ORIENTED_EDGE('',*,*,#3389,.F.);
#237=ORIENTED_EDGE('',*,*,#3390,.F.);
#238=ORIENTED_EDGE('',*,*,#3391,.F.);
#239=ORIENTED_EDGE('',*,*,#3392,.F.);
#240=ORIENTED_EDGE('',*,*,#3393,.F.);
#241=ORIENTED_EDGE('',*,*,#3394,.F.);
#242=ORIENTED_EDGE('',*,*,#3395,.F.);
#243=ORIENTED_EDGE('',*,*,#3396,.F.);
#244=ORIENTED_EDGE('',*,*,#3397,.F.);
#245=ORIENTED_EDGE('',*,*,#3398,.F.);
#246=ORIENTED_EDGE('',*,*,#3399,.F.);
#247=ORIENTED_EDGE('',*,*,#3400,.F.);
#248=ORIENTED_EDGE('',*,*,#3401,.F.);
#249=ORIENTED_EDGE('',*,*,#3402,.F.);
#250=ORIENTED_EDGE('',*,*,#3403,.F.);
#251=ORIENTED_EDGE('',*,*,#3404,.F.);
#252=ORIENTED_EDGE('',*,*,#3405,.F.);
#253=ORIENTED_EDGE('',*,*,#3406,.F.);
#254=ORIENTED_EDGE('',*,*,#3407,.F.);
#255=ORIENTED_EDGE('',*,*,#3408,.F.);
#256=ORIENTED_EDGE('',*,*,#3409,.F.);
#257=ORIENTED_EDGE('',*,*,#3410,.F.);
#258=ORIENTED_EDGE('',*,*,#3411,.F.);
#259=ORIENTED_EDGE('',*,*,#3412,.F.);
#260=ORIENTED_EDGE('',*,*,#3413,.F.);
#261=ORIENTED_EDGE('',*,*,#3414,.F.);
#262=ORIENTED_EDGE('',*,*,#3415,.F.);
#263=ORIENTED_EDGE('',*,*,#3416,.F.);
#264=ORIENTED_EDGE('',*,*,#3417,.F.);
#265=ORIENTED_EDGE('',*,*,#3418,.F.);
#266=ORIENTED_EDGE('',*,*,#3419,.F.);
#267=ORIENTED_EDGE('',*,*,#3420,.F.);
#268=ORIENTED_EDGE('',*,*,#3421,.F.);
#269=ORIENTED_EDGE('',*,*,#3422,.F.);
#270=ORIENTED_EDGE('',*,*,#3423,.F.);
#271=ORIENTED_EDGE('',*,*,#3424,.F.);
#272=ORIENTED_EDGE('',*,*,#3425,.F.);
#273=ORIENTED_EDGE('',*,*,#3426,.F.);
#274=ORIENTED_EDGE('',*,*,#3427,.F.);
#275=ORIENTED_EDGE('',*,*,#3428,.F.);
#276=ORIENTED_EDGE('',*,*,#3429,.F.);
#277=ORIENTED_EDGE('',*,*,#3430,.F.);
#278=ORIENTED_EDGE('',*,*,#3431,.F.);
#279=ORIENTED_EDGE('',*,*,#3432,.F.);
#280=ORIENTED_EDGE('',*,*,#3433,.F.);
#281=ORIENTED_EDGE('',*,*,#3434,.F.);
#282=ORIENTED_EDGE('',*,*,#3435,.F.);
#283=ORIENTED_EDGE('',*,*,#3436,.F.);
#284=ORIENTED_EDGE('',*,*,#3437,.F.);
#285=ORIENTED_EDGE('',*,*,#3438,.F.);
#286=ORIENTED_EDGE('',*,*,#3439,.F.);
#287=ORIENTED_EDGE('',*,*,#3440,.F.);
#288=ORIENTED_EDGE('',*,*,#3441,.F.);
#289=ORIENTED_EDGE('',*,*,#3442,.F.);
#290=ORIENTED_EDGE('',*,*,#3443,.F.);
#291=ORIENTED_EDGE('',*,*,#3444,.F.);
#292=ORIENTED_EDGE('',*,*,#3445,.F.);
#293=ORIENTED_EDGE('',*,*,#3446,.F.);
#294=ORIENTED_EDGE('',*,*,#3447,.F.);
#295=ORIENTED_EDGE('',*,*,#3448,.F.);
#296=ORIENTED_EDGE('',*,*,#3449,.F.);
#297=ORIENTED_EDGE('',*,*,#3450,.F.);
#298=ORIENTED_EDGE('',*,*,#3451,.F.);
#299=ORIENTED_EDGE('',*,*,#3452,.F.);
#300=ORIENTED_EDGE('',*,*,#3453,.F.);
#301=ORIENTED_EDGE('',*,*,#3454,.F.);
#302=ORIENTED_EDGE('',*,*,#3455,.F.);
#303=ORIENTED_EDGE('',*,*,#3456,.F.);
#304=ORIENTED_EDGE('',*,*,#3457,.F.);
#305=ORIENTED_EDGE('',*,*,#3458,.F.);
#306=ORIENTED_EDGE('',*,*,#3459,.F.);
#307=ORIENTED_EDGE('',*,*,#3460,.F.);
#308=ORIENTED_EDGE('',*,*,#3461,.F.);
#309=ORIENTED_EDGE('',*,*,#3194,.F.);
#310=ORIENTED_EDGE('',*,*,#3462,.T.);
#311=ORIENTED_EDGE('',*,*,#3463,.T.);
#312=ORIENTED_EDGE('',*,*,#3464,.T.);
#313=ORIENTED_EDGE('',*,*,#3465,.T.);
#314=ORIENTED_EDGE('',*,*,#3466,.T.);
#315=ORIENTED_EDGE('',*,*,#3467,.T.);
#316=ORIENTED_EDGE('',*,*,#3468,.T.);
#317=ORIENTED_EDGE('',*,*,#3469,.T.);
#318=ORIENTED_EDGE('',*,*,#3470,.T.);
#319=ORIENTED_EDGE('',*,*,#3471,.T.);
#320=ORIENTED_EDGE('',*,*,#3472,.T.);
#321=ORIENTED_EDGE('',*,*,#3473,.T.);
#322=ORIENTED_EDGE('',*,*,#3474,.T.);
#323=ORIENTED_EDGE('',*,*,#3475,.T.);
#324=ORIENTED_EDGE('',*,*,#3476,.T.);
#325=ORIENTED_EDGE('',*,*,#3477,.T.);
#326=ORIENTED_EDGE('',*,*,#3478,.T.);
#327=ORIENTED_EDGE('',*,*,#3479,.T.);
#328=ORIENTED_EDGE('',*,*,#3480,.T.);
#329=ORIENTED_EDGE('',*,*,#3481,.T.);
#330=ORIENTED_EDGE('',*,*,#3482,.T.);
#331=ORIENTED_EDGE('',*,*,#3483,.T.);
#332=ORIENTED_EDGE('',*,*,#3484,.T.);
#333=ORIENTED_EDGE('',*,*,#3485,.T.);
#334=ORIENTED_EDGE('',*,*,#3486,.T.);
#335=ORIENTED_EDGE('',*,*,#3487,.T.);
#336=ORIENTED_EDGE('',*,*,#3488,.T.);
#337=ORIENTED_EDGE('',*,*,#3489,.T.);
#338=ORIENTED_EDGE('',*,*,#3490,.T.);
#339=ORIENTED_EDGE('',*,*,#3491,.T.);
#340=ORIENTED_EDGE('',*,*,#3492,.T.);
#341=ORIENTED_EDGE('',*,*,#3493,.T.);
#342=ORIENTED_EDGE('',*,*,#3494,.T.);
#343=ORIENTED_EDGE('',*,*,#3495,.T.);
#344=ORIENTED_EDGE('',*,*,#3496,.T.);
#345=ORIENTED_EDGE('',*,*,#3497,.T.);
#346=ORIENTED_EDGE('',*,*,#3498,.T.);
#347=ORIENTED_EDGE('',*,*,#3499,.T.);
#348=ORIENTED_EDGE('',*,*,#3500,.T.);
#349=ORIENTED_EDGE('',*,*,#3501,.T.);
#350=ORIENTED_EDGE('',*,*,#3502,.T.);
#351=ORIENTED_EDGE('',*,*,#3503,.T.);
#352=ORIENTED_EDGE('',*,*,#3504,.T.);
#353=ORIENTED_EDGE('',*,*,#3505,.T.);
#354=ORIENTED_EDGE('',*,*,#3506,.T.);
#355=ORIENTED_EDGE('',*,*,#3507,.T.);
#356=ORIENTED_EDGE('',*,*,#3508,.T.);
#357=ORIENTED_EDGE('',*,*,#3509,.T.);
#358=ORIENTED_EDGE('',*,*,#3510,.T.);
#359=ORIENTED_EDGE('',*,*,#3511,.T.);
#360=ORIENTED_EDGE('',*,*,#3512,.T.);
#361=ORIENTED_EDGE('',*,*,#3513,.T.);
#362=ORIENTED_EDGE('',*,*,#3514,.T.);
#363=ORIENTED_EDGE('',*,*,#3515,.T.);
#364=ORIENTED_EDGE('',*,*,#3516,.T.);
#365=ORIENTED_EDGE('',*,*,#3517,.T.);
#366=ORIENTED_EDGE('',*,*,#3518,.T.);
#367=ORIENTED_EDGE('',*,*,#3519,.T.);
#368=ORIENTED_EDGE('',*,*,#3520,.T.);
#369=ORIENTED_EDGE('',*,*,#3521,.T.);
#370=ORIENTED_EDGE('',*,*,#3522,.T.);
#371=ORIENTED_EDGE('',*,*,#3523,.T.);
#372=ORIENTED_EDGE('',*,*,#3524,.T.);
#373=ORIENTED_EDGE('',*,*,#3525,.T.);
#374=ORIENTED_EDGE('',*,*,#3526,.T.);
#375=ORIENTED_EDGE('',*,*,#3527,.T.);
#376=ORIENTED_EDGE('',*,*,#3528,.T.);
#377=ORIENTED_EDGE('',*,*,#3529,.T.);
#378=ORIENTED_EDGE('',*,*,#3530,.T.);
#379=ORIENTED_EDGE('',*,*,#3531,.T.);
#380=ORIENTED_EDGE('',*,*,#3532,.T.);
#381=ORIENTED_EDGE('',*,*,#3533,.T.);
#382=ORIENTED_EDGE('',*,*,#3534,.T.);
#383=ORIENTED_EDGE('',*,*,#3535,.T.);
#384=ORIENTED_EDGE('',*,*,#3536,.T.);
#385=ORIENTED_EDGE('',*,*,#3537,.T.);
#386=ORIENTED_EDGE('',*,*,#3538,.T.);
#387=ORIENTED_EDGE('',*,*,#3539,.T.);
#388=ORIENTED_EDGE('',*,*,#3540,.T.);
#389=ORIENTED_EDGE('',*,*,#3541,.T.);
#390=ORIENTED_EDGE('',*,*,#3542,.T.);
#391=ORIENTED_EDGE('',*,*,#3543,.T.);
#392=ORIENTED_EDGE('',*,*,#3544,.T.);
#393=ORIENTED_EDGE('',*,*,#3545,.T.);
#394=ORIENTED_EDGE('',*,*,#3546,.T.);
#395=ORIENTED_EDGE('',*,*,#3547,.T.);
#396=ORIENTED_EDGE('',*,*,#3548,.T.);
#397=ORIENTED_EDGE('',*,*,#3549,.T.);
#398=ORIENTED_EDGE('',*,*,#3550,.T.);
#399=ORIENTED_EDGE('',*,*,#3551,.T.);
#400=ORIENTED_EDGE('',*,*,#3552,.T.);
#401=ORIENTED_EDGE('',*,*,#3553,.T.);
#402=ORIENTED_EDGE('',*,*,#3554,.T.);
#403=ORIENTED_EDGE('',*,*,#3555,.T.);
#404=ORIENTED_EDGE('',*,*,#3556,.T.);
#405=ORIENTED_EDGE('',*,*,#3557,.T.);
#406=ORIENTED_EDGE('',*,*,#3558,.T.);
#407=ORIENTED_EDGE('',*,*,#3559,.T.);
#408=ORIENTED_EDGE('',*,*,#3560,.T.);
#409=ORIENTED_EDGE('',*,*,#3561,.T.);
#410=ORIENTED_EDGE('',*,*,#3562,.T.);
#411=ORIENTED_EDGE('',*,*,#3563,.T.);
#412=ORIENTED_EDGE('',*,*,#3564,.T.);
#413=ORIENTED_EDGE('',*,*,#3565,.T.);
#414=ORIENTED_EDGE('',*,*,#3566,.T.);
#415=ORIENTED_EDGE('',*,*,#3567,.T.);
#416=ORIENTED_EDGE('',*,*,#3568,.T.);
#417=ORIENTED_EDGE('',*,*,#3569,.T.);
#418=ORIENTED_EDGE('',*,*,#3570,.T.);
#419=ORIENTED_EDGE('',*,*,#3571,.T.);
#420=ORIENTED_EDGE('',*,*,#3572,.T.);
#421=ORIENTED_EDGE('',*,*,#3573,.T.);
#422=ORIENTED_EDGE('',*,*,#3574,.F.);
#423=ORIENTED_EDGE('',*,*,#3575,.F.);
#424=ORIENTED_EDGE('',*,*,#3576,.F.);
#425=ORIENTED_EDGE('',*,*,#3577,.F.);
#426=ORIENTED_EDGE('',*,*,#3578,.F.);
#427=ORIENTED_EDGE('',*,*,#3579,.F.);
#428=ORIENTED_EDGE('',*,*,#3580,.F.);
#429=ORIENTED_EDGE('',*,*,#3581,.F.);
#430=ORIENTED_EDGE('',*,*,#3582,.F.);
#431=ORIENTED_EDGE('',*,*,#3583,.F.);
#432=ORIENTED_EDGE('',*,*,#3584,.F.);
#433=ORIENTED_EDGE('',*,*,#3585,.F.);
#434=ORIENTED_EDGE('',*,*,#3586,.F.);
#435=ORIENTED_EDGE('',*,*,#3587,.F.);
#436=ORIENTED_EDGE('',*,*,#3588,.F.);
#437=ORIENTED_EDGE('',*,*,#3589,.F.);
#438=ORIENTED_EDGE('',*,*,#3590,.F.);
#439=ORIENTED_EDGE('',*,*,#3591,.F.);
#440=ORIENTED_EDGE('',*,*,#3592,.F.);
#441=ORIENTED_EDGE('',*,*,#3593,.F.);
#442=ORIENTED_EDGE('',*,*,#3594,.F.);
#443=ORIENTED_EDGE('',*,*,#3595,.F.);
#444=ORIENTED_EDGE('',*,*,#3596,.F.);
#445=ORIENTED_EDGE('',*,*,#3597,.F.);
#446=ORIENTED_EDGE('',*,*,#3598,.F.);
#447=ORIENTED_EDGE('',*,*,#3599,.F.);
#448=ORIENTED_EDGE('',*,*,#3600,.F.);
#449=ORIENTED_EDGE('',*,*,#3601,.F.);
#450=ORIENTED_EDGE('',*,*,#3602,.F.);
#451=ORIENTED_EDGE('',*,*,#3603,.F.);
#452=ORIENTED_EDGE('',*,*,#3604,.F.);
#453=ORIENTED_EDGE('',*,*,#3605,.F.);
#454=ORIENTED_EDGE('',*,*,#3606,.F.);
#455=ORIENTED_EDGE('',*,*,#3607,.F.);
#456=ORIENTED_EDGE('',*,*,#3608,.F.);
#457=ORIENTED_EDGE('',*,*,#3609,.F.);
#458=ORIENTED_EDGE('',*,*,#3610,.F.);
#459=ORIENTED_EDGE('',*,*,#3611,.F.);
#460=ORIENTED_EDGE('',*,*,#3612,.F.);
#461=ORIENTED_EDGE('',*,*,#3613,.F.);
#462=ORIENTED_EDGE('',*,*,#3614,.F.);
#463=ORIENTED_EDGE('',*,*,#3615,.F.);
#464=ORIENTED_EDGE('',*,*,#3616,.F.);
#465=ORIENTED_EDGE('',*,*,#3617,.F.);
#466=ORIENTED_EDGE('',*,*,#3618,.F.);
#467=ORIENTED_EDGE('',*,*,#3619,.F.);
#468=ORIENTED_EDGE('',*,*,#3620,.F.);
#469=ORIENTED_EDGE('',*,*,#3621,.F.);
#470=ORIENTED_EDGE('',*,*,#3622,.F.);
#471=ORIENTED_EDGE('',*,*,#3623,.F.);
#472=ORIENTED_EDGE('',*,*,#3624,.F.);
#473=ORIENTED_EDGE('',*,*,#3625,.F.);
#474=ORIENTED_EDGE('',*,*,#3626,.F.);
#475=ORIENTED_EDGE('',*,*,#3627,.F.);
#476=ORIENTED_EDGE('',*,*,#3628,.F.);
#477=ORIENTED_EDGE('',*,*,#3629,.F.);
#478=ORIENTED_EDGE('',*,*,#3630,.F.);
#479=ORIENTED_EDGE('',*,*,#3631,.F.);
#480=ORIENTED_EDGE('',*,*,#3632,.F.);
#481=ORIENTED_EDGE('',*,*,#3633,.F.);
#482=ORIENTED_EDGE('',*,*,#3634,.F.);
#483=ORIENTED_EDGE('',*,*,#3635,.F.);
#484=ORIENTED_EDGE('',*,*,#3636,.F.);
#485=ORIENTED_EDGE('',*,*,#3637,.F.);
#486=ORIENTED_EDGE('',*,*,#3638,.F.);
#487=ORIENTED_EDGE('',*,*,#3639,.F.);
#488=ORIENTED_EDGE('',*,*,#3640,.F.);
#489=ORIENTED_EDGE('',*,*,#3641,.F.);
#490=ORIENTED_EDGE('',*,*,#3642,.F.);
#491=ORIENTED_EDGE('',*,*,#3643,.F.);
#492=ORIENTED_EDGE('',*,*,#3644,.F.);
#493=ORIENTED_EDGE('',*,*,#3645,.F.);
#494=ORIENTED_EDGE('',*,*,#3646,.F.);
#495=ORIENTED_EDGE('',*,*,#3647,.F.);
#496=ORIENTED_EDGE('',*,*,#3648,.F.);
#497=ORIENTED_EDGE('',*,*,#3649,.F.);
#498=ORIENTED_EDGE('',*,*,#3650,.F.);
#499=ORIENTED_EDGE('',*,*,#3651,.F.);
#500=ORIENTED_EDGE('',*,*,#3652,.F.);
#501=ORIENTED_EDGE('',*,*,#3653,.F.);
#502=ORIENTED_EDGE('',*,*,#3654,.F.);
#503=ORIENTED_EDGE('',*,*,#3655,.F.);
#504=ORIENTED_EDGE('',*,*,#3656,.F.);
#505=ORIENTED_EDGE('',*,*,#3657,.F.);
#506=ORIENTED_EDGE('',*,*,#3658,.F.);
#507=ORIENTED_EDGE('',*,*,#3659,.F.);
#508=ORIENTED_EDGE('',*,*,#3660,.F.);
#509=ORIENTED_EDGE('',*,*,#3661,.F.);
#510=ORIENTED_EDGE('',*,*,#3662,.F.);
#511=ORIENTED_EDGE('',*,*,#3663,.F.);
#512=ORIENTED_EDGE('',*,*,#3664,.F.);
#513=ORIENTED_EDGE('',*,*,#3665,.F.);
#514=ORIENTED_EDGE('',*,*,#3666,.F.);
#515=ORIENTED_EDGE('',*,*,#3667,.F.);
#516=ORIENTED_EDGE('',*,*,#3668,.F.);
#517=ORIENTED_EDGE('',*,*,#3669,.F.);
#518=ORIENTED_EDGE('',*,*,#3670,.F.);
#519=ORIENTED_EDGE('',*,*,#3671,.F.);
#520=ORIENTED_EDGE('',*,*,#3672,.F.);
#521=ORIENTED_EDGE('',*,*,#3673,.F.);
#522=ORIENTED_EDGE('',*,*,#3674,.F.);
#523=ORIENTED_EDGE('',*,*,#3675,.F.);
#524=ORIENTED_EDGE('',*,*,#3676,.F.);
#525=ORIENTED_EDGE('',*,*,#3677,.F.);
#526=ORIENTED_EDGE('',*,*,#3678,.F.);
#527=ORIENTED_EDGE('',*,*,#3679,.F.);
#528=ORIENTED_EDGE('',*,*,#3680,.F.);
#529=ORIENTED_EDGE('',*,*,#3681,.F.);
#530=ORIENTED_EDGE('',*,*,#3682,.F.);
#531=ORIENTED_EDGE('',*,*,#3683,.F.);
#532=ORIENTED_EDGE('',*,*,#3684,.F.);
#533=ORIENTED_EDGE('',*,*,#3685,.F.);
#534=ORIENTED_EDGE('',*,*,#3686,.F.);
#535=ORIENTED_EDGE('',*,*,#3687,.F.);
#536=ORIENTED_EDGE('',*,*,#3688,.F.);
#537=ORIENTED_EDGE('',*,*,#3689,.F.);
#538=ORIENTED_EDGE('',*,*,#3690,.F.);
#539=ORIENTED_EDGE('',*,*,#3691,.F.);
#540=ORIENTED_EDGE('',*,*,#3692,.F.);
#541=ORIENTED_EDGE('',*,*,#3693,.F.);
#542=ORIENTED_EDGE('',*,*,#3694,.F.);
#543=ORIENTED_EDGE('',*,*,#3695,.F.);
#544=ORIENTED_EDGE('',*,*,#3696,.F.);
#545=ORIENTED_EDGE('',*,*,#3697,.F.);
#546=ORIENTED_EDGE('',*,*,#3698,.F.);
#547=ORIENTED_EDGE('',*,*,#3699,.F.);
#548=ORIENTED_EDGE('',*,*,#3700,.F.);
#549=ORIENTED_EDGE('',*,*,#3701,.F.);
#550=ORIENTED_EDGE('',*,*,#3702,.F.);
#551=ORIENTED_EDGE('',*,*,#3703,.F.);
#552=ORIENTED_EDGE('',*,*,#3704,.F.);
#553=ORIENTED_EDGE('',*,*,#3705,.F.);
#554=ORIENTED_EDGE('',*,*,#3706,.F.);
#555=ORIENTED_EDGE('',*,*,#3707,.F.);
#556=ORIENTED_EDGE('',*,*,#3708,.F.);
#557=ORIENTED_EDGE('',*,*,#3709,.F.);
#558=ORIENTED_EDGE('',*,*,#3710,.F.);
#559=ORIENTED_EDGE('',*,*,#3711,.F.);
#560=ORIENTED_EDGE('',*,*,#3712,.F.);
#561=ORIENTED_EDGE('',*,*,#3713,.F.);
#562=ORIENTED_EDGE('',*,*,#3714,.F.);
#563=ORIENTED_EDGE('',*,*,#3715,.F.);
#564=ORIENTED_EDGE('',*,*,#3716,.F.);
#565=ORIENTED_EDGE('',*,*,#3717,.F.);
#566=ORIENTED_EDGE('',*,*,#3718,.F.);
#567=ORIENTED_EDGE('',*,*,#3719,.T.);
#568=ORIENTED_EDGE('',*,*,#3720,.T.);
#569=ORIENTED_EDGE('',*,*,#3721,.T.);
#570=ORIENTED_EDGE('',*,*,#3722,.T.);
#571=ORIENTED_EDGE('',*,*,#3723,.T.);
#572=ORIENTED_EDGE('',*,*,#3724,.T.);
#573=ORIENTED_EDGE('',*,*,#3725,.T.);
#574=ORIENTED_EDGE('',*,*,#3726,.T.);
#575=ORIENTED_EDGE('',*,*,#3727,.T.);
#576=ORIENTED_EDGE('',*,*,#3228,.T.);
#577=ORIENTED_EDGE('',*,*,#3728,.T.);
#578=ORIENTED_EDGE('',*,*,#3729,.T.);
#579=ORIENTED_EDGE('',*,*,#3730,.T.);
#580=ORIENTED_EDGE('',*,*,#3731,.T.);
#581=ORIENTED_EDGE('',*,*,#3732,.T.);
#582=ORIENTED_EDGE('',*,*,#3733,.T.);
#583=ORIENTED_EDGE('',*,*,#3734,.T.);
#584=ORIENTED_EDGE('',*,*,#3735,.T.);
#585=ORIENTED_EDGE('',*,*,#3736,.T.);
#586=ORIENTED_EDGE('',*,*,#3737,.T.);
#587=ORIENTED_EDGE('',*,*,#3738,.T.);
#588=ORIENTED_EDGE('',*,*,#3739,.T.);
#589=ORIENTED_EDGE('',*,*,#3740,.T.);
#590=ORIENTED_EDGE('',*,*,#3741,.T.);
#591=ORIENTED_EDGE('',*,*,#3213,.F.);
#592=ORIENTED_EDGE('',*,*,#3742,.F.);
#593=ORIENTED_EDGE('',*,*,#3743,.F.);
#594=ORIENTED_EDGE('',*,*,#3744,.F.);
#595=ORIENTED_EDGE('',*,*,#3745,.F.);
#596=ORIENTED_EDGE('',*,*,#3746,.F.);
#597=ORIENTED_EDGE('',*,*,#3747,.F.);
#598=ORIENTED_EDGE('',*,*,#3748,.F.);
#599=ORIENTED_EDGE('',*,*,#3749,.F.);
#600=ORIENTED_EDGE('',*,*,#3750,.F.);
#601=ORIENTED_EDGE('',*,*,#3751,.F.);
#602=ORIENTED_EDGE('',*,*,#3752,.F.);
#603=ORIENTED_EDGE('',*,*,#3753,.F.);
#604=ORIENTED_EDGE('',*,*,#3754,.F.);
#605=ORIENTED_EDGE('',*,*,#3755,.F.);
#606=ORIENTED_EDGE('',*,*,#3756,.F.);
#607=ORIENTED_EDGE('',*,*,#3757,.F.);
#608=ORIENTED_EDGE('',*,*,#3758,.F.);
#609=ORIENTED_EDGE('',*,*,#3759,.F.);
#610=ORIENTED_EDGE('',*,*,#3760,.F.);
#611=ORIENTED_EDGE('',*,*,#3761,.F.);
#612=ORIENTED_EDGE('',*,*,#3762,.F.);
#613=ORIENTED_EDGE('',*,*,#3763,.F.);
#614=ORIENTED_EDGE('',*,*,#3764,.F.);
#615=ORIENTED_EDGE('',*,*,#3765,.F.);
#616=ORIENTED_EDGE('',*,*,#3766,.F.);
#617=ORIENTED_EDGE('',*,*,#3767,.F.);
#618=ORIENTED_EDGE('',*,*,#3768,.F.);
#619=ORIENTED_EDGE('',*,*,#3769,.F.);
#620=ORIENTED_EDGE('',*,*,#3770,.F.);
#621=ORIENTED_EDGE('',*,*,#3771,.F.);
#622=ORIENTED_EDGE('',*,*,#3772,.F.);
#623=ORIENTED_EDGE('',*,*,#3773,.F.);
#624=ORIENTED_EDGE('',*,*,#3774,.F.);
#625=ORIENTED_EDGE('',*,*,#3775,.F.);
#626=ORIENTED_EDGE('',*,*,#3776,.F.);
#627=ORIENTED_EDGE('',*,*,#3777,.F.);
#628=ORIENTED_EDGE('',*,*,#3778,.F.);
#629=ORIENTED_EDGE('',*,*,#3779,.F.);
#630=ORIENTED_EDGE('',*,*,#3780,.F.);
#631=ORIENTED_EDGE('',*,*,#3781,.F.);
#632=ORIENTED_EDGE('',*,*,#3782,.F.);
#633=ORIENTED_EDGE('',*,*,#3783,.F.);
#634=ORIENTED_EDGE('',*,*,#3784,.F.);
#635=ORIENTED_EDGE('',*,*,#3785,.F.);
#636=ORIENTED_EDGE('',*,*,#3786,.F.);
#637=ORIENTED_EDGE('',*,*,#3787,.F.);
#638=ORIENTED_EDGE('',*,*,#3788,.F.);
#639=ORIENTED_EDGE('',*,*,#3789,.F.);
#640=ORIENTED_EDGE('',*,*,#3790,.F.);
#641=ORIENTED_EDGE('',*,*,#3791,.F.);
#642=ORIENTED_EDGE('',*,*,#3792,.F.);
#643=ORIENTED_EDGE('',*,*,#3793,.F.);
#644=ORIENTED_EDGE('',*,*,#3794,.F.);
#645=ORIENTED_EDGE('',*,*,#3795,.F.);
#646=ORIENTED_EDGE('',*,*,#3796,.F.);
#647=ORIENTED_EDGE('',*,*,#3797,.F.);
#648=ORIENTED_EDGE('',*,*,#3798,.F.);
#649=ORIENTED_EDGE('',*,*,#3799,.F.);
#650=ORIENTED_EDGE('',*,*,#3800,.F.);
#651=ORIENTED_EDGE('',*,*,#3801,.F.);
#652=ORIENTED_EDGE('',*,*,#3802,.F.);
#653=ORIENTED_EDGE('',*,*,#3803,.F.);
#654=ORIENTED_EDGE('',*,*,#3804,.F.);
#655=ORIENTED_EDGE('',*,*,#3805,.F.);
#656=ORIENTED_EDGE('',*,*,#3806,.F.);
#657=ORIENTED_EDGE('',*,*,#3807,.F.);
#658=ORIENTED_EDGE('',*,*,#3808,.F.);
#659=ORIENTED_EDGE('',*,*,#3809,.F.);
#660=ORIENTED_EDGE('',*,*,#3810,.F.);
#661=ORIENTED_EDGE('',*,*,#3811,.F.);
#662=ORIENTED_EDGE('',*,*,#3812,.F.);
#663=ORIENTED_EDGE('',*,*,#3813,.F.);
#664=ORIENTED_EDGE('',*,*,#3814,.F.);
#665=ORIENTED_EDGE('',*,*,#3815,.F.);
#666=ORIENTED_EDGE('',*,*,#3816,.F.);
#667=ORIENTED_EDGE('',*,*,#3817,.F.);
#668=ORIENTED_EDGE('',*,*,#3818,.F.);
#669=ORIENTED_EDGE('',*,*,#3819,.F.);
#670=ORIENTED_EDGE('',*,*,#3820,.F.);
#671=ORIENTED_EDGE('',*,*,#3821,.F.);
#672=ORIENTED_EDGE('',*,*,#3822,.F.);
#673=ORIENTED_EDGE('',*,*,#3823,.F.);
#674=ORIENTED_EDGE('',*,*,#3824,.F.);
#675=ORIENTED_EDGE('',*,*,#3825,.F.);
#676=ORIENTED_EDGE('',*,*,#3826,.F.);
#677=ORIENTED_EDGE('',*,*,#3827,.F.);
#678=ORIENTED_EDGE('',*,*,#3828,.F.);
#679=ORIENTED_EDGE('',*,*,#3829,.F.);
#680=ORIENTED_EDGE('',*,*,#3830,.F.);
#681=ORIENTED_EDGE('',*,*,#3831,.F.);
#682=ORIENTED_EDGE('',*,*,#3832,.F.);
#683=ORIENTED_EDGE('',*,*,#3833,.F.);
#684=ORIENTED_EDGE('',*,*,#3834,.F.);
#685=ORIENTED_EDGE('',*,*,#3835,.F.);
#686=ORIENTED_EDGE('',*,*,#3836,.F.);
#687=ORIENTED_EDGE('',*,*,#3837,.F.);
#688=ORIENTED_EDGE('',*,*,#3838,.F.);
#689=ORIENTED_EDGE('',*,*,#3839,.F.);
#690=ORIENTED_EDGE('',*,*,#3840,.F.);
#691=ORIENTED_EDGE('',*,*,#3841,.F.);
#692=ORIENTED_EDGE('',*,*,#3842,.F.);
#693=ORIENTED_EDGE('',*,*,#3843,.F.);
#694=ORIENTED_EDGE('',*,*,#3844,.F.);
#695=ORIENTED_EDGE('',*,*,#3845,.F.);
#696=ORIENTED_EDGE('',*,*,#3846,.F.);
#697=ORIENTED_EDGE('',*,*,#3847,.F.);
#698=ORIENTED_EDGE('',*,*,#3848,.F.);
#699=ORIENTED_EDGE('',*,*,#3849,.F.);
#700=ORIENTED_EDGE('',*,*,#3850,.F.);
#701=ORIENTED_EDGE('',*,*,#3851,.F.);
#702=ORIENTED_EDGE('',*,*,#3852,.F.);
#703=ORIENTED_EDGE('',*,*,#3853,.F.);
#704=ORIENTED_EDGE('',*,*,#3854,.F.);
#705=ORIENTED_EDGE('',*,*,#3855,.F.);
#706=ORIENTED_EDGE('',*,*,#3856,.F.);
#707=ORIENTED_EDGE('',*,*,#3857,.F.);
#708=ORIENTED_EDGE('',*,*,#3858,.F.);
#709=ORIENTED_EDGE('',*,*,#3859,.F.);
#710=ORIENTED_EDGE('',*,*,#3860,.F.);
#711=ORIENTED_EDGE('',*,*,#3861,.F.);
#712=ORIENTED_EDGE('',*,*,#3862,.F.);
#713=ORIENTED_EDGE('',*,*,#3863,.F.);
#714=ORIENTED_EDGE('',*,*,#3864,.F.);
#715=ORIENTED_EDGE('',*,*,#3865,.F.);
#716=ORIENTED_EDGE('',*,*,#3866,.F.);
#717=ORIENTED_EDGE('',*,*,#3867,.F.);
#718=ORIENTED_EDGE('',*,*,#3868,.F.);
#719=ORIENTED_EDGE('',*,*,#3869,.F.);
#720=ORIENTED_EDGE('',*,*,#3870,.F.);
#721=ORIENTED_EDGE('',*,*,#3871,.F.);
#722=ORIENTED_EDGE('',*,*,#3872,.F.);
#723=ORIENTED_EDGE('',*,*,#3873,.F.);
#724=ORIENTED_EDGE('',*,*,#3874,.F.);
#725=ORIENTED_EDGE('',*,*,#3875,.F.);
#726=ORIENTED_EDGE('',*,*,#3876,.F.);
#727=ORIENTED_EDGE('',*,*,#3877,.F.);
#728=ORIENTED_EDGE('',*,*,#3878,.F.);
#729=ORIENTED_EDGE('',*,*,#3879,.F.);
#730=ORIENTED_EDGE('',*,*,#3880,.F.);
#731=ORIENTED_EDGE('',*,*,#3881,.F.);
#732=ORIENTED_EDGE('',*,*,#3882,.F.);
#733=ORIENTED_EDGE('',*,*,#3883,.F.);
#734=ORIENTED_EDGE('',*,*,#3884,.F.);
#735=ORIENTED_EDGE('',*,*,#3885,.F.);
#736=ORIENTED_EDGE('',*,*,#3886,.F.);
#737=ORIENTED_EDGE('',*,*,#3887,.F.);
#738=ORIENTED_EDGE('',*,*,#3888,.F.);
#739=ORIENTED_EDGE('',*,*,#3889,.F.);
#740=ORIENTED_EDGE('',*,*,#3890,.F.);
#741=ORIENTED_EDGE('',*,*,#3891,.F.);
#742=ORIENTED_EDGE('',*,*,#3892,.F.);
#743=ORIENTED_EDGE('',*,*,#3893,.F.);
#744=ORIENTED_EDGE('',*,*,#3894,.F.);
#745=ORIENTED_EDGE('',*,*,#3895,.F.);
#746=ORIENTED_EDGE('',*,*,#3896,.F.);
#747=ORIENTED_EDGE('',*,*,#3897,.F.);
#748=ORIENTED_EDGE('',*,*,#3898,.F.);
#749=ORIENTED_EDGE('',*,*,#3899,.F.);
#750=ORIENTED_EDGE('',*,*,#3900,.F.);
#751=ORIENTED_EDGE('',*,*,#3901,.F.);
#752=ORIENTED_EDGE('',*,*,#3902,.F.);
#753=ORIENTED_EDGE('',*,*,#3903,.F.);
#754=ORIENTED_EDGE('',*,*,#3904,.F.);
#755=ORIENTED_EDGE('',*,*,#3905,.F.);
#756=ORIENTED_EDGE('',*,*,#3906,.F.);
#757=ORIENTED_EDGE('',*,*,#3907,.F.);
#758=ORIENTED_EDGE('',*,*,#3908,.F.);
#759=ORIENTED_EDGE('',*,*,#3909,.F.);
#760=ORIENTED_EDGE('',*,*,#3910,.F.);
#761=ORIENTED_EDGE('',*,*,#3911,.F.);
#762=ORIENTED_EDGE('',*,*,#3912,.F.);
#763=ORIENTED_EDGE('',*,*,#3913,.F.);
#764=ORIENTED_EDGE('',*,*,#3914,.F.);
#765=ORIENTED_EDGE('',*,*,#3915,.F.);
#766=ORIENTED_EDGE('',*,*,#3916,.F.);
#767=ORIENTED_EDGE('',*,*,#3917,.F.);
#768=ORIENTED_EDGE('',*,*,#3918,.F.);
#769=ORIENTED_EDGE('',*,*,#3919,.F.);
#770=ORIENTED_EDGE('',*,*,#3920,.F.);
#771=ORIENTED_EDGE('',*,*,#3921,.F.);
#772=ORIENTED_EDGE('',*,*,#3922,.F.);
#773=ORIENTED_EDGE('',*,*,#3923,.F.);
#774=ORIENTED_EDGE('',*,*,#3924,.F.);
#775=ORIENTED_EDGE('',*,*,#3925,.F.);
#776=ORIENTED_EDGE('',*,*,#3926,.F.);
#777=ORIENTED_EDGE('',*,*,#3329,.T.);
#778=ORIENTED_EDGE('',*,*,#3927,.T.);
#779=ORIENTED_EDGE('',*,*,#3928,.F.);
#780=ORIENTED_EDGE('',*,*,#3929,.T.);
#781=ORIENTED_EDGE('',*,*,#3930,.F.);
#782=ORIENTED_EDGE('',*,*,#3309,.T.);
#783=ORIENTED_EDGE('',*,*,#3201,.T.);
#784=ORIENTED_EDGE('',*,*,#3931,.F.);
#785=ORIENTED_EDGE('',*,*,#3932,.F.);
#786=ORIENTED_EDGE('',*,*,#3310,.T.);
#787=ORIENTED_EDGE('',*,*,#3932,.T.);
#788=ORIENTED_EDGE('',*,*,#3933,.F.);
#789=ORIENTED_EDGE('',*,*,#3934,.F.);
#790=ORIENTED_EDGE('',*,*,#3311,.T.);
#791=ORIENTED_EDGE('',*,*,#3934,.T.);
#792=ORIENTED_EDGE('',*,*,#3935,.F.);
#793=ORIENTED_EDGE('',*,*,#3936,.F.);
#794=ORIENTED_EDGE('',*,*,#3312,.T.);
#795=ORIENTED_EDGE('',*,*,#3936,.T.);
#796=ORIENTED_EDGE('',*,*,#3937,.F.);
#797=ORIENTED_EDGE('',*,*,#3938,.F.);
#798=ORIENTED_EDGE('',*,*,#3313,.T.);
#799=ORIENTED_EDGE('',*,*,#3938,.T.);
#800=ORIENTED_EDGE('',*,*,#3939,.F.);
#801=ORIENTED_EDGE('',*,*,#3940,.F.);
#802=ORIENTED_EDGE('',*,*,#3314,.T.);
#803=ORIENTED_EDGE('',*,*,#3940,.T.);
#804=ORIENTED_EDGE('',*,*,#3941,.F.);
#805=ORIENTED_EDGE('',*,*,#3942,.F.);
#806=ORIENTED_EDGE('',*,*,#3315,.T.);
#807=ORIENTED_EDGE('',*,*,#3942,.T.);
#808=ORIENTED_EDGE('',*,*,#3943,.F.);
#809=ORIENTED_EDGE('',*,*,#3944,.F.);
#810=ORIENTED_EDGE('',*,*,#3316,.T.);
#811=ORIENTED_EDGE('',*,*,#3944,.T.);
#812=ORIENTED_EDGE('',*,*,#3945,.F.);
#813=ORIENTED_EDGE('',*,*,#3946,.F.);
#814=ORIENTED_EDGE('',*,*,#3317,.T.);
#815=ORIENTED_EDGE('',*,*,#3946,.T.);
#816=ORIENTED_EDGE('',*,*,#3947,.F.);
#817=ORIENTED_EDGE('',*,*,#3948,.F.);
#818=ORIENTED_EDGE('',*,*,#3318,.T.);
#819=ORIENTED_EDGE('',*,*,#3948,.T.);
#820=ORIENTED_EDGE('',*,*,#3949,.F.);
#821=ORIENTED_EDGE('',*,*,#3950,.F.);
#822=ORIENTED_EDGE('',*,*,#3319,.T.);
#823=ORIENTED_EDGE('',*,*,#3950,.T.);
#824=ORIENTED_EDGE('',*,*,#3951,.F.);
#825=ORIENTED_EDGE('',*,*,#3952,.F.);
#826=ORIENTED_EDGE('',*,*,#3320,.T.);
#827=ORIENTED_EDGE('',*,*,#3952,.T.);
#828=ORIENTED_EDGE('',*,*,#3953,.F.);
#829=ORIENTED_EDGE('',*,*,#3954,.F.);
#830=ORIENTED_EDGE('',*,*,#3321,.T.);
#831=ORIENTED_EDGE('',*,*,#3954,.T.);
#832=ORIENTED_EDGE('',*,*,#3955,.F.);
#833=ORIENTED_EDGE('',*,*,#3956,.F.);
#834=ORIENTED_EDGE('',*,*,#3322,.T.);
#835=ORIENTED_EDGE('',*,*,#3956,.T.);
#836=ORIENTED_EDGE('',*,*,#3957,.F.);
#837=ORIENTED_EDGE('',*,*,#3219,.F.);
#838=ORIENTED_EDGE('',*,*,#3323,.T.);
#839=ORIENTED_EDGE('',*,*,#3222,.T.);
#840=ORIENTED_EDGE('',*,*,#3958,.F.);
#841=ORIENTED_EDGE('',*,*,#3959,.F.);
#842=ORIENTED_EDGE('',*,*,#3324,.T.);
#843=ORIENTED_EDGE('',*,*,#3959,.T.);
#844=ORIENTED_EDGE('',*,*,#3960,.F.);
#845=ORIENTED_EDGE('',*,*,#3961,.F.);
#846=ORIENTED_EDGE('',*,*,#3325,.T.);
#847=ORIENTED_EDGE('',*,*,#3961,.T.);
#848=ORIENTED_EDGE('',*,*,#3962,.F.);
#849=ORIENTED_EDGE('',*,*,#3963,.F.);
#850=ORIENTED_EDGE('',*,*,#3326,.T.);
#851=ORIENTED_EDGE('',*,*,#3963,.T.);
#852=ORIENTED_EDGE('',*,*,#3964,.F.);
#853=ORIENTED_EDGE('',*,*,#3965,.F.);
#854=ORIENTED_EDGE('',*,*,#3327,.T.);
#855=ORIENTED_EDGE('',*,*,#3965,.T.);
#856=ORIENTED_EDGE('',*,*,#3966,.F.);
#857=ORIENTED_EDGE('',*,*,#3967,.F.);
#858=ORIENTED_EDGE('',*,*,#3328,.T.);
#859=ORIENTED_EDGE('',*,*,#3967,.T.);
#860=ORIENTED_EDGE('',*,*,#3968,.F.);
#861=ORIENTED_EDGE('',*,*,#3927,.F.);
#862=ORIENTED_EDGE('',*,*,#3330,.T.);
#863=ORIENTED_EDGE('',*,*,#3930,.T.);
#864=ORIENTED_EDGE('',*,*,#3969,.T.);
#865=ORIENTED_EDGE('',*,*,#3970,.F.);
#866=ORIENTED_EDGE('',*,*,#3971,.F.);
#867=ORIENTED_EDGE('',*,*,#3331,.T.);
#868=ORIENTED_EDGE('',*,*,#3971,.T.);
#869=ORIENTED_EDGE('',*,*,#3972,.F.);
#870=ORIENTED_EDGE('',*,*,#3973,.F.);
#871=ORIENTED_EDGE('',*,*,#3332,.T.);
#872=ORIENTED_EDGE('',*,*,#3973,.T.);
#873=ORIENTED_EDGE('',*,*,#3974,.F.);
#874=ORIENTED_EDGE('',*,*,#3975,.F.);
#875=ORIENTED_EDGE('',*,*,#3333,.T.);
#876=ORIENTED_EDGE('',*,*,#3975,.T.);
#877=ORIENTED_EDGE('',*,*,#3976,.F.);
#878=ORIENTED_EDGE('',*,*,#3977,.F.);
#879=ORIENTED_EDGE('',*,*,#3334,.T.);
#880=ORIENTED_EDGE('',*,*,#3977,.T.);
#881=ORIENTED_EDGE('',*,*,#3978,.F.);
#882=ORIENTED_EDGE('',*,*,#3979,.F.);
#883=ORIENTED_EDGE('',*,*,#3335,.T.);
#884=ORIENTED_EDGE('',*,*,#3979,.T.);
#885=ORIENTED_EDGE('',*,*,#3980,.F.);
#886=ORIENTED_EDGE('',*,*,#3981,.F.);
#887=ORIENTED_EDGE('',*,*,#3336,.T.);
#888=ORIENTED_EDGE('',*,*,#3981,.T.);
#889=ORIENTED_EDGE('',*,*,#3982,.F.);
#890=ORIENTED_EDGE('',*,*,#3983,.F.);
#891=ORIENTED_EDGE('',*,*,#3337,.T.);
#892=ORIENTED_EDGE('',*,*,#3983,.T.);
#893=ORIENTED_EDGE('',*,*,#3984,.F.);
#894=ORIENTED_EDGE('',*,*,#3985,.F.);
#895=ORIENTED_EDGE('',*,*,#3338,.T.);
#896=ORIENTED_EDGE('',*,*,#3985,.T.);
#897=ORIENTED_EDGE('',*,*,#3986,.F.);
#898=ORIENTED_EDGE('',*,*,#3987,.F.);
#899=ORIENTED_EDGE('',*,*,#3339,.T.);
#900=ORIENTED_EDGE('',*,*,#3987,.T.);
#901=ORIENTED_EDGE('',*,*,#3988,.F.);
#902=ORIENTED_EDGE('',*,*,#3989,.F.);
#903=ORIENTED_EDGE('',*,*,#3340,.T.);
#904=ORIENTED_EDGE('',*,*,#3989,.T.);
#905=ORIENTED_EDGE('',*,*,#3990,.F.);
#906=ORIENTED_EDGE('',*,*,#3991,.F.);
#907=ORIENTED_EDGE('',*,*,#3341,.T.);
#908=ORIENTED_EDGE('',*,*,#3991,.T.);
#909=ORIENTED_EDGE('',*,*,#3992,.F.);
#910=ORIENTED_EDGE('',*,*,#3993,.F.);
#911=ORIENTED_EDGE('',*,*,#3342,.T.);
#912=ORIENTED_EDGE('',*,*,#3993,.T.);
#913=ORIENTED_EDGE('',*,*,#3994,.F.);
#914=ORIENTED_EDGE('',*,*,#3995,.F.);
#915=ORIENTED_EDGE('',*,*,#3343,.T.);
#916=ORIENTED_EDGE('',*,*,#3995,.T.);
#917=ORIENTED_EDGE('',*,*,#3996,.F.);
#918=ORIENTED_EDGE('',*,*,#3997,.F.);
#919=ORIENTED_EDGE('',*,*,#3344,.T.);
#920=ORIENTED_EDGE('',*,*,#3997,.T.);
#921=ORIENTED_EDGE('',*,*,#3998,.F.);
#922=ORIENTED_EDGE('',*,*,#3999,.F.);
#923=ORIENTED_EDGE('',*,*,#3345,.T.);
#924=ORIENTED_EDGE('',*,*,#3999,.T.);
#925=ORIENTED_EDGE('',*,*,#4000,.F.);
#926=ORIENTED_EDGE('',*,*,#4001,.F.);
#927=ORIENTED_EDGE('',*,*,#3346,.T.);
#928=ORIENTED_EDGE('',*,*,#4001,.T.);
#929=ORIENTED_EDGE('',*,*,#4002,.F.);
#930=ORIENTED_EDGE('',*,*,#4003,.F.);
#931=ORIENTED_EDGE('',*,*,#3347,.T.);
#932=ORIENTED_EDGE('',*,*,#4003,.T.);
#933=ORIENTED_EDGE('',*,*,#4004,.F.);
#934=ORIENTED_EDGE('',*,*,#4005,.F.);
#935=ORIENTED_EDGE('',*,*,#3348,.T.);
#936=ORIENTED_EDGE('',*,*,#4005,.T.);
#937=ORIENTED_EDGE('',*,*,#4006,.F.);
#938=ORIENTED_EDGE('',*,*,#4007,.F.);
#939=ORIENTED_EDGE('',*,*,#3349,.T.);
#940=ORIENTED_EDGE('',*,*,#4007,.T.);
#941=ORIENTED_EDGE('',*,*,#4008,.F.);
#942=ORIENTED_EDGE('',*,*,#4009,.F.);
#943=ORIENTED_EDGE('',*,*,#3350,.T.);
#944=ORIENTED_EDGE('',*,*,#4009,.T.);
#945=ORIENTED_EDGE('',*,*,#4010,.F.);
#946=ORIENTED_EDGE('',*,*,#4011,.F.);
#947=ORIENTED_EDGE('',*,*,#3351,.T.);
#948=ORIENTED_EDGE('',*,*,#4011,.T.);
#949=ORIENTED_EDGE('',*,*,#4012,.F.);
#950=ORIENTED_EDGE('',*,*,#4013,.F.);
#951=ORIENTED_EDGE('',*,*,#3352,.T.);
#952=ORIENTED_EDGE('',*,*,#4013,.T.);
#953=ORIENTED_EDGE('',*,*,#4014,.F.);
#954=ORIENTED_EDGE('',*,*,#4015,.F.);
#955=ORIENTED_EDGE('',*,*,#3353,.T.);
#956=ORIENTED_EDGE('',*,*,#4015,.T.);
#957=ORIENTED_EDGE('',*,*,#4016,.F.);
#958=ORIENTED_EDGE('',*,*,#4017,.F.);
#959=ORIENTED_EDGE('',*,*,#3354,.T.);
#960=ORIENTED_EDGE('',*,*,#4017,.T.);
#961=ORIENTED_EDGE('',*,*,#4018,.F.);
#962=ORIENTED_EDGE('',*,*,#4019,.F.);
#963=ORIENTED_EDGE('',*,*,#3355,.T.);
#964=ORIENTED_EDGE('',*,*,#4019,.T.);
#965=ORIENTED_EDGE('',*,*,#4020,.F.);
#966=ORIENTED_EDGE('',*,*,#4021,.F.);
#967=ORIENTED_EDGE('',*,*,#3356,.T.);
#968=ORIENTED_EDGE('',*,*,#4021,.T.);
#969=ORIENTED_EDGE('',*,*,#4022,.F.);
#970=ORIENTED_EDGE('',*,*,#4023,.F.);
#971=ORIENTED_EDGE('',*,*,#3357,.T.);
#972=ORIENTED_EDGE('',*,*,#4023,.T.);
#973=ORIENTED_EDGE('',*,*,#4024,.F.);
#974=ORIENTED_EDGE('',*,*,#4025,.F.);
#975=ORIENTED_EDGE('',*,*,#3358,.T.);
#976=ORIENTED_EDGE('',*,*,#4025,.T.);
#977=ORIENTED_EDGE('',*,*,#4026,.F.);
#978=ORIENTED_EDGE('',*,*,#4027,.F.);
#979=ORIENTED_EDGE('',*,*,#3359,.T.);
#980=ORIENTED_EDGE('',*,*,#4027,.T.);
#981=ORIENTED_EDGE('',*,*,#4028,.F.);
#982=ORIENTED_EDGE('',*,*,#4029,.F.);
#983=ORIENTED_EDGE('',*,*,#3360,.T.);
#984=ORIENTED_EDGE('',*,*,#4029,.T.);
#985=ORIENTED_EDGE('',*,*,#4030,.F.);
#986=ORIENTED_EDGE('',*,*,#4031,.F.);
#987=ORIENTED_EDGE('',*,*,#3361,.T.);
#988=ORIENTED_EDGE('',*,*,#4031,.T.);
#989=ORIENTED_EDGE('',*,*,#4032,.F.);
#990=ORIENTED_EDGE('',*,*,#4033,.F.);
#991=ORIENTED_EDGE('',*,*,#3362,.T.);
#992=ORIENTED_EDGE('',*,*,#4033,.T.);
#993=ORIENTED_EDGE('',*,*,#4034,.F.);
#994=ORIENTED_EDGE('',*,*,#4035,.F.);
#995=ORIENTED_EDGE('',*,*,#3363,.T.);
#996=ORIENTED_EDGE('',*,*,#4035,.T.);
#997=ORIENTED_EDGE('',*,*,#4036,.F.);
#998=ORIENTED_EDGE('',*,*,#4037,.F.);
#999=ORIENTED_EDGE('',*,*,#3364,.T.);
#1000=ORIENTED_EDGE('',*,*,#4037,.T.);
#1001=ORIENTED_EDGE('',*,*,#4038,.F.);
#1002=ORIENTED_EDGE('',*,*,#4039,.F.);
#1003=ORIENTED_EDGE('',*,*,#3365,.T.);
#1004=ORIENTED_EDGE('',*,*,#4039,.T.);
#1005=ORIENTED_EDGE('',*,*,#4040,.F.);
#1006=ORIENTED_EDGE('',*,*,#4041,.F.);
#1007=ORIENTED_EDGE('',*,*,#3366,.T.);
#1008=ORIENTED_EDGE('',*,*,#4041,.T.);
#1009=ORIENTED_EDGE('',*,*,#4042,.F.);
#1010=ORIENTED_EDGE('',*,*,#4043,.F.);
#1011=ORIENTED_EDGE('',*,*,#3367,.T.);
#1012=ORIENTED_EDGE('',*,*,#4043,.T.);
#1013=ORIENTED_EDGE('',*,*,#4044,.F.);
#1014=ORIENTED_EDGE('',*,*,#4045,.F.);
#1015=ORIENTED_EDGE('',*,*,#3368,.T.);
#1016=ORIENTED_EDGE('',*,*,#4045,.T.);
#1017=ORIENTED_EDGE('',*,*,#4046,.F.);
#1018=ORIENTED_EDGE('',*,*,#4047,.F.);
#1019=ORIENTED_EDGE('',*,*,#3369,.T.);
#1020=ORIENTED_EDGE('',*,*,#4047,.T.);
#1021=ORIENTED_EDGE('',*,*,#4048,.F.);
#1022=ORIENTED_EDGE('',*,*,#4049,.F.);
#1023=ORIENTED_EDGE('',*,*,#3370,.T.);
#1024=ORIENTED_EDGE('',*,*,#4049,.T.);
#1025=ORIENTED_EDGE('',*,*,#4050,.F.);
#1026=ORIENTED_EDGE('',*,*,#4051,.F.);
#1027=ORIENTED_EDGE('',*,*,#3371,.T.);
#1028=ORIENTED_EDGE('',*,*,#4051,.T.);
#1029=ORIENTED_EDGE('',*,*,#4052,.F.);
#1030=ORIENTED_EDGE('',*,*,#4053,.F.);
#1031=ORIENTED_EDGE('',*,*,#3372,.T.);
#1032=ORIENTED_EDGE('',*,*,#4053,.T.);
#1033=ORIENTED_EDGE('',*,*,#4054,.F.);
#1034=ORIENTED_EDGE('',*,*,#4055,.F.);
#1035=ORIENTED_EDGE('',*,*,#3373,.T.);
#1036=ORIENTED_EDGE('',*,*,#4055,.T.);
#1037=ORIENTED_EDGE('',*,*,#4056,.F.);
#1038=ORIENTED_EDGE('',*,*,#4057,.F.);
#1039=ORIENTED_EDGE('',*,*,#3374,.T.);
#1040=ORIENTED_EDGE('',*,*,#4057,.T.);
#1041=ORIENTED_EDGE('',*,*,#4058,.F.);
#1042=ORIENTED_EDGE('',*,*,#4059,.F.);
#1043=ORIENTED_EDGE('',*,*,#3375,.T.);
#1044=ORIENTED_EDGE('',*,*,#4059,.T.);
#1045=ORIENTED_EDGE('',*,*,#4060,.F.);
#1046=ORIENTED_EDGE('',*,*,#4061,.F.);
#1047=ORIENTED_EDGE('',*,*,#3376,.T.);
#1048=ORIENTED_EDGE('',*,*,#4061,.T.);
#1049=ORIENTED_EDGE('',*,*,#4062,.F.);
#1050=ORIENTED_EDGE('',*,*,#4063,.F.);
#1051=ORIENTED_EDGE('',*,*,#3377,.T.);
#1052=ORIENTED_EDGE('',*,*,#4063,.T.);
#1053=ORIENTED_EDGE('',*,*,#4064,.F.);
#1054=ORIENTED_EDGE('',*,*,#4065,.F.);
#1055=ORIENTED_EDGE('',*,*,#3378,.T.);
#1056=ORIENTED_EDGE('',*,*,#4065,.T.);
#1057=ORIENTED_EDGE('',*,*,#4066,.F.);
#1058=ORIENTED_EDGE('',*,*,#4067,.F.);
#1059=ORIENTED_EDGE('',*,*,#3379,.T.);
#1060=ORIENTED_EDGE('',*,*,#4067,.T.);
#1061=ORIENTED_EDGE('',*,*,#4068,.F.);
#1062=ORIENTED_EDGE('',*,*,#4069,.F.);
#1063=ORIENTED_EDGE('',*,*,#3380,.T.);
#1064=ORIENTED_EDGE('',*,*,#4069,.T.);
#1065=ORIENTED_EDGE('',*,*,#4070,.F.);
#1066=ORIENTED_EDGE('',*,*,#4071,.F.);
#1067=ORIENTED_EDGE('',*,*,#3381,.T.);
#1068=ORIENTED_EDGE('',*,*,#4071,.T.);
#1069=ORIENTED_EDGE('',*,*,#4072,.F.);
#1070=ORIENTED_EDGE('',*,*,#4073,.F.);
#1071=ORIENTED_EDGE('',*,*,#3382,.T.);
#1072=ORIENTED_EDGE('',*,*,#4073,.T.);
#1073=ORIENTED_EDGE('',*,*,#4074,.F.);
#1074=ORIENTED_EDGE('',*,*,#4075,.F.);
#1075=ORIENTED_EDGE('',*,*,#3383,.T.);
#1076=ORIENTED_EDGE('',*,*,#4075,.T.);
#1077=ORIENTED_EDGE('',*,*,#4076,.F.);
#1078=ORIENTED_EDGE('',*,*,#4077,.F.);
#1079=ORIENTED_EDGE('',*,*,#3384,.T.);
#1080=ORIENTED_EDGE('',*,*,#4077,.T.);
#1081=ORIENTED_EDGE('',*,*,#4078,.F.);
#1082=ORIENTED_EDGE('',*,*,#4079,.F.);
#1083=ORIENTED_EDGE('',*,*,#3385,.T.);
#1084=ORIENTED_EDGE('',*,*,#4079,.T.);
#1085=ORIENTED_EDGE('',*,*,#4080,.F.);
#1086=ORIENTED_EDGE('',*,*,#4081,.F.);
#1087=ORIENTED_EDGE('',*,*,#3386,.T.);
#1088=ORIENTED_EDGE('',*,*,#4081,.T.);
#1089=ORIENTED_EDGE('',*,*,#4082,.F.);
#1090=ORIENTED_EDGE('',*,*,#4083,.F.);
#1091=ORIENTED_EDGE('',*,*,#3387,.T.);
#1092=ORIENTED_EDGE('',*,*,#4083,.T.);
#1093=ORIENTED_EDGE('',*,*,#4084,.F.);
#1094=ORIENTED_EDGE('',*,*,#4085,.F.);
#1095=ORIENTED_EDGE('',*,*,#3388,.T.);
#1096=ORIENTED_EDGE('',*,*,#4085,.T.);
#1097=ORIENTED_EDGE('',*,*,#4086,.F.);
#1098=ORIENTED_EDGE('',*,*,#4087,.F.);
#1099=ORIENTED_EDGE('',*,*,#3389,.T.);
#1100=ORIENTED_EDGE('',*,*,#4087,.T.);
#1101=ORIENTED_EDGE('',*,*,#4088,.F.);
#1102=ORIENTED_EDGE('',*,*,#4089,.F.);
#1103=ORIENTED_EDGE('',*,*,#3390,.T.);
#1104=ORIENTED_EDGE('',*,*,#4089,.T.);
#1105=ORIENTED_EDGE('',*,*,#4090,.F.);
#1106=ORIENTED_EDGE('',*,*,#4091,.F.);
#1107=ORIENTED_EDGE('',*,*,#3391,.T.);
#1108=ORIENTED_EDGE('',*,*,#4091,.T.);
#1109=ORIENTED_EDGE('',*,*,#4092,.F.);
#1110=ORIENTED_EDGE('',*,*,#4093,.F.);
#1111=ORIENTED_EDGE('',*,*,#3392,.T.);
#1112=ORIENTED_EDGE('',*,*,#4093,.T.);
#1113=ORIENTED_EDGE('',*,*,#4094,.F.);
#1114=ORIENTED_EDGE('',*,*,#4095,.F.);
#1115=ORIENTED_EDGE('',*,*,#3393,.T.);
#1116=ORIENTED_EDGE('',*,*,#4095,.T.);
#1117=ORIENTED_EDGE('',*,*,#4096,.F.);
#1118=ORIENTED_EDGE('',*,*,#4097,.F.);
#1119=ORIENTED_EDGE('',*,*,#3394,.T.);
#1120=ORIENTED_EDGE('',*,*,#4097,.T.);
#1121=ORIENTED_EDGE('',*,*,#4098,.F.);
#1122=ORIENTED_EDGE('',*,*,#4099,.F.);
#1123=ORIENTED_EDGE('',*,*,#3395,.T.);
#1124=ORIENTED_EDGE('',*,*,#4099,.T.);
#1125=ORIENTED_EDGE('',*,*,#4100,.F.);
#1126=ORIENTED_EDGE('',*,*,#4101,.F.);
#1127=ORIENTED_EDGE('',*,*,#3396,.T.);
#1128=ORIENTED_EDGE('',*,*,#4101,.T.);
#1129=ORIENTED_EDGE('',*,*,#4102,.F.);
#1130=ORIENTED_EDGE('',*,*,#4103,.F.);
#1131=ORIENTED_EDGE('',*,*,#3397,.T.);
#1132=ORIENTED_EDGE('',*,*,#4103,.T.);
#1133=ORIENTED_EDGE('',*,*,#4104,.F.);
#1134=ORIENTED_EDGE('',*,*,#4105,.F.);
#1135=ORIENTED_EDGE('',*,*,#3398,.T.);
#1136=ORIENTED_EDGE('',*,*,#4105,.T.);
#1137=ORIENTED_EDGE('',*,*,#4106,.F.);
#1138=ORIENTED_EDGE('',*,*,#4107,.F.);
#1139=ORIENTED_EDGE('',*,*,#3399,.T.);
#1140=ORIENTED_EDGE('',*,*,#4107,.T.);
#1141=ORIENTED_EDGE('',*,*,#4108,.F.);
#1142=ORIENTED_EDGE('',*,*,#4109,.F.);
#1143=ORIENTED_EDGE('',*,*,#3400,.T.);
#1144=ORIENTED_EDGE('',*,*,#4109,.T.);
#1145=ORIENTED_EDGE('',*,*,#4110,.F.);
#1146=ORIENTED_EDGE('',*,*,#4111,.F.);
#1147=ORIENTED_EDGE('',*,*,#3401,.T.);
#1148=ORIENTED_EDGE('',*,*,#4111,.T.);
#1149=ORIENTED_EDGE('',*,*,#4112,.F.);
#1150=ORIENTED_EDGE('',*,*,#4113,.F.);
#1151=ORIENTED_EDGE('',*,*,#3402,.T.);
#1152=ORIENTED_EDGE('',*,*,#4113,.T.);
#1153=ORIENTED_EDGE('',*,*,#4114,.F.);
#1154=ORIENTED_EDGE('',*,*,#4115,.F.);
#1155=ORIENTED_EDGE('',*,*,#3403,.T.);
#1156=ORIENTED_EDGE('',*,*,#4115,.T.);
#1157=ORIENTED_EDGE('',*,*,#4116,.F.);
#1158=ORIENTED_EDGE('',*,*,#4117,.F.);
#1159=ORIENTED_EDGE('',*,*,#3404,.T.);
#1160=ORIENTED_EDGE('',*,*,#4117,.T.);
#1161=ORIENTED_EDGE('',*,*,#4118,.F.);
#1162=ORIENTED_EDGE('',*,*,#4119,.F.);
#1163=ORIENTED_EDGE('',*,*,#3405,.T.);
#1164=ORIENTED_EDGE('',*,*,#4119,.T.);
#1165=ORIENTED_EDGE('',*,*,#4120,.F.);
#1166=ORIENTED_EDGE('',*,*,#4121,.F.);
#1167=ORIENTED_EDGE('',*,*,#3406,.T.);
#1168=ORIENTED_EDGE('',*,*,#4121,.T.);
#1169=ORIENTED_EDGE('',*,*,#4122,.F.);
#1170=ORIENTED_EDGE('',*,*,#4123,.F.);
#1171=ORIENTED_EDGE('',*,*,#3407,.T.);
#1172=ORIENTED_EDGE('',*,*,#4123,.T.);
#1173=ORIENTED_EDGE('',*,*,#4124,.F.);
#1174=ORIENTED_EDGE('',*,*,#4125,.F.);
#1175=ORIENTED_EDGE('',*,*,#3408,.T.);
#1176=ORIENTED_EDGE('',*,*,#4125,.T.);
#1177=ORIENTED_EDGE('',*,*,#4126,.F.);
#1178=ORIENTED_EDGE('',*,*,#4127,.T.);
#1179=ORIENTED_EDGE('',*,*,#4128,.F.);
#1180=ORIENTED_EDGE('',*,*,#3409,.T.);
#1181=ORIENTED_EDGE('',*,*,#4128,.T.);
#1182=ORIENTED_EDGE('',*,*,#4127,.F.);
#1183=ORIENTED_EDGE('',*,*,#4129,.F.);
#1184=ORIENTED_EDGE('',*,*,#4130,.F.);
#1185=ORIENTED_EDGE('',*,*,#3410,.T.);
#1186=ORIENTED_EDGE('',*,*,#4130,.T.);
#1187=ORIENTED_EDGE('',*,*,#4131,.F.);
#1188=ORIENTED_EDGE('',*,*,#4132,.F.);
#1189=ORIENTED_EDGE('',*,*,#3411,.T.);
#1190=ORIENTED_EDGE('',*,*,#4132,.T.);
#1191=ORIENTED_EDGE('',*,*,#4133,.F.);
#1192=ORIENTED_EDGE('',*,*,#4134,.F.);
#1193=ORIENTED_EDGE('',*,*,#3412,.T.);
#1194=ORIENTED_EDGE('',*,*,#4134,.T.);
#1195=ORIENTED_EDGE('',*,*,#4135,.F.);
#1196=ORIENTED_EDGE('',*,*,#4136,.F.);
#1197=ORIENTED_EDGE('',*,*,#3413,.T.);
#1198=ORIENTED_EDGE('',*,*,#4136,.T.);
#1199=ORIENTED_EDGE('',*,*,#4137,.F.);
#1200=ORIENTED_EDGE('',*,*,#4138,.F.);
#1201=ORIENTED_EDGE('',*,*,#3414,.T.);
#1202=ORIENTED_EDGE('',*,*,#4138,.T.);
#1203=ORIENTED_EDGE('',*,*,#4139,.F.);
#1204=ORIENTED_EDGE('',*,*,#4140,.F.);
#1205=ORIENTED_EDGE('',*,*,#3415,.T.);
#1206=ORIENTED_EDGE('',*,*,#4140,.T.);
#1207=ORIENTED_EDGE('',*,*,#4141,.F.);
#1208=ORIENTED_EDGE('',*,*,#4142,.F.);
#1209=ORIENTED_EDGE('',*,*,#3416,.T.);
#1210=ORIENTED_EDGE('',*,*,#4142,.T.);
#1211=ORIENTED_EDGE('',*,*,#4143,.F.);
#1212=ORIENTED_EDGE('',*,*,#4144,.F.);
#1213=ORIENTED_EDGE('',*,*,#3417,.T.);
#1214=ORIENTED_EDGE('',*,*,#4144,.T.);
#1215=ORIENTED_EDGE('',*,*,#4145,.F.);
#1216=ORIENTED_EDGE('',*,*,#4146,.F.);
#1217=ORIENTED_EDGE('',*,*,#3418,.T.);
#1218=ORIENTED_EDGE('',*,*,#4146,.T.);
#1219=ORIENTED_EDGE('',*,*,#4147,.F.);
#1220=ORIENTED_EDGE('',*,*,#4148,.F.);
#1221=ORIENTED_EDGE('',*,*,#3419,.T.);
#1222=ORIENTED_EDGE('',*,*,#4148,.T.);
#1223=ORIENTED_EDGE('',*,*,#4149,.F.);
#1224=ORIENTED_EDGE('',*,*,#4150,.F.);
#1225=ORIENTED_EDGE('',*,*,#3420,.T.);
#1226=ORIENTED_EDGE('',*,*,#4150,.T.);
#1227=ORIENTED_EDGE('',*,*,#4151,.F.);
#1228=ORIENTED_EDGE('',*,*,#4152,.F.);
#1229=ORIENTED_EDGE('',*,*,#3421,.T.);
#1230=ORIENTED_EDGE('',*,*,#4152,.T.);
#1231=ORIENTED_EDGE('',*,*,#4153,.F.);
#1232=ORIENTED_EDGE('',*,*,#4154,.F.);
#1233=ORIENTED_EDGE('',*,*,#3422,.T.);
#1234=ORIENTED_EDGE('',*,*,#4154,.T.);
#1235=ORIENTED_EDGE('',*,*,#4155,.F.);
#1236=ORIENTED_EDGE('',*,*,#4156,.F.);
#1237=ORIENTED_EDGE('',*,*,#3423,.T.);
#1238=ORIENTED_EDGE('',*,*,#4156,.T.);
#1239=ORIENTED_EDGE('',*,*,#4157,.F.);
#1240=ORIENTED_EDGE('',*,*,#4158,.F.);
#1241=ORIENTED_EDGE('',*,*,#3424,.T.);
#1242=ORIENTED_EDGE('',*,*,#4158,.T.);
#1243=ORIENTED_EDGE('',*,*,#4159,.F.);
#1244=ORIENTED_EDGE('',*,*,#4160,.F.);
#1245=ORIENTED_EDGE('',*,*,#3425,.T.);
#1246=ORIENTED_EDGE('',*,*,#4160,.T.);
#1247=ORIENTED_EDGE('',*,*,#4161,.F.);
#1248=ORIENTED_EDGE('',*,*,#4162,.F.);
#1249=ORIENTED_EDGE('',*,*,#3426,.T.);
#1250=ORIENTED_EDGE('',*,*,#4162,.T.);
#1251=ORIENTED_EDGE('',*,*,#4163,.F.);
#1252=ORIENTED_EDGE('',*,*,#4164,.F.);
#1253=ORIENTED_EDGE('',*,*,#3427,.T.);
#1254=ORIENTED_EDGE('',*,*,#4164,.T.);
#1255=ORIENTED_EDGE('',*,*,#4165,.F.);
#1256=ORIENTED_EDGE('',*,*,#4166,.F.);
#1257=ORIENTED_EDGE('',*,*,#3428,.T.);
#1258=ORIENTED_EDGE('',*,*,#4166,.T.);
#1259=ORIENTED_EDGE('',*,*,#4167,.F.);
#1260=ORIENTED_EDGE('',*,*,#4168,.F.);
#1261=ORIENTED_EDGE('',*,*,#3429,.T.);
#1262=ORIENTED_EDGE('',*,*,#4168,.T.);
#1263=ORIENTED_EDGE('',*,*,#4169,.F.);
#1264=ORIENTED_EDGE('',*,*,#4170,.F.);
#1265=ORIENTED_EDGE('',*,*,#3430,.T.);
#1266=ORIENTED_EDGE('',*,*,#4170,.T.);
#1267=ORIENTED_EDGE('',*,*,#4171,.F.);
#1268=ORIENTED_EDGE('',*,*,#4172,.F.);
#1269=ORIENTED_EDGE('',*,*,#3431,.T.);
#1270=ORIENTED_EDGE('',*,*,#4172,.T.);
#1271=ORIENTED_EDGE('',*,*,#4173,.F.);
#1272=ORIENTED_EDGE('',*,*,#4174,.F.);
#1273=ORIENTED_EDGE('',*,*,#3432,.T.);
#1274=ORIENTED_EDGE('',*,*,#4174,.T.);
#1275=ORIENTED_EDGE('',*,*,#4175,.F.);
#1276=ORIENTED_EDGE('',*,*,#4176,.F.);
#1277=ORIENTED_EDGE('',*,*,#3433,.T.);
#1278=ORIENTED_EDGE('',*,*,#4176,.T.);
#1279=ORIENTED_EDGE('',*,*,#4177,.F.);
#1280=ORIENTED_EDGE('',*,*,#4178,.F.);
#1281=ORIENTED_EDGE('',*,*,#3434,.T.);
#1282=ORIENTED_EDGE('',*,*,#4178,.T.);
#1283=ORIENTED_EDGE('',*,*,#4179,.F.);
#1284=ORIENTED_EDGE('',*,*,#4180,.F.);
#1285=ORIENTED_EDGE('',*,*,#3435,.T.);
#1286=ORIENTED_EDGE('',*,*,#4180,.T.);
#1287=ORIENTED_EDGE('',*,*,#4181,.F.);
#1288=ORIENTED_EDGE('',*,*,#4182,.F.);
#1289=ORIENTED_EDGE('',*,*,#3436,.T.);
#1290=ORIENTED_EDGE('',*,*,#4182,.T.);
#1291=ORIENTED_EDGE('',*,*,#4183,.F.);
#1292=ORIENTED_EDGE('',*,*,#4184,.F.);
#1293=ORIENTED_EDGE('',*,*,#3437,.T.);
#1294=ORIENTED_EDGE('',*,*,#4184,.T.);
#1295=ORIENTED_EDGE('',*,*,#4185,.F.);
#1296=ORIENTED_EDGE('',*,*,#4186,.F.);
#1297=ORIENTED_EDGE('',*,*,#3438,.T.);
#1298=ORIENTED_EDGE('',*,*,#4186,.T.);
#1299=ORIENTED_EDGE('',*,*,#4187,.F.);
#1300=ORIENTED_EDGE('',*,*,#4188,.F.);
#1301=ORIENTED_EDGE('',*,*,#3439,.T.);
#1302=ORIENTED_EDGE('',*,*,#4188,.T.);
#1303=ORIENTED_EDGE('',*,*,#4189,.F.);
#1304=ORIENTED_EDGE('',*,*,#4190,.F.);
#1305=ORIENTED_EDGE('',*,*,#3440,.T.);
#1306=ORIENTED_EDGE('',*,*,#4190,.T.);
#1307=ORIENTED_EDGE('',*,*,#4191,.F.);
#1308=ORIENTED_EDGE('',*,*,#4192,.F.);
#1309=ORIENTED_EDGE('',*,*,#3441,.T.);
#1310=ORIENTED_EDGE('',*,*,#4192,.T.);
#1311=ORIENTED_EDGE('',*,*,#4193,.F.);
#1312=ORIENTED_EDGE('',*,*,#4194,.F.);
#1313=ORIENTED_EDGE('',*,*,#3442,.T.);
#1314=ORIENTED_EDGE('',*,*,#4194,.T.);
#1315=ORIENTED_EDGE('',*,*,#4195,.F.);
#1316=ORIENTED_EDGE('',*,*,#4196,.F.);
#1317=ORIENTED_EDGE('',*,*,#3443,.T.);
#1318=ORIENTED_EDGE('',*,*,#4196,.T.);
#1319=ORIENTED_EDGE('',*,*,#4197,.F.);
#1320=ORIENTED_EDGE('',*,*,#4198,.F.);
#1321=ORIENTED_EDGE('',*,*,#3444,.T.);
#1322=ORIENTED_EDGE('',*,*,#4198,.T.);
#1323=ORIENTED_EDGE('',*,*,#4199,.F.);
#1324=ORIENTED_EDGE('',*,*,#4200,.F.);
#1325=ORIENTED_EDGE('',*,*,#3445,.T.);
#1326=ORIENTED_EDGE('',*,*,#4200,.T.);
#1327=ORIENTED_EDGE('',*,*,#4201,.F.);
#1328=ORIENTED_EDGE('',*,*,#4202,.F.);
#1329=ORIENTED_EDGE('',*,*,#3446,.T.);
#1330=ORIENTED_EDGE('',*,*,#4202,.T.);
#1331=ORIENTED_EDGE('',*,*,#4203,.F.);
#1332=ORIENTED_EDGE('',*,*,#4204,.F.);
#1333=ORIENTED_EDGE('',*,*,#3447,.T.);
#1334=ORIENTED_EDGE('',*,*,#4204,.T.);
#1335=ORIENTED_EDGE('',*,*,#4205,.F.);
#1336=ORIENTED_EDGE('',*,*,#4206,.F.);
#1337=ORIENTED_EDGE('',*,*,#3448,.T.);
#1338=ORIENTED_EDGE('',*,*,#4206,.T.);
#1339=ORIENTED_EDGE('',*,*,#4207,.F.);
#1340=ORIENTED_EDGE('',*,*,#4208,.F.);
#1341=ORIENTED_EDGE('',*,*,#3449,.T.);
#1342=ORIENTED_EDGE('',*,*,#4208,.T.);
#1343=ORIENTED_EDGE('',*,*,#4209,.F.);
#1344=ORIENTED_EDGE('',*,*,#4210,.F.);
#1345=ORIENTED_EDGE('',*,*,#3450,.T.);
#1346=ORIENTED_EDGE('',*,*,#4210,.T.);
#1347=ORIENTED_EDGE('',*,*,#4211,.F.);
#1348=ORIENTED_EDGE('',*,*,#4212,.F.);
#1349=ORIENTED_EDGE('',*,*,#3451,.T.);
#1350=ORIENTED_EDGE('',*,*,#4212,.T.);
#1351=ORIENTED_EDGE('',*,*,#4213,.F.);
#1352=ORIENTED_EDGE('',*,*,#4214,.F.);
#1353=ORIENTED_EDGE('',*,*,#3452,.T.);
#1354=ORIENTED_EDGE('',*,*,#4214,.T.);
#1355=ORIENTED_EDGE('',*,*,#4215,.F.);
#1356=ORIENTED_EDGE('',*,*,#4216,.F.);
#1357=ORIENTED_EDGE('',*,*,#3453,.T.);
#1358=ORIENTED_EDGE('',*,*,#4216,.T.);
#1359=ORIENTED_EDGE('',*,*,#4217,.F.);
#1360=ORIENTED_EDGE('',*,*,#4218,.F.);
#1361=ORIENTED_EDGE('',*,*,#3454,.T.);
#1362=ORIENTED_EDGE('',*,*,#4218,.T.);
#1363=ORIENTED_EDGE('',*,*,#4219,.F.);
#1364=ORIENTED_EDGE('',*,*,#4220,.F.);
#1365=ORIENTED_EDGE('',*,*,#3455,.T.);
#1366=ORIENTED_EDGE('',*,*,#4220,.T.);
#1367=ORIENTED_EDGE('',*,*,#4221,.F.);
#1368=ORIENTED_EDGE('',*,*,#4222,.F.);
#1369=ORIENTED_EDGE('',*,*,#3456,.T.);
#1370=ORIENTED_EDGE('',*,*,#4222,.T.);
#1371=ORIENTED_EDGE('',*,*,#4223,.F.);
#1372=ORIENTED_EDGE('',*,*,#4224,.F.);
#1373=ORIENTED_EDGE('',*,*,#3457,.T.);
#1374=ORIENTED_EDGE('',*,*,#4224,.T.);
#1375=ORIENTED_EDGE('',*,*,#4225,.F.);
#1376=ORIENTED_EDGE('',*,*,#4226,.F.);
#1377=ORIENTED_EDGE('',*,*,#3458,.T.);
#1378=ORIENTED_EDGE('',*,*,#4226,.T.);
#1379=ORIENTED_EDGE('',*,*,#4227,.F.);
#1380=ORIENTED_EDGE('',*,*,#4228,.F.);
#1381=ORIENTED_EDGE('',*,*,#3459,.T.);
#1382=ORIENTED_EDGE('',*,*,#4228,.T.);
#1383=ORIENTED_EDGE('',*,*,#4229,.F.);
#1384=ORIENTED_EDGE('',*,*,#4230,.F.);
#1385=ORIENTED_EDGE('',*,*,#3460,.T.);
#1386=ORIENTED_EDGE('',*,*,#4230,.T.);
#1387=ORIENTED_EDGE('',*,*,#4231,.F.);
#1388=ORIENTED_EDGE('',*,*,#4232,.F.);
#1389=ORIENTED_EDGE('',*,*,#3461,.T.);
#1390=ORIENTED_EDGE('',*,*,#4232,.T.);
#1391=ORIENTED_EDGE('',*,*,#4233,.F.);
#1392=ORIENTED_EDGE('',*,*,#3195,.F.);
#1393=ORIENTED_EDGE('',*,*,#3212,.F.);
#1394=ORIENTED_EDGE('',*,*,#4234,.T.);
#1395=ORIENTED_EDGE('',*,*,#4235,.T.);
#1396=ORIENTED_EDGE('',*,*,#3574,.T.);
#1397=ORIENTED_EDGE('',*,*,#4235,.F.);
#1398=ORIENTED_EDGE('',*,*,#4236,.T.);
#1399=ORIENTED_EDGE('',*,*,#4237,.T.);
#1400=ORIENTED_EDGE('',*,*,#3575,.T.);
#1401=ORIENTED_EDGE('',*,*,#4237,.F.);
#1402=ORIENTED_EDGE('',*,*,#4238,.T.);
#1403=ORIENTED_EDGE('',*,*,#4239,.T.);
#1404=ORIENTED_EDGE('',*,*,#3576,.T.);
#1405=ORIENTED_EDGE('',*,*,#4239,.F.);
#1406=ORIENTED_EDGE('',*,*,#4240,.T.);
#1407=ORIENTED_EDGE('',*,*,#4241,.T.);
#1408=ORIENTED_EDGE('',*,*,#3577,.T.);
#1409=ORIENTED_EDGE('',*,*,#4241,.F.);
#1410=ORIENTED_EDGE('',*,*,#4242,.T.);
#1411=ORIENTED_EDGE('',*,*,#4243,.T.);
#1412=ORIENTED_EDGE('',*,*,#3578,.T.);
#1413=ORIENTED_EDGE('',*,*,#4243,.F.);
#1414=ORIENTED_EDGE('',*,*,#4244,.T.);
#1415=ORIENTED_EDGE('',*,*,#4245,.T.);
#1416=ORIENTED_EDGE('',*,*,#3579,.T.);
#1417=ORIENTED_EDGE('',*,*,#4245,.F.);
#1418=ORIENTED_EDGE('',*,*,#4246,.T.);
#1419=ORIENTED_EDGE('',*,*,#4247,.T.);
#1420=ORIENTED_EDGE('',*,*,#3580,.T.);
#1421=ORIENTED_EDGE('',*,*,#4247,.F.);
#1422=ORIENTED_EDGE('',*,*,#4248,.T.);
#1423=ORIENTED_EDGE('',*,*,#4249,.T.);
#1424=ORIENTED_EDGE('',*,*,#3581,.T.);
#1425=ORIENTED_EDGE('',*,*,#4249,.F.);
#1426=ORIENTED_EDGE('',*,*,#4250,.T.);
#1427=ORIENTED_EDGE('',*,*,#4251,.T.);
#1428=ORIENTED_EDGE('',*,*,#3582,.T.);
#1429=ORIENTED_EDGE('',*,*,#4251,.F.);
#1430=ORIENTED_EDGE('',*,*,#4252,.T.);
#1431=ORIENTED_EDGE('',*,*,#4253,.T.);
#1432=ORIENTED_EDGE('',*,*,#3583,.T.);
#1433=ORIENTED_EDGE('',*,*,#4253,.F.);
#1434=ORIENTED_EDGE('',*,*,#4254,.T.);
#1435=ORIENTED_EDGE('',*,*,#4255,.T.);
#1436=ORIENTED_EDGE('',*,*,#3584,.T.);
#1437=ORIENTED_EDGE('',*,*,#4255,.F.);
#1438=ORIENTED_EDGE('',*,*,#4256,.T.);
#1439=ORIENTED_EDGE('',*,*,#4257,.T.);
#1440=ORIENTED_EDGE('',*,*,#3585,.T.);
#1441=ORIENTED_EDGE('',*,*,#4257,.F.);
#1442=ORIENTED_EDGE('',*,*,#4258,.T.);
#1443=ORIENTED_EDGE('',*,*,#4259,.T.);
#1444=ORIENTED_EDGE('',*,*,#3586,.T.);
#1445=ORIENTED_EDGE('',*,*,#4259,.F.);
#1446=ORIENTED_EDGE('',*,*,#4260,.T.);
#1447=ORIENTED_EDGE('',*,*,#4261,.T.);
#1448=ORIENTED_EDGE('',*,*,#3587,.T.);
#1449=ORIENTED_EDGE('',*,*,#4261,.F.);
#1450=ORIENTED_EDGE('',*,*,#4262,.T.);
#1451=ORIENTED_EDGE('',*,*,#4263,.T.);
#1452=ORIENTED_EDGE('',*,*,#3588,.T.);
#1453=ORIENTED_EDGE('',*,*,#4263,.F.);
#1454=ORIENTED_EDGE('',*,*,#4264,.T.);
#1455=ORIENTED_EDGE('',*,*,#4265,.T.);
#1456=ORIENTED_EDGE('',*,*,#3589,.T.);
#1457=ORIENTED_EDGE('',*,*,#4265,.F.);
#1458=ORIENTED_EDGE('',*,*,#4266,.T.);
#1459=ORIENTED_EDGE('',*,*,#4267,.T.);
#1460=ORIENTED_EDGE('',*,*,#3590,.T.);
#1461=ORIENTED_EDGE('',*,*,#4267,.F.);
#1462=ORIENTED_EDGE('',*,*,#4268,.T.);
#1463=ORIENTED_EDGE('',*,*,#4269,.T.);
#1464=ORIENTED_EDGE('',*,*,#3591,.T.);
#1465=ORIENTED_EDGE('',*,*,#4269,.F.);
#1466=ORIENTED_EDGE('',*,*,#4270,.T.);
#1467=ORIENTED_EDGE('',*,*,#4271,.T.);
#1468=ORIENTED_EDGE('',*,*,#3592,.T.);
#1469=ORIENTED_EDGE('',*,*,#4271,.F.);
#1470=ORIENTED_EDGE('',*,*,#4272,.T.);
#1471=ORIENTED_EDGE('',*,*,#4273,.T.);
#1472=ORIENTED_EDGE('',*,*,#3593,.T.);
#1473=ORIENTED_EDGE('',*,*,#4273,.F.);
#1474=ORIENTED_EDGE('',*,*,#4274,.T.);
#1475=ORIENTED_EDGE('',*,*,#4275,.T.);
#1476=ORIENTED_EDGE('',*,*,#3594,.T.);
#1477=ORIENTED_EDGE('',*,*,#4275,.F.);
#1478=ORIENTED_EDGE('',*,*,#4276,.T.);
#1479=ORIENTED_EDGE('',*,*,#4277,.T.);
#1480=ORIENTED_EDGE('',*,*,#3595,.T.);
#1481=ORIENTED_EDGE('',*,*,#4277,.F.);
#1482=ORIENTED_EDGE('',*,*,#4278,.T.);
#1483=ORIENTED_EDGE('',*,*,#4279,.T.);
#1484=ORIENTED_EDGE('',*,*,#3596,.T.);
#1485=ORIENTED_EDGE('',*,*,#4279,.F.);
#1486=ORIENTED_EDGE('',*,*,#4280,.T.);
#1487=ORIENTED_EDGE('',*,*,#4281,.T.);
#1488=ORIENTED_EDGE('',*,*,#3597,.T.);
#1489=ORIENTED_EDGE('',*,*,#4281,.F.);
#1490=ORIENTED_EDGE('',*,*,#4282,.T.);
#1491=ORIENTED_EDGE('',*,*,#4283,.T.);
#1492=ORIENTED_EDGE('',*,*,#3598,.T.);
#1493=ORIENTED_EDGE('',*,*,#4283,.F.);
#1494=ORIENTED_EDGE('',*,*,#4284,.T.);
#1495=ORIENTED_EDGE('',*,*,#4285,.T.);
#1496=ORIENTED_EDGE('',*,*,#3599,.T.);
#1497=ORIENTED_EDGE('',*,*,#4285,.F.);
#1498=ORIENTED_EDGE('',*,*,#4286,.T.);
#1499=ORIENTED_EDGE('',*,*,#4287,.T.);
#1500=ORIENTED_EDGE('',*,*,#3600,.T.);
#1501=ORIENTED_EDGE('',*,*,#4287,.F.);
#1502=ORIENTED_EDGE('',*,*,#4288,.T.);
#1503=ORIENTED_EDGE('',*,*,#4289,.T.);
#1504=ORIENTED_EDGE('',*,*,#3601,.T.);
#1505=ORIENTED_EDGE('',*,*,#4289,.F.);
#1506=ORIENTED_EDGE('',*,*,#4290,.T.);
#1507=ORIENTED_EDGE('',*,*,#4291,.T.);
#1508=ORIENTED_EDGE('',*,*,#3602,.T.);
#1509=ORIENTED_EDGE('',*,*,#4291,.F.);
#1510=ORIENTED_EDGE('',*,*,#4292,.T.);
#1511=ORIENTED_EDGE('',*,*,#4293,.T.);
#1512=ORIENTED_EDGE('',*,*,#3603,.T.);
#1513=ORIENTED_EDGE('',*,*,#4293,.F.);
#1514=ORIENTED_EDGE('',*,*,#4294,.T.);
#1515=ORIENTED_EDGE('',*,*,#4295,.T.);
#1516=ORIENTED_EDGE('',*,*,#3604,.T.);
#1517=ORIENTED_EDGE('',*,*,#4295,.F.);
#1518=ORIENTED_EDGE('',*,*,#4296,.T.);
#1519=ORIENTED_EDGE('',*,*,#4297,.T.);
#1520=ORIENTED_EDGE('',*,*,#3605,.T.);
#1521=ORIENTED_EDGE('',*,*,#4297,.F.);
#1522=ORIENTED_EDGE('',*,*,#4298,.T.);
#1523=ORIENTED_EDGE('',*,*,#4299,.T.);
#1524=ORIENTED_EDGE('',*,*,#3606,.T.);
#1525=ORIENTED_EDGE('',*,*,#4299,.F.);
#1526=ORIENTED_EDGE('',*,*,#4300,.T.);
#1527=ORIENTED_EDGE('',*,*,#4301,.T.);
#1528=ORIENTED_EDGE('',*,*,#3607,.T.);
#1529=ORIENTED_EDGE('',*,*,#4301,.F.);
#1530=ORIENTED_EDGE('',*,*,#4302,.T.);
#1531=ORIENTED_EDGE('',*,*,#4303,.T.);
#1532=ORIENTED_EDGE('',*,*,#3608,.T.);
#1533=ORIENTED_EDGE('',*,*,#4303,.F.);
#1534=ORIENTED_EDGE('',*,*,#4304,.T.);
#1535=ORIENTED_EDGE('',*,*,#4305,.T.);
#1536=ORIENTED_EDGE('',*,*,#3609,.T.);
#1537=ORIENTED_EDGE('',*,*,#4305,.F.);
#1538=ORIENTED_EDGE('',*,*,#4306,.T.);
#1539=ORIENTED_EDGE('',*,*,#4307,.T.);
#1540=ORIENTED_EDGE('',*,*,#3610,.T.);
#1541=ORIENTED_EDGE('',*,*,#4307,.F.);
#1542=ORIENTED_EDGE('',*,*,#4308,.T.);
#1543=ORIENTED_EDGE('',*,*,#4309,.T.);
#1544=ORIENTED_EDGE('',*,*,#3611,.T.);
#1545=ORIENTED_EDGE('',*,*,#4309,.F.);
#1546=ORIENTED_EDGE('',*,*,#4310,.T.);
#1547=ORIENTED_EDGE('',*,*,#4311,.T.);
#1548=ORIENTED_EDGE('',*,*,#3612,.T.);
#1549=ORIENTED_EDGE('',*,*,#4311,.F.);
#1550=ORIENTED_EDGE('',*,*,#4312,.T.);
#1551=ORIENTED_EDGE('',*,*,#4313,.T.);
#1552=ORIENTED_EDGE('',*,*,#3613,.T.);
#1553=ORIENTED_EDGE('',*,*,#4313,.F.);
#1554=ORIENTED_EDGE('',*,*,#4314,.T.);
#1555=ORIENTED_EDGE('',*,*,#4315,.T.);
#1556=ORIENTED_EDGE('',*,*,#3614,.T.);
#1557=ORIENTED_EDGE('',*,*,#4315,.F.);
#1558=ORIENTED_EDGE('',*,*,#4316,.T.);
#1559=ORIENTED_EDGE('',*,*,#4317,.T.);
#1560=ORIENTED_EDGE('',*,*,#3615,.T.);
#1561=ORIENTED_EDGE('',*,*,#4317,.F.);
#1562=ORIENTED_EDGE('',*,*,#4318,.T.);
#1563=ORIENTED_EDGE('',*,*,#4319,.T.);
#1564=ORIENTED_EDGE('',*,*,#3616,.T.);
#1565=ORIENTED_EDGE('',*,*,#4319,.F.);
#1566=ORIENTED_EDGE('',*,*,#4320,.T.);
#1567=ORIENTED_EDGE('',*,*,#4321,.T.);
#1568=ORIENTED_EDGE('',*,*,#3617,.T.);
#1569=ORIENTED_EDGE('',*,*,#4321,.F.);
#1570=ORIENTED_EDGE('',*,*,#4322,.T.);
#1571=ORIENTED_EDGE('',*,*,#4323,.T.);
#1572=ORIENTED_EDGE('',*,*,#3618,.T.);
#1573=ORIENTED_EDGE('',*,*,#4323,.F.);
#1574=ORIENTED_EDGE('',*,*,#4324,.T.);
#1575=ORIENTED_EDGE('',*,*,#4325,.T.);
#1576=ORIENTED_EDGE('',*,*,#3619,.T.);
#1577=ORIENTED_EDGE('',*,*,#4325,.F.);
#1578=ORIENTED_EDGE('',*,*,#4326,.T.);
#1579=ORIENTED_EDGE('',*,*,#4327,.T.);
#1580=ORIENTED_EDGE('',*,*,#3620,.T.);
#1581=ORIENTED_EDGE('',*,*,#4327,.F.);
#1582=ORIENTED_EDGE('',*,*,#4328,.T.);
#1583=ORIENTED_EDGE('',*,*,#4329,.T.);
#1584=ORIENTED_EDGE('',*,*,#3621,.T.);
#1585=ORIENTED_EDGE('',*,*,#4329,.F.);
#1586=ORIENTED_EDGE('',*,*,#4330,.T.);
#1587=ORIENTED_EDGE('',*,*,#4331,.T.);
#1588=ORIENTED_EDGE('',*,*,#3622,.T.);
#1589=ORIENTED_EDGE('',*,*,#4331,.F.);
#1590=ORIENTED_EDGE('',*,*,#4332,.T.);
#1591=ORIENTED_EDGE('',*,*,#4333,.T.);
#1592=ORIENTED_EDGE('',*,*,#3623,.T.);
#1593=ORIENTED_EDGE('',*,*,#4333,.F.);
#1594=ORIENTED_EDGE('',*,*,#4334,.T.);
#1595=ORIENTED_EDGE('',*,*,#4335,.T.);
#1596=ORIENTED_EDGE('',*,*,#3624,.T.);
#1597=ORIENTED_EDGE('',*,*,#4335,.F.);
#1598=ORIENTED_EDGE('',*,*,#4336,.T.);
#1599=ORIENTED_EDGE('',*,*,#4337,.T.);
#1600=ORIENTED_EDGE('',*,*,#3625,.T.);
#1601=ORIENTED_EDGE('',*,*,#4337,.F.);
#1602=ORIENTED_EDGE('',*,*,#4338,.T.);
#1603=ORIENTED_EDGE('',*,*,#4339,.T.);
#1604=ORIENTED_EDGE('',*,*,#3626,.T.);
#1605=ORIENTED_EDGE('',*,*,#4339,.F.);
#1606=ORIENTED_EDGE('',*,*,#4340,.T.);
#1607=ORIENTED_EDGE('',*,*,#4341,.T.);
#1608=ORIENTED_EDGE('',*,*,#3627,.T.);
#1609=ORIENTED_EDGE('',*,*,#4341,.F.);
#1610=ORIENTED_EDGE('',*,*,#4342,.T.);
#1611=ORIENTED_EDGE('',*,*,#4343,.T.);
#1612=ORIENTED_EDGE('',*,*,#3628,.T.);
#1613=ORIENTED_EDGE('',*,*,#4343,.F.);
#1614=ORIENTED_EDGE('',*,*,#4344,.T.);
#1615=ORIENTED_EDGE('',*,*,#4345,.T.);
#1616=ORIENTED_EDGE('',*,*,#3629,.T.);
#1617=ORIENTED_EDGE('',*,*,#4345,.F.);
#1618=ORIENTED_EDGE('',*,*,#4346,.T.);
#1619=ORIENTED_EDGE('',*,*,#4347,.T.);
#1620=ORIENTED_EDGE('',*,*,#3630,.T.);
#1621=ORIENTED_EDGE('',*,*,#4347,.F.);
#1622=ORIENTED_EDGE('',*,*,#4348,.T.);
#1623=ORIENTED_EDGE('',*,*,#4349,.T.);
#1624=ORIENTED_EDGE('',*,*,#3631,.T.);
#1625=ORIENTED_EDGE('',*,*,#4349,.F.);
#1626=ORIENTED_EDGE('',*,*,#4350,.T.);
#1627=ORIENTED_EDGE('',*,*,#4351,.T.);
#1628=ORIENTED_EDGE('',*,*,#3632,.T.);
#1629=ORIENTED_EDGE('',*,*,#4351,.F.);
#1630=ORIENTED_EDGE('',*,*,#4352,.T.);
#1631=ORIENTED_EDGE('',*,*,#4353,.T.);
#1632=ORIENTED_EDGE('',*,*,#3633,.T.);
#1633=ORIENTED_EDGE('',*,*,#4353,.F.);
#1634=ORIENTED_EDGE('',*,*,#4354,.T.);
#1635=ORIENTED_EDGE('',*,*,#4355,.T.);
#1636=ORIENTED_EDGE('',*,*,#3634,.T.);
#1637=ORIENTED_EDGE('',*,*,#4355,.F.);
#1638=ORIENTED_EDGE('',*,*,#4356,.T.);
#1639=ORIENTED_EDGE('',*,*,#4357,.T.);
#1640=ORIENTED_EDGE('',*,*,#3635,.T.);
#1641=ORIENTED_EDGE('',*,*,#4357,.F.);
#1642=ORIENTED_EDGE('',*,*,#4358,.T.);
#1643=ORIENTED_EDGE('',*,*,#4359,.T.);
#1644=ORIENTED_EDGE('',*,*,#3636,.T.);
#1645=ORIENTED_EDGE('',*,*,#4359,.F.);
#1646=ORIENTED_EDGE('',*,*,#4360,.T.);
#1647=ORIENTED_EDGE('',*,*,#4361,.T.);
#1648=ORIENTED_EDGE('',*,*,#3637,.T.);
#1649=ORIENTED_EDGE('',*,*,#4361,.F.);
#1650=ORIENTED_EDGE('',*,*,#4362,.T.);
#1651=ORIENTED_EDGE('',*,*,#4363,.T.);
#1652=ORIENTED_EDGE('',*,*,#3638,.T.);
#1653=ORIENTED_EDGE('',*,*,#4363,.F.);
#1654=ORIENTED_EDGE('',*,*,#4364,.T.);
#1655=ORIENTED_EDGE('',*,*,#4365,.T.);
#1656=ORIENTED_EDGE('',*,*,#3639,.T.);
#1657=ORIENTED_EDGE('',*,*,#4365,.F.);
#1658=ORIENTED_EDGE('',*,*,#4366,.T.);
#1659=ORIENTED_EDGE('',*,*,#4367,.T.);
#1660=ORIENTED_EDGE('',*,*,#3640,.T.);
#1661=ORIENTED_EDGE('',*,*,#4367,.F.);
#1662=ORIENTED_EDGE('',*,*,#4368,.T.);
#1663=ORIENTED_EDGE('',*,*,#4369,.T.);
#1664=ORIENTED_EDGE('',*,*,#3641,.T.);
#1665=ORIENTED_EDGE('',*,*,#4369,.F.);
#1666=ORIENTED_EDGE('',*,*,#4370,.T.);
#1667=ORIENTED_EDGE('',*,*,#4371,.T.);
#1668=ORIENTED_EDGE('',*,*,#3642,.T.);
#1669=ORIENTED_EDGE('',*,*,#4371,.F.);
#1670=ORIENTED_EDGE('',*,*,#4372,.T.);
#1671=ORIENTED_EDGE('',*,*,#4373,.T.);
#1672=ORIENTED_EDGE('',*,*,#3643,.T.);
#1673=ORIENTED_EDGE('',*,*,#4373,.F.);
#1674=ORIENTED_EDGE('',*,*,#4374,.T.);
#1675=ORIENTED_EDGE('',*,*,#4375,.T.);
#1676=ORIENTED_EDGE('',*,*,#3644,.T.);
#1677=ORIENTED_EDGE('',*,*,#4375,.F.);
#1678=ORIENTED_EDGE('',*,*,#4376,.T.);
#1679=ORIENTED_EDGE('',*,*,#4377,.T.);
#1680=ORIENTED_EDGE('',*,*,#3645,.T.);
#1681=ORIENTED_EDGE('',*,*,#4377,.F.);
#1682=ORIENTED_EDGE('',*,*,#4378,.T.);
#1683=ORIENTED_EDGE('',*,*,#4379,.T.);
#1684=ORIENTED_EDGE('',*,*,#3646,.T.);
#1685=ORIENTED_EDGE('',*,*,#4379,.F.);
#1686=ORIENTED_EDGE('',*,*,#4380,.T.);
#1687=ORIENTED_EDGE('',*,*,#4381,.T.);
#1688=ORIENTED_EDGE('',*,*,#3647,.T.);
#1689=ORIENTED_EDGE('',*,*,#4381,.F.);
#1690=ORIENTED_EDGE('',*,*,#4382,.T.);
#1691=ORIENTED_EDGE('',*,*,#4383,.T.);
#1692=ORIENTED_EDGE('',*,*,#3648,.T.);
#1693=ORIENTED_EDGE('',*,*,#4383,.F.);
#1694=ORIENTED_EDGE('',*,*,#4384,.T.);
#1695=ORIENTED_EDGE('',*,*,#4385,.T.);
#1696=ORIENTED_EDGE('',*,*,#3649,.T.);
#1697=ORIENTED_EDGE('',*,*,#4385,.F.);
#1698=ORIENTED_EDGE('',*,*,#4386,.T.);
#1699=ORIENTED_EDGE('',*,*,#4387,.T.);
#1700=ORIENTED_EDGE('',*,*,#3650,.T.);
#1701=ORIENTED_EDGE('',*,*,#4387,.F.);
#1702=ORIENTED_EDGE('',*,*,#4388,.T.);
#1703=ORIENTED_EDGE('',*,*,#4389,.T.);
#1704=ORIENTED_EDGE('',*,*,#3651,.T.);
#1705=ORIENTED_EDGE('',*,*,#4389,.F.);
#1706=ORIENTED_EDGE('',*,*,#4390,.T.);
#1707=ORIENTED_EDGE('',*,*,#4391,.T.);
#1708=ORIENTED_EDGE('',*,*,#3652,.T.);
#1709=ORIENTED_EDGE('',*,*,#4391,.F.);
#1710=ORIENTED_EDGE('',*,*,#4392,.T.);
#1711=ORIENTED_EDGE('',*,*,#4393,.T.);
#1712=ORIENTED_EDGE('',*,*,#3653,.T.);
#1713=ORIENTED_EDGE('',*,*,#4393,.F.);
#1714=ORIENTED_EDGE('',*,*,#4394,.T.);
#1715=ORIENTED_EDGE('',*,*,#4395,.T.);
#1716=ORIENTED_EDGE('',*,*,#3654,.T.);
#1717=ORIENTED_EDGE('',*,*,#4395,.F.);
#1718=ORIENTED_EDGE('',*,*,#4396,.T.);
#1719=ORIENTED_EDGE('',*,*,#4397,.T.);
#1720=ORIENTED_EDGE('',*,*,#3655,.T.);
#1721=ORIENTED_EDGE('',*,*,#4397,.F.);
#1722=ORIENTED_EDGE('',*,*,#4398,.T.);
#1723=ORIENTED_EDGE('',*,*,#4399,.T.);
#1724=ORIENTED_EDGE('',*,*,#3656,.T.);
#1725=ORIENTED_EDGE('',*,*,#4399,.F.);
#1726=ORIENTED_EDGE('',*,*,#4400,.T.);
#1727=ORIENTED_EDGE('',*,*,#4401,.T.);
#1728=ORIENTED_EDGE('',*,*,#3657,.T.);
#1729=ORIENTED_EDGE('',*,*,#4401,.F.);
#1730=ORIENTED_EDGE('',*,*,#4402,.T.);
#1731=ORIENTED_EDGE('',*,*,#4403,.T.);
#1732=ORIENTED_EDGE('',*,*,#3658,.T.);
#1733=ORIENTED_EDGE('',*,*,#4403,.F.);
#1734=ORIENTED_EDGE('',*,*,#4404,.T.);
#1735=ORIENTED_EDGE('',*,*,#4405,.T.);
#1736=ORIENTED_EDGE('',*,*,#3659,.T.);
#1737=ORIENTED_EDGE('',*,*,#4405,.F.);
#1738=ORIENTED_EDGE('',*,*,#4406,.T.);
#1739=ORIENTED_EDGE('',*,*,#4407,.T.);
#1740=ORIENTED_EDGE('',*,*,#3660,.T.);
#1741=ORIENTED_EDGE('',*,*,#4407,.F.);
#1742=ORIENTED_EDGE('',*,*,#4408,.T.);
#1743=ORIENTED_EDGE('',*,*,#4409,.T.);
#1744=ORIENTED_EDGE('',*,*,#3661,.T.);
#1745=ORIENTED_EDGE('',*,*,#4409,.F.);
#1746=ORIENTED_EDGE('',*,*,#4410,.T.);
#1747=ORIENTED_EDGE('',*,*,#4411,.T.);
#1748=ORIENTED_EDGE('',*,*,#3662,.T.);
#1749=ORIENTED_EDGE('',*,*,#4411,.F.);
#1750=ORIENTED_EDGE('',*,*,#4412,.T.);
#1751=ORIENTED_EDGE('',*,*,#4413,.T.);
#1752=ORIENTED_EDGE('',*,*,#3663,.T.);
#1753=ORIENTED_EDGE('',*,*,#4413,.F.);
#1754=ORIENTED_EDGE('',*,*,#4414,.T.);
#1755=ORIENTED_EDGE('',*,*,#4415,.T.);
#1756=ORIENTED_EDGE('',*,*,#3664,.T.);
#1757=ORIENTED_EDGE('',*,*,#4415,.F.);
#1758=ORIENTED_EDGE('',*,*,#4416,.T.);
#1759=ORIENTED_EDGE('',*,*,#4417,.T.);
#1760=ORIENTED_EDGE('',*,*,#3665,.T.);
#1761=ORIENTED_EDGE('',*,*,#4417,.F.);
#1762=ORIENTED_EDGE('',*,*,#4418,.T.);
#1763=ORIENTED_EDGE('',*,*,#4419,.T.);
#1764=ORIENTED_EDGE('',*,*,#3666,.T.);
#1765=ORIENTED_EDGE('',*,*,#4419,.F.);
#1766=ORIENTED_EDGE('',*,*,#4420,.T.);
#1767=ORIENTED_EDGE('',*,*,#4421,.T.);
#1768=ORIENTED_EDGE('',*,*,#3667,.T.);
#1769=ORIENTED_EDGE('',*,*,#4421,.F.);
#1770=ORIENTED_EDGE('',*,*,#4422,.T.);
#1771=ORIENTED_EDGE('',*,*,#4423,.T.);
#1772=ORIENTED_EDGE('',*,*,#3668,.T.);
#1773=ORIENTED_EDGE('',*,*,#4423,.F.);
#1774=ORIENTED_EDGE('',*,*,#4424,.T.);
#1775=ORIENTED_EDGE('',*,*,#4425,.T.);
#1776=ORIENTED_EDGE('',*,*,#3669,.T.);
#1777=ORIENTED_EDGE('',*,*,#4425,.F.);
#1778=ORIENTED_EDGE('',*,*,#4426,.T.);
#1779=ORIENTED_EDGE('',*,*,#4427,.T.);
#1780=ORIENTED_EDGE('',*,*,#3670,.T.);
#1781=ORIENTED_EDGE('',*,*,#4427,.F.);
#1782=ORIENTED_EDGE('',*,*,#4428,.T.);
#1783=ORIENTED_EDGE('',*,*,#4429,.T.);
#1784=ORIENTED_EDGE('',*,*,#3671,.T.);
#1785=ORIENTED_EDGE('',*,*,#4429,.F.);
#1786=ORIENTED_EDGE('',*,*,#4430,.T.);
#1787=ORIENTED_EDGE('',*,*,#4431,.T.);
#1788=ORIENTED_EDGE('',*,*,#3672,.T.);
#1789=ORIENTED_EDGE('',*,*,#4431,.F.);
#1790=ORIENTED_EDGE('',*,*,#4432,.T.);
#1791=ORIENTED_EDGE('',*,*,#4433,.T.);
#1792=ORIENTED_EDGE('',*,*,#3673,.T.);
#1793=ORIENTED_EDGE('',*,*,#4433,.F.);
#1794=ORIENTED_EDGE('',*,*,#4434,.T.);
#1795=ORIENTED_EDGE('',*,*,#4435,.T.);
#1796=ORIENTED_EDGE('',*,*,#3674,.T.);
#1797=ORIENTED_EDGE('',*,*,#4435,.F.);
#1798=ORIENTED_EDGE('',*,*,#4436,.T.);
#1799=ORIENTED_EDGE('',*,*,#4437,.T.);
#1800=ORIENTED_EDGE('',*,*,#3675,.T.);
#1801=ORIENTED_EDGE('',*,*,#4437,.F.);
#1802=ORIENTED_EDGE('',*,*,#4438,.T.);
#1803=ORIENTED_EDGE('',*,*,#4439,.T.);
#1804=ORIENTED_EDGE('',*,*,#3676,.T.);
#1805=ORIENTED_EDGE('',*,*,#4439,.F.);
#1806=ORIENTED_EDGE('',*,*,#4440,.T.);
#1807=ORIENTED_EDGE('',*,*,#4441,.T.);
#1808=ORIENTED_EDGE('',*,*,#3677,.T.);
#1809=ORIENTED_EDGE('',*,*,#4441,.F.);
#1810=ORIENTED_EDGE('',*,*,#4442,.T.);
#1811=ORIENTED_EDGE('',*,*,#4443,.T.);
#1812=ORIENTED_EDGE('',*,*,#3678,.T.);
#1813=ORIENTED_EDGE('',*,*,#4443,.F.);
#1814=ORIENTED_EDGE('',*,*,#4444,.T.);
#1815=ORIENTED_EDGE('',*,*,#4445,.T.);
#1816=ORIENTED_EDGE('',*,*,#3679,.T.);
#1817=ORIENTED_EDGE('',*,*,#4445,.F.);
#1818=ORIENTED_EDGE('',*,*,#4446,.T.);
#1819=ORIENTED_EDGE('',*,*,#4447,.T.);
#1820=ORIENTED_EDGE('',*,*,#3680,.T.);
#1821=ORIENTED_EDGE('',*,*,#4447,.F.);
#1822=ORIENTED_EDGE('',*,*,#4448,.T.);
#1823=ORIENTED_EDGE('',*,*,#4449,.T.);
#1824=ORIENTED_EDGE('',*,*,#3681,.T.);
#1825=ORIENTED_EDGE('',*,*,#4449,.F.);
#1826=ORIENTED_EDGE('',*,*,#4450,.T.);
#1827=ORIENTED_EDGE('',*,*,#4451,.T.);
#1828=ORIENTED_EDGE('',*,*,#3682,.T.);
#1829=ORIENTED_EDGE('',*,*,#4451,.F.);
#1830=ORIENTED_EDGE('',*,*,#4452,.T.);
#1831=ORIENTED_EDGE('',*,*,#4453,.T.);
#1832=ORIENTED_EDGE('',*,*,#3683,.T.);
#1833=ORIENTED_EDGE('',*,*,#4453,.F.);
#1834=ORIENTED_EDGE('',*,*,#4454,.T.);
#1835=ORIENTED_EDGE('',*,*,#4455,.T.);
#1836=ORIENTED_EDGE('',*,*,#3684,.T.);
#1837=ORIENTED_EDGE('',*,*,#4455,.F.);
#1838=ORIENTED_EDGE('',*,*,#4456,.T.);
#1839=ORIENTED_EDGE('',*,*,#4457,.T.);
#1840=ORIENTED_EDGE('',*,*,#3685,.T.);
#1841=ORIENTED_EDGE('',*,*,#4457,.F.);
#1842=ORIENTED_EDGE('',*,*,#4458,.T.);
#1843=ORIENTED_EDGE('',*,*,#4459,.T.);
#1844=ORIENTED_EDGE('',*,*,#3686,.T.);
#1845=ORIENTED_EDGE('',*,*,#4459,.F.);
#1846=ORIENTED_EDGE('',*,*,#4460,.T.);
#1847=ORIENTED_EDGE('',*,*,#4461,.T.);
#1848=ORIENTED_EDGE('',*,*,#3687,.T.);
#1849=ORIENTED_EDGE('',*,*,#4461,.F.);
#1850=ORIENTED_EDGE('',*,*,#4462,.T.);
#1851=ORIENTED_EDGE('',*,*,#4463,.T.);
#1852=ORIENTED_EDGE('',*,*,#3688,.T.);
#1853=ORIENTED_EDGE('',*,*,#4463,.F.);
#1854=ORIENTED_EDGE('',*,*,#4464,.T.);
#1855=ORIENTED_EDGE('',*,*,#4465,.T.);
#1856=ORIENTED_EDGE('',*,*,#3689,.T.);
#1857=ORIENTED_EDGE('',*,*,#4465,.F.);
#1858=ORIENTED_EDGE('',*,*,#4466,.T.);
#1859=ORIENTED_EDGE('',*,*,#4467,.T.);
#1860=ORIENTED_EDGE('',*,*,#3690,.T.);
#1861=ORIENTED_EDGE('',*,*,#4467,.F.);
#1862=ORIENTED_EDGE('',*,*,#4468,.T.);
#1863=ORIENTED_EDGE('',*,*,#4469,.T.);
#1864=ORIENTED_EDGE('',*,*,#3691,.T.);
#1865=ORIENTED_EDGE('',*,*,#4469,.F.);
#1866=ORIENTED_EDGE('',*,*,#4470,.T.);
#1867=ORIENTED_EDGE('',*,*,#4471,.T.);
#1868=ORIENTED_EDGE('',*,*,#3692,.T.);
#1869=ORIENTED_EDGE('',*,*,#4471,.F.);
#1870=ORIENTED_EDGE('',*,*,#4472,.T.);
#1871=ORIENTED_EDGE('',*,*,#4473,.T.);
#1872=ORIENTED_EDGE('',*,*,#3693,.T.);
#1873=ORIENTED_EDGE('',*,*,#4473,.F.);
#1874=ORIENTED_EDGE('',*,*,#4474,.T.);
#1875=ORIENTED_EDGE('',*,*,#4475,.T.);
#1876=ORIENTED_EDGE('',*,*,#3694,.T.);
#1877=ORIENTED_EDGE('',*,*,#4475,.F.);
#1878=ORIENTED_EDGE('',*,*,#4476,.T.);
#1879=ORIENTED_EDGE('',*,*,#4477,.T.);
#1880=ORIENTED_EDGE('',*,*,#3695,.T.);
#1881=ORIENTED_EDGE('',*,*,#4477,.F.);
#1882=ORIENTED_EDGE('',*,*,#4478,.T.);
#1883=ORIENTED_EDGE('',*,*,#4479,.T.);
#1884=ORIENTED_EDGE('',*,*,#3696,.T.);
#1885=ORIENTED_EDGE('',*,*,#4479,.F.);
#1886=ORIENTED_EDGE('',*,*,#4480,.T.);
#1887=ORIENTED_EDGE('',*,*,#4481,.T.);
#1888=ORIENTED_EDGE('',*,*,#3697,.T.);
#1889=ORIENTED_EDGE('',*,*,#4481,.F.);
#1890=ORIENTED_EDGE('',*,*,#4482,.T.);
#1891=ORIENTED_EDGE('',*,*,#4483,.T.);
#1892=ORIENTED_EDGE('',*,*,#3698,.T.);
#1893=ORIENTED_EDGE('',*,*,#4483,.F.);
#1894=ORIENTED_EDGE('',*,*,#4484,.T.);
#1895=ORIENTED_EDGE('',*,*,#4485,.T.);
#1896=ORIENTED_EDGE('',*,*,#3699,.T.);
#1897=ORIENTED_EDGE('',*,*,#4485,.F.);
#1898=ORIENTED_EDGE('',*,*,#4486,.T.);
#1899=ORIENTED_EDGE('',*,*,#4487,.T.);
#1900=ORIENTED_EDGE('',*,*,#3700,.T.);
#1901=ORIENTED_EDGE('',*,*,#4487,.F.);
#1902=ORIENTED_EDGE('',*,*,#4488,.T.);
#1903=ORIENTED_EDGE('',*,*,#4489,.T.);
#1904=ORIENTED_EDGE('',*,*,#3701,.T.);
#1905=ORIENTED_EDGE('',*,*,#4489,.F.);
#1906=ORIENTED_EDGE('',*,*,#4490,.T.);
#1907=ORIENTED_EDGE('',*,*,#4491,.T.);
#1908=ORIENTED_EDGE('',*,*,#3702,.T.);
#1909=ORIENTED_EDGE('',*,*,#4491,.F.);
#1910=ORIENTED_EDGE('',*,*,#4492,.T.);
#1911=ORIENTED_EDGE('',*,*,#4493,.T.);
#1912=ORIENTED_EDGE('',*,*,#3703,.T.);
#1913=ORIENTED_EDGE('',*,*,#4493,.F.);
#1914=ORIENTED_EDGE('',*,*,#4494,.T.);
#1915=ORIENTED_EDGE('',*,*,#4495,.T.);
#1916=ORIENTED_EDGE('',*,*,#3704,.T.);
#1917=ORIENTED_EDGE('',*,*,#4495,.F.);
#1918=ORIENTED_EDGE('',*,*,#4496,.T.);
#1919=ORIENTED_EDGE('',*,*,#4497,.T.);
#1920=ORIENTED_EDGE('',*,*,#3705,.T.);
#1921=ORIENTED_EDGE('',*,*,#4497,.F.);
#1922=ORIENTED_EDGE('',*,*,#4498,.T.);
#1923=ORIENTED_EDGE('',*,*,#4499,.T.);
#1924=ORIENTED_EDGE('',*,*,#3706,.T.);
#1925=ORIENTED_EDGE('',*,*,#4499,.F.);
#1926=ORIENTED_EDGE('',*,*,#4500,.T.);
#1927=ORIENTED_EDGE('',*,*,#4501,.T.);
#1928=ORIENTED_EDGE('',*,*,#3707,.T.);
#1929=ORIENTED_EDGE('',*,*,#4501,.F.);
#1930=ORIENTED_EDGE('',*,*,#4502,.T.);
#1931=ORIENTED_EDGE('',*,*,#4503,.T.);
#1932=ORIENTED_EDGE('',*,*,#3708,.T.);
#1933=ORIENTED_EDGE('',*,*,#4503,.F.);
#1934=ORIENTED_EDGE('',*,*,#4504,.T.);
#1935=ORIENTED_EDGE('',*,*,#4505,.T.);
#1936=ORIENTED_EDGE('',*,*,#3709,.T.);
#1937=ORIENTED_EDGE('',*,*,#4505,.F.);
#1938=ORIENTED_EDGE('',*,*,#4506,.T.);
#1939=ORIENTED_EDGE('',*,*,#4507,.T.);
#1940=ORIENTED_EDGE('',*,*,#3710,.T.);
#1941=ORIENTED_EDGE('',*,*,#4507,.F.);
#1942=ORIENTED_EDGE('',*,*,#4508,.T.);
#1943=ORIENTED_EDGE('',*,*,#4509,.T.);
#1944=ORIENTED_EDGE('',*,*,#3711,.T.);
#1945=ORIENTED_EDGE('',*,*,#4509,.F.);
#1946=ORIENTED_EDGE('',*,*,#4510,.T.);
#1947=ORIENTED_EDGE('',*,*,#4511,.T.);
#1948=ORIENTED_EDGE('',*,*,#3712,.T.);
#1949=ORIENTED_EDGE('',*,*,#4511,.F.);
#1950=ORIENTED_EDGE('',*,*,#4512,.T.);
#1951=ORIENTED_EDGE('',*,*,#4513,.T.);
#1952=ORIENTED_EDGE('',*,*,#3713,.T.);
#1953=ORIENTED_EDGE('',*,*,#4513,.F.);
#1954=ORIENTED_EDGE('',*,*,#4514,.T.);
#1955=ORIENTED_EDGE('',*,*,#4515,.T.);
#1956=ORIENTED_EDGE('',*,*,#3714,.T.);
#1957=ORIENTED_EDGE('',*,*,#4515,.F.);
#1958=ORIENTED_EDGE('',*,*,#4516,.T.);
#1959=ORIENTED_EDGE('',*,*,#4517,.T.);
#1960=ORIENTED_EDGE('',*,*,#3715,.T.);
#1961=ORIENTED_EDGE('',*,*,#4517,.F.);
#1962=ORIENTED_EDGE('',*,*,#4518,.T.);
#1963=ORIENTED_EDGE('',*,*,#4519,.T.);
#1964=ORIENTED_EDGE('',*,*,#3716,.T.);
#1965=ORIENTED_EDGE('',*,*,#4519,.F.);
#1966=ORIENTED_EDGE('',*,*,#4520,.T.);
#1967=ORIENTED_EDGE('',*,*,#4521,.T.);
#1968=ORIENTED_EDGE('',*,*,#3717,.T.);
#1969=ORIENTED_EDGE('',*,*,#4521,.F.);
#1970=ORIENTED_EDGE('',*,*,#4522,.T.);
#1971=ORIENTED_EDGE('',*,*,#4523,.F.);
#1972=ORIENTED_EDGE('',*,*,#4524,.T.);
#1973=ORIENTED_EDGE('',*,*,#3718,.T.);
#1974=ORIENTED_EDGE('',*,*,#4520,.F.);
#1975=ORIENTED_EDGE('',*,*,#4518,.F.);
#1976=ORIENTED_EDGE('',*,*,#4516,.F.);
#1977=ORIENTED_EDGE('',*,*,#4514,.F.);
#1978=ORIENTED_EDGE('',*,*,#4512,.F.);
#1979=ORIENTED_EDGE('',*,*,#4510,.F.);
#1980=ORIENTED_EDGE('',*,*,#4508,.F.);
#1981=ORIENTED_EDGE('',*,*,#4506,.F.);
#1982=ORIENTED_EDGE('',*,*,#4504,.F.);
#1983=ORIENTED_EDGE('',*,*,#4502,.F.);
#1984=ORIENTED_EDGE('',*,*,#4500,.F.);
#1985=ORIENTED_EDGE('',*,*,#4498,.F.);
#1986=ORIENTED_EDGE('',*,*,#4496,.F.);
#1987=ORIENTED_EDGE('',*,*,#4494,.F.);
#1988=ORIENTED_EDGE('',*,*,#4492,.F.);
#1989=ORIENTED_EDGE('',*,*,#4490,.F.);
#1990=ORIENTED_EDGE('',*,*,#4488,.F.);
#1991=ORIENTED_EDGE('',*,*,#4486,.F.);
#1992=ORIENTED_EDGE('',*,*,#4484,.F.);
#1993=ORIENTED_EDGE('',*,*,#4482,.F.);
#1994=ORIENTED_EDGE('',*,*,#4480,.F.);
#1995=ORIENTED_EDGE('',*,*,#4478,.F.);
#1996=ORIENTED_EDGE('',*,*,#4476,.F.);
#1997=ORIENTED_EDGE('',*,*,#4474,.F.);
#1998=ORIENTED_EDGE('',*,*,#4472,.F.);
#1999=ORIENTED_EDGE('',*,*,#4470,.F.);
#2000=ORIENTED_EDGE('',*,*,#4468,.F.);
#2001=ORIENTED_EDGE('',*,*,#4466,.F.);
#2002=ORIENTED_EDGE('',*,*,#4464,.F.);
#2003=ORIENTED_EDGE('',*,*,#4462,.F.);
#2004=ORIENTED_EDGE('',*,*,#4460,.F.);
#2005=ORIENTED_EDGE('',*,*,#4458,.F.);
#2006=ORIENTED_EDGE('',*,*,#4456,.F.);
#2007=ORIENTED_EDGE('',*,*,#4454,.F.);
#2008=ORIENTED_EDGE('',*,*,#4452,.F.);
#2009=ORIENTED_EDGE('',*,*,#4450,.F.);
#2010=ORIENTED_EDGE('',*,*,#4448,.F.);
#2011=ORIENTED_EDGE('',*,*,#4446,.F.);
#2012=ORIENTED_EDGE('',*,*,#4444,.F.);
#2013=ORIENTED_EDGE('',*,*,#4442,.F.);
#2014=ORIENTED_EDGE('',*,*,#4440,.F.);
#2015=ORIENTED_EDGE('',*,*,#4438,.F.);
#2016=ORIENTED_EDGE('',*,*,#4436,.F.);
#2017=ORIENTED_EDGE('',*,*,#4434,.F.);
#2018=ORIENTED_EDGE('',*,*,#4432,.F.);
#2019=ORIENTED_EDGE('',*,*,#4430,.F.);
#2020=ORIENTED_EDGE('',*,*,#4428,.F.);
#2021=ORIENTED_EDGE('',*,*,#4426,.F.);
#2022=ORIENTED_EDGE('',*,*,#4424,.F.);
#2023=ORIENTED_EDGE('',*,*,#4422,.F.);
#2024=ORIENTED_EDGE('',*,*,#4420,.F.);
#2025=ORIENTED_EDGE('',*,*,#4418,.F.);
#2026=ORIENTED_EDGE('',*,*,#4416,.F.);
#2027=ORIENTED_EDGE('',*,*,#4414,.F.);
#2028=ORIENTED_EDGE('',*,*,#4412,.F.);
#2029=ORIENTED_EDGE('',*,*,#4410,.F.);
#2030=ORIENTED_EDGE('',*,*,#4408,.F.);
#2031=ORIENTED_EDGE('',*,*,#4406,.F.);
#2032=ORIENTED_EDGE('',*,*,#4404,.F.);
#2033=ORIENTED_EDGE('',*,*,#4402,.F.);
#2034=ORIENTED_EDGE('',*,*,#4400,.F.);
#2035=ORIENTED_EDGE('',*,*,#4398,.F.);
#2036=ORIENTED_EDGE('',*,*,#4396,.F.);
#2037=ORIENTED_EDGE('',*,*,#4394,.F.);
#2038=ORIENTED_EDGE('',*,*,#4392,.F.);
#2039=ORIENTED_EDGE('',*,*,#4390,.F.);
#2040=ORIENTED_EDGE('',*,*,#4388,.F.);
#2041=ORIENTED_EDGE('',*,*,#4386,.F.);
#2042=ORIENTED_EDGE('',*,*,#4384,.F.);
#2043=ORIENTED_EDGE('',*,*,#4382,.F.);
#2044=ORIENTED_EDGE('',*,*,#4380,.F.);
#2045=ORIENTED_EDGE('',*,*,#4378,.F.);
#2046=ORIENTED_EDGE('',*,*,#4376,.F.);
#2047=ORIENTED_EDGE('',*,*,#4374,.F.);
#2048=ORIENTED_EDGE('',*,*,#4372,.F.);
#2049=ORIENTED_EDGE('',*,*,#4370,.F.);
#2050=ORIENTED_EDGE('',*,*,#4368,.F.);
#2051=ORIENTED_EDGE('',*,*,#4366,.F.);
#2052=ORIENTED_EDGE('',*,*,#4364,.F.);
#2053=ORIENTED_EDGE('',*,*,#4362,.F.);
#2054=ORIENTED_EDGE('',*,*,#4360,.F.);
#2055=ORIENTED_EDGE('',*,*,#4358,.F.);
#2056=ORIENTED_EDGE('',*,*,#4356,.F.);
#2057=ORIENTED_EDGE('',*,*,#4354,.F.);
#2058=ORIENTED_EDGE('',*,*,#4352,.F.);
#2059=ORIENTED_EDGE('',*,*,#4350,.F.);
#2060=ORIENTED_EDGE('',*,*,#4348,.F.);
#2061=ORIENTED_EDGE('',*,*,#4346,.F.);
#2062=ORIENTED_EDGE('',*,*,#4344,.F.);
#2063=ORIENTED_EDGE('',*,*,#4342,.F.);
#2064=ORIENTED_EDGE('',*,*,#4340,.F.);
#2065=ORIENTED_EDGE('',*,*,#4338,.F.);
#2066=ORIENTED_EDGE('',*,*,#4336,.F.);
#2067=ORIENTED_EDGE('',*,*,#4334,.F.);
#2068=ORIENTED_EDGE('',*,*,#4332,.F.);
#2069=ORIENTED_EDGE('',*,*,#4330,.F.);
#2070=ORIENTED_EDGE('',*,*,#4328,.F.);
#2071=ORIENTED_EDGE('',*,*,#4326,.F.);
#2072=ORIENTED_EDGE('',*,*,#4324,.F.);
#2073=ORIENTED_EDGE('',*,*,#4322,.F.);
#2074=ORIENTED_EDGE('',*,*,#4320,.F.);
#2075=ORIENTED_EDGE('',*,*,#4318,.F.);
#2076=ORIENTED_EDGE('',*,*,#4316,.F.);
#2077=ORIENTED_EDGE('',*,*,#4314,.F.);
#2078=ORIENTED_EDGE('',*,*,#4312,.F.);
#2079=ORIENTED_EDGE('',*,*,#4310,.F.);
#2080=ORIENTED_EDGE('',*,*,#4308,.F.);
#2081=ORIENTED_EDGE('',*,*,#4306,.F.);
#2082=ORIENTED_EDGE('',*,*,#4304,.F.);
#2083=ORIENTED_EDGE('',*,*,#4302,.F.);
#2084=ORIENTED_EDGE('',*,*,#4300,.F.);
#2085=ORIENTED_EDGE('',*,*,#4298,.F.);
#2086=ORIENTED_EDGE('',*,*,#4296,.F.);
#2087=ORIENTED_EDGE('',*,*,#4294,.F.);
#2088=ORIENTED_EDGE('',*,*,#4292,.F.);
#2089=ORIENTED_EDGE('',*,*,#4290,.F.);
#2090=ORIENTED_EDGE('',*,*,#4288,.F.);
#2091=ORIENTED_EDGE('',*,*,#4286,.F.);
#2092=ORIENTED_EDGE('',*,*,#4284,.F.);
#2093=ORIENTED_EDGE('',*,*,#4282,.F.);
#2094=ORIENTED_EDGE('',*,*,#4280,.F.);
#2095=ORIENTED_EDGE('',*,*,#4278,.F.);
#2096=ORIENTED_EDGE('',*,*,#4276,.F.);
#2097=ORIENTED_EDGE('',*,*,#4274,.F.);
#2098=ORIENTED_EDGE('',*,*,#4272,.F.);
#2099=ORIENTED_EDGE('',*,*,#4270,.F.);
#2100=ORIENTED_EDGE('',*,*,#4268,.F.);
#2101=ORIENTED_EDGE('',*,*,#4266,.F.);
#2102=ORIENTED_EDGE('',*,*,#4264,.F.);
#2103=ORIENTED_EDGE('',*,*,#4262,.F.);
#2104=ORIENTED_EDGE('',*,*,#4260,.F.);
#2105=ORIENTED_EDGE('',*,*,#4258,.F.);
#2106=ORIENTED_EDGE('',*,*,#4256,.F.);
#2107=ORIENTED_EDGE('',*,*,#4254,.F.);
#2108=ORIENTED_EDGE('',*,*,#4252,.F.);
#2109=ORIENTED_EDGE('',*,*,#4250,.F.);
#2110=ORIENTED_EDGE('',*,*,#4248,.F.);
#2111=ORIENTED_EDGE('',*,*,#4246,.F.);
#2112=ORIENTED_EDGE('',*,*,#4244,.F.);
#2113=ORIENTED_EDGE('',*,*,#4242,.F.);
#2114=ORIENTED_EDGE('',*,*,#4240,.F.);
#2115=ORIENTED_EDGE('',*,*,#4238,.F.);
#2116=ORIENTED_EDGE('',*,*,#4236,.F.);
#2117=ORIENTED_EDGE('',*,*,#4234,.F.);
#2118=ORIENTED_EDGE('',*,*,#3211,.F.);
#2119=ORIENTED_EDGE('',*,*,#4525,.F.);
#2120=ORIENTED_EDGE('',*,*,#3196,.T.);
#2121=ORIENTED_EDGE('',*,*,#4233,.T.);
#2122=ORIENTED_EDGE('',*,*,#4231,.T.);
#2123=ORIENTED_EDGE('',*,*,#4229,.T.);
#2124=ORIENTED_EDGE('',*,*,#4227,.T.);
#2125=ORIENTED_EDGE('',*,*,#4225,.T.);
#2126=ORIENTED_EDGE('',*,*,#4223,.T.);
#2127=ORIENTED_EDGE('',*,*,#4221,.T.);
#2128=ORIENTED_EDGE('',*,*,#4219,.T.);
#2129=ORIENTED_EDGE('',*,*,#4217,.T.);
#2130=ORIENTED_EDGE('',*,*,#4215,.T.);
#2131=ORIENTED_EDGE('',*,*,#4213,.T.);
#2132=ORIENTED_EDGE('',*,*,#4211,.T.);
#2133=ORIENTED_EDGE('',*,*,#4209,.T.);
#2134=ORIENTED_EDGE('',*,*,#4207,.T.);
#2135=ORIENTED_EDGE('',*,*,#4205,.T.);
#2136=ORIENTED_EDGE('',*,*,#4203,.T.);
#2137=ORIENTED_EDGE('',*,*,#4201,.T.);
#2138=ORIENTED_EDGE('',*,*,#4199,.T.);
#2139=ORIENTED_EDGE('',*,*,#4197,.T.);
#2140=ORIENTED_EDGE('',*,*,#4195,.T.);
#2141=ORIENTED_EDGE('',*,*,#4193,.T.);
#2142=ORIENTED_EDGE('',*,*,#4191,.T.);
#2143=ORIENTED_EDGE('',*,*,#4189,.T.);
#2144=ORIENTED_EDGE('',*,*,#4187,.T.);
#2145=ORIENTED_EDGE('',*,*,#4185,.T.);
#2146=ORIENTED_EDGE('',*,*,#4183,.T.);
#2147=ORIENTED_EDGE('',*,*,#4181,.T.);
#2148=ORIENTED_EDGE('',*,*,#4179,.T.);
#2149=ORIENTED_EDGE('',*,*,#4177,.T.);
#2150=ORIENTED_EDGE('',*,*,#4175,.T.);
#2151=ORIENTED_EDGE('',*,*,#4173,.T.);
#2152=ORIENTED_EDGE('',*,*,#4171,.T.);
#2153=ORIENTED_EDGE('',*,*,#4169,.T.);
#2154=ORIENTED_EDGE('',*,*,#4167,.T.);
#2155=ORIENTED_EDGE('',*,*,#4165,.T.);
#2156=ORIENTED_EDGE('',*,*,#4163,.T.);
#2157=ORIENTED_EDGE('',*,*,#4161,.T.);
#2158=ORIENTED_EDGE('',*,*,#4159,.T.);
#2159=ORIENTED_EDGE('',*,*,#4157,.T.);
#2160=ORIENTED_EDGE('',*,*,#4155,.T.);
#2161=ORIENTED_EDGE('',*,*,#4153,.T.);
#2162=ORIENTED_EDGE('',*,*,#4151,.T.);
#2163=ORIENTED_EDGE('',*,*,#4149,.T.);
#2164=ORIENTED_EDGE('',*,*,#4147,.T.);
#2165=ORIENTED_EDGE('',*,*,#4145,.T.);
#2166=ORIENTED_EDGE('',*,*,#4143,.T.);
#2167=ORIENTED_EDGE('',*,*,#4141,.T.);
#2168=ORIENTED_EDGE('',*,*,#4139,.T.);
#2169=ORIENTED_EDGE('',*,*,#4137,.T.);
#2170=ORIENTED_EDGE('',*,*,#4135,.T.);
#2171=ORIENTED_EDGE('',*,*,#4133,.T.);
#2172=ORIENTED_EDGE('',*,*,#4131,.T.);
#2173=ORIENTED_EDGE('',*,*,#4129,.T.);
#2174=ORIENTED_EDGE('',*,*,#4126,.T.);
#2175=ORIENTED_EDGE('',*,*,#4124,.T.);
#2176=ORIENTED_EDGE('',*,*,#4122,.T.);
#2177=ORIENTED_EDGE('',*,*,#4120,.T.);
#2178=ORIENTED_EDGE('',*,*,#4118,.T.);
#2179=ORIENTED_EDGE('',*,*,#4116,.T.);
#2180=ORIENTED_EDGE('',*,*,#4114,.T.);
#2181=ORIENTED_EDGE('',*,*,#4112,.T.);
#2182=ORIENTED_EDGE('',*,*,#4110,.T.);
#2183=ORIENTED_EDGE('',*,*,#4108,.T.);
#2184=ORIENTED_EDGE('',*,*,#4106,.T.);
#2185=ORIENTED_EDGE('',*,*,#4104,.T.);
#2186=ORIENTED_EDGE('',*,*,#4102,.T.);
#2187=ORIENTED_EDGE('',*,*,#4100,.T.);
#2188=ORIENTED_EDGE('',*,*,#4098,.T.);
#2189=ORIENTED_EDGE('',*,*,#4096,.T.);
#2190=ORIENTED_EDGE('',*,*,#4094,.T.);
#2191=ORIENTED_EDGE('',*,*,#4092,.T.);
#2192=ORIENTED_EDGE('',*,*,#4090,.T.);
#2193=ORIENTED_EDGE('',*,*,#4088,.T.);
#2194=ORIENTED_EDGE('',*,*,#4086,.T.);
#2195=ORIENTED_EDGE('',*,*,#4084,.T.);
#2196=ORIENTED_EDGE('',*,*,#4082,.T.);
#2197=ORIENTED_EDGE('',*,*,#4080,.T.);
#2198=ORIENTED_EDGE('',*,*,#4078,.T.);
#2199=ORIENTED_EDGE('',*,*,#4076,.T.);
#2200=ORIENTED_EDGE('',*,*,#4074,.T.);
#2201=ORIENTED_EDGE('',*,*,#4072,.T.);
#2202=ORIENTED_EDGE('',*,*,#4070,.T.);
#2203=ORIENTED_EDGE('',*,*,#4068,.T.);
#2204=ORIENTED_EDGE('',*,*,#4066,.T.);
#2205=ORIENTED_EDGE('',*,*,#4064,.T.);
#2206=ORIENTED_EDGE('',*,*,#4062,.T.);
#2207=ORIENTED_EDGE('',*,*,#4060,.T.);
#2208=ORIENTED_EDGE('',*,*,#4058,.T.);
#2209=ORIENTED_EDGE('',*,*,#4056,.T.);
#2210=ORIENTED_EDGE('',*,*,#4054,.T.);
#2211=ORIENTED_EDGE('',*,*,#4052,.T.);
#2212=ORIENTED_EDGE('',*,*,#4050,.T.);
#2213=ORIENTED_EDGE('',*,*,#4048,.T.);
#2214=ORIENTED_EDGE('',*,*,#4046,.T.);
#2215=ORIENTED_EDGE('',*,*,#4044,.T.);
#2216=ORIENTED_EDGE('',*,*,#4042,.T.);
#2217=ORIENTED_EDGE('',*,*,#4040,.T.);
#2218=ORIENTED_EDGE('',*,*,#4038,.T.);
#2219=ORIENTED_EDGE('',*,*,#4036,.T.);
#2220=ORIENTED_EDGE('',*,*,#4034,.T.);
#2221=ORIENTED_EDGE('',*,*,#4032,.T.);
#2222=ORIENTED_EDGE('',*,*,#4030,.T.);
#2223=ORIENTED_EDGE('',*,*,#4028,.T.);
#2224=ORIENTED_EDGE('',*,*,#4026,.T.);
#2225=ORIENTED_EDGE('',*,*,#4024,.T.);
#2226=ORIENTED_EDGE('',*,*,#4022,.T.);
#2227=ORIENTED_EDGE('',*,*,#4020,.T.);
#2228=ORIENTED_EDGE('',*,*,#4018,.T.);
#2229=ORIENTED_EDGE('',*,*,#4016,.T.);
#2230=ORIENTED_EDGE('',*,*,#4014,.T.);
#2231=ORIENTED_EDGE('',*,*,#4012,.T.);
#2232=ORIENTED_EDGE('',*,*,#4010,.T.);
#2233=ORIENTED_EDGE('',*,*,#4008,.T.);
#2234=ORIENTED_EDGE('',*,*,#4006,.T.);
#2235=ORIENTED_EDGE('',*,*,#4004,.T.);
#2236=ORIENTED_EDGE('',*,*,#4002,.T.);
#2237=ORIENTED_EDGE('',*,*,#4000,.T.);
#2238=ORIENTED_EDGE('',*,*,#3998,.T.);
#2239=ORIENTED_EDGE('',*,*,#3996,.T.);
#2240=ORIENTED_EDGE('',*,*,#3994,.T.);
#2241=ORIENTED_EDGE('',*,*,#3992,.T.);
#2242=ORIENTED_EDGE('',*,*,#3990,.T.);
#2243=ORIENTED_EDGE('',*,*,#3988,.T.);
#2244=ORIENTED_EDGE('',*,*,#3986,.T.);
#2245=ORIENTED_EDGE('',*,*,#3984,.T.);
#2246=ORIENTED_EDGE('',*,*,#3982,.T.);
#2247=ORIENTED_EDGE('',*,*,#3980,.T.);
#2248=ORIENTED_EDGE('',*,*,#3978,.T.);
#2249=ORIENTED_EDGE('',*,*,#3976,.T.);
#2250=ORIENTED_EDGE('',*,*,#3974,.T.);
#2251=ORIENTED_EDGE('',*,*,#3972,.T.);
#2252=ORIENTED_EDGE('',*,*,#3970,.T.);
#2253=ORIENTED_EDGE('',*,*,#4526,.T.);
#2254=ORIENTED_EDGE('',*,*,#4522,.F.);
#2255=ORIENTED_EDGE('',*,*,#4527,.F.);
#2256=ORIENTED_EDGE('',*,*,#3198,.T.);
#2257=ORIENTED_EDGE('',*,*,#4528,.T.);
#2258=ORIENTED_EDGE('',*,*,#3209,.F.);
#2259=ORIENTED_EDGE('',*,*,#4529,.T.);
#2260=ORIENTED_EDGE('',*,*,#4530,.T.);
#2261=ORIENTED_EDGE('',*,*,#4531,.F.);
#2262=ORIENTED_EDGE('',*,*,#3929,.F.);
#2263=ORIENTED_EDGE('',*,*,#3719,.F.);
#2264=ORIENTED_EDGE('',*,*,#4524,.F.);
#2265=ORIENTED_EDGE('',*,*,#4530,.F.);
#2266=ORIENTED_EDGE('',*,*,#4532,.T.);
#2267=ORIENTED_EDGE('',*,*,#4533,.T.);
#2268=ORIENTED_EDGE('',*,*,#3720,.F.);
#2269=ORIENTED_EDGE('',*,*,#4533,.F.);
#2270=ORIENTED_EDGE('',*,*,#4534,.T.);
#2271=ORIENTED_EDGE('',*,*,#4535,.T.);
#2272=ORIENTED_EDGE('',*,*,#3721,.F.);
#2273=ORIENTED_EDGE('',*,*,#4535,.F.);
#2274=ORIENTED_EDGE('',*,*,#4536,.T.);
#2275=ORIENTED_EDGE('',*,*,#4537,.T.);
#2276=ORIENTED_EDGE('',*,*,#3722,.F.);
#2277=ORIENTED_EDGE('',*,*,#4537,.F.);
#2278=ORIENTED_EDGE('',*,*,#4538,.T.);
#2279=ORIENTED_EDGE('',*,*,#4539,.T.);
#2280=ORIENTED_EDGE('',*,*,#3723,.F.);
#2281=ORIENTED_EDGE('',*,*,#4539,.F.);
#2282=ORIENTED_EDGE('',*,*,#4540,.T.);
#2283=ORIENTED_EDGE('',*,*,#4541,.T.);
#2284=ORIENTED_EDGE('',*,*,#3724,.F.);
#2285=ORIENTED_EDGE('',*,*,#4541,.F.);
#2286=ORIENTED_EDGE('',*,*,#4542,.T.);
#2287=ORIENTED_EDGE('',*,*,#4543,.T.);
#2288=ORIENTED_EDGE('',*,*,#3725,.F.);
#2289=ORIENTED_EDGE('',*,*,#4543,.F.);
#2290=ORIENTED_EDGE('',*,*,#4544,.T.);
#2291=ORIENTED_EDGE('',*,*,#4545,.T.);
#2292=ORIENTED_EDGE('',*,*,#3726,.F.);
#2293=ORIENTED_EDGE('',*,*,#4545,.F.);
#2294=ORIENTED_EDGE('',*,*,#4546,.T.);
#2295=ORIENTED_EDGE('',*,*,#4547,.T.);
#2296=ORIENTED_EDGE('',*,*,#3727,.F.);
#2297=ORIENTED_EDGE('',*,*,#4547,.F.);
#2298=ORIENTED_EDGE('',*,*,#4548,.T.);
#2299=ORIENTED_EDGE('',*,*,#3229,.T.);
#2300=ORIENTED_EDGE('',*,*,#3227,.F.);
#2301=ORIENTED_EDGE('',*,*,#4549,.T.);
#2302=ORIENTED_EDGE('',*,*,#4550,.T.);
#2303=ORIENTED_EDGE('',*,*,#3728,.F.);
#2304=ORIENTED_EDGE('',*,*,#4550,.F.);
#2305=ORIENTED_EDGE('',*,*,#4551,.T.);
#2306=ORIENTED_EDGE('',*,*,#4552,.T.);
#2307=ORIENTED_EDGE('',*,*,#3729,.F.);
#2308=ORIENTED_EDGE('',*,*,#4552,.F.);
#2309=ORIENTED_EDGE('',*,*,#4553,.T.);
#2310=ORIENTED_EDGE('',*,*,#4554,.T.);
#2311=ORIENTED_EDGE('',*,*,#3730,.F.);
#2312=ORIENTED_EDGE('',*,*,#4554,.F.);
#2313=ORIENTED_EDGE('',*,*,#4555,.T.);
#2314=ORIENTED_EDGE('',*,*,#4556,.T.);
#2315=ORIENTED_EDGE('',*,*,#3731,.F.);
#2316=ORIENTED_EDGE('',*,*,#4556,.F.);
#2317=ORIENTED_EDGE('',*,*,#4557,.T.);
#2318=ORIENTED_EDGE('',*,*,#4558,.T.);
#2319=ORIENTED_EDGE('',*,*,#3732,.F.);
#2320=ORIENTED_EDGE('',*,*,#4558,.F.);
#2321=ORIENTED_EDGE('',*,*,#4559,.T.);
#2322=ORIENTED_EDGE('',*,*,#4560,.T.);
#2323=ORIENTED_EDGE('',*,*,#3733,.F.);
#2324=ORIENTED_EDGE('',*,*,#4560,.F.);
#2325=ORIENTED_EDGE('',*,*,#4561,.T.);
#2326=ORIENTED_EDGE('',*,*,#4562,.T.);
#2327=ORIENTED_EDGE('',*,*,#3734,.F.);
#2328=ORIENTED_EDGE('',*,*,#4562,.F.);
#2329=ORIENTED_EDGE('',*,*,#4563,.T.);
#2330=ORIENTED_EDGE('',*,*,#4564,.T.);
#2331=ORIENTED_EDGE('',*,*,#3735,.F.);
#2332=ORIENTED_EDGE('',*,*,#4564,.F.);
#2333=ORIENTED_EDGE('',*,*,#4565,.T.);
#2334=ORIENTED_EDGE('',*,*,#4566,.T.);
#2335=ORIENTED_EDGE('',*,*,#3736,.F.);
#2336=ORIENTED_EDGE('',*,*,#4566,.F.);
#2337=ORIENTED_EDGE('',*,*,#4567,.T.);
#2338=ORIENTED_EDGE('',*,*,#4568,.T.);
#2339=ORIENTED_EDGE('',*,*,#3737,.F.);
#2340=ORIENTED_EDGE('',*,*,#4568,.F.);
#2341=ORIENTED_EDGE('',*,*,#4569,.T.);
#2342=ORIENTED_EDGE('',*,*,#4570,.T.);
#2343=ORIENTED_EDGE('',*,*,#3738,.F.);
#2344=ORIENTED_EDGE('',*,*,#4570,.F.);
#2345=ORIENTED_EDGE('',*,*,#4571,.T.);
#2346=ORIENTED_EDGE('',*,*,#4572,.T.);
#2347=ORIENTED_EDGE('',*,*,#3739,.F.);
#2348=ORIENTED_EDGE('',*,*,#4572,.F.);
#2349=ORIENTED_EDGE('',*,*,#4573,.T.);
#2350=ORIENTED_EDGE('',*,*,#4574,.T.);
#2351=ORIENTED_EDGE('',*,*,#3740,.F.);
#2352=ORIENTED_EDGE('',*,*,#4574,.F.);
#2353=ORIENTED_EDGE('',*,*,#4575,.T.);
#2354=ORIENTED_EDGE('',*,*,#3206,.T.);
#2355=ORIENTED_EDGE('',*,*,#3741,.F.);
#2356=ORIENTED_EDGE('',*,*,#3957,.T.);
#2357=ORIENTED_EDGE('',*,*,#3955,.T.);
#2358=ORIENTED_EDGE('',*,*,#3953,.T.);
#2359=ORIENTED_EDGE('',*,*,#3951,.T.);
#2360=ORIENTED_EDGE('',*,*,#3949,.T.);
#2361=ORIENTED_EDGE('',*,*,#3947,.T.);
#2362=ORIENTED_EDGE('',*,*,#3945,.T.);
#2363=ORIENTED_EDGE('',*,*,#3943,.T.);
#2364=ORIENTED_EDGE('',*,*,#3941,.T.);
#2365=ORIENTED_EDGE('',*,*,#3939,.T.);
#2366=ORIENTED_EDGE('',*,*,#3937,.T.);
#2367=ORIENTED_EDGE('',*,*,#3935,.T.);
#2368=ORIENTED_EDGE('',*,*,#3933,.T.);
#2369=ORIENTED_EDGE('',*,*,#3931,.T.);
#2370=ORIENTED_EDGE('',*,*,#3200,.T.);
#2371=ORIENTED_EDGE('',*,*,#4576,.T.);
#2372=ORIENTED_EDGE('',*,*,#3207,.F.);
#2373=ORIENTED_EDGE('',*,*,#4575,.F.);
#2374=ORIENTED_EDGE('',*,*,#4573,.F.);
#2375=ORIENTED_EDGE('',*,*,#4571,.F.);
#2376=ORIENTED_EDGE('',*,*,#4569,.F.);
#2377=ORIENTED_EDGE('',*,*,#4567,.F.);
#2378=ORIENTED_EDGE('',*,*,#4565,.F.);
#2379=ORIENTED_EDGE('',*,*,#4563,.F.);
#2380=ORIENTED_EDGE('',*,*,#4561,.F.);
#2381=ORIENTED_EDGE('',*,*,#4559,.F.);
#2382=ORIENTED_EDGE('',*,*,#4557,.F.);
#2383=ORIENTED_EDGE('',*,*,#4555,.F.);
#2384=ORIENTED_EDGE('',*,*,#4553,.F.);
#2385=ORIENTED_EDGE('',*,*,#4551,.F.);
#2386=ORIENTED_EDGE('',*,*,#4549,.F.);
#2387=ORIENTED_EDGE('',*,*,#3231,.F.);
#2388=ORIENTED_EDGE('',*,*,#4577,.F.);
#2389=ORIENTED_EDGE('',*,*,#3220,.T.);
#2390=ORIENTED_EDGE('',*,*,#4525,.T.);
#2391=ORIENTED_EDGE('',*,*,#3210,.T.);
#2392=ORIENTED_EDGE('',*,*,#4528,.F.);
#2393=ORIENTED_EDGE('',*,*,#3197,.F.);
#2394=ORIENTED_EDGE('',*,*,#4527,.T.);
#2395=ORIENTED_EDGE('',*,*,#3208,.F.);
#2396=ORIENTED_EDGE('',*,*,#4576,.F.);
#2397=ORIENTED_EDGE('',*,*,#3199,.T.);
#2398=ORIENTED_EDGE('',*,*,#4531,.T.);
#2399=ORIENTED_EDGE('',*,*,#4523,.T.);
#2400=ORIENTED_EDGE('',*,*,#4526,.F.);
#2401=ORIENTED_EDGE('',*,*,#3969,.F.);
#2402=ORIENTED_EDGE('',*,*,#3968,.T.);
#2403=ORIENTED_EDGE('',*,*,#3966,.T.);
#2404=ORIENTED_EDGE('',*,*,#3964,.T.);
#2405=ORIENTED_EDGE('',*,*,#3962,.T.);
#2406=ORIENTED_EDGE('',*,*,#3960,.T.);
#2407=ORIENTED_EDGE('',*,*,#3958,.T.);
#2408=ORIENTED_EDGE('',*,*,#3221,.T.);
#2409=ORIENTED_EDGE('',*,*,#4577,.T.);
#2410=ORIENTED_EDGE('',*,*,#3230,.F.);
#2411=ORIENTED_EDGE('',*,*,#4548,.F.);
#2412=ORIENTED_EDGE('',*,*,#4546,.F.);
#2413=ORIENTED_EDGE('',*,*,#4544,.F.);
#2414=ORIENTED_EDGE('',*,*,#4542,.F.);
#2415=ORIENTED_EDGE('',*,*,#4540,.F.);
#2416=ORIENTED_EDGE('',*,*,#4538,.F.);
#2417=ORIENTED_EDGE('',*,*,#4536,.F.);
#2418=ORIENTED_EDGE('',*,*,#4534,.F.);
#2419=ORIENTED_EDGE('',*,*,#4532,.F.);
#2420=ORIENTED_EDGE('',*,*,#4529,.F.);
#2421=ORIENTED_EDGE('',*,*,#3928,.T.);
#2422=ORIENTED_EDGE('',*,*,#4578,.T.);
#2423=ORIENTED_EDGE('',*,*,#3776,.T.);
#2424=ORIENTED_EDGE('',*,*,#4579,.F.);
#2425=ORIENTED_EDGE('',*,*,#3497,.F.);
#2426=ORIENTED_EDGE('',*,*,#4580,.T.);
#2427=ORIENTED_EDGE('',*,*,#3777,.T.);
#2428=ORIENTED_EDGE('',*,*,#4578,.F.);
#2429=ORIENTED_EDGE('',*,*,#3496,.F.);
#2430=ORIENTED_EDGE('',*,*,#4581,.T.);
#2431=ORIENTED_EDGE('',*,*,#3742,.T.);
#2432=ORIENTED_EDGE('',*,*,#4580,.F.);
#2433=ORIENTED_EDGE('',*,*,#3495,.F.);
#2434=ORIENTED_EDGE('',*,*,#4582,.T.);
#2435=ORIENTED_EDGE('',*,*,#3743,.T.);
#2436=ORIENTED_EDGE('',*,*,#4581,.F.);
#2437=ORIENTED_EDGE('',*,*,#3494,.F.);
#2438=ORIENTED_EDGE('',*,*,#4583,.T.);
#2439=ORIENTED_EDGE('',*,*,#3744,.T.);
#2440=ORIENTED_EDGE('',*,*,#4582,.F.);
#2441=ORIENTED_EDGE('',*,*,#3493,.F.);
#2442=ORIENTED_EDGE('',*,*,#4584,.T.);
#2443=ORIENTED_EDGE('',*,*,#3745,.T.);
#2444=ORIENTED_EDGE('',*,*,#4583,.F.);
#2445=ORIENTED_EDGE('',*,*,#3492,.F.);
#2446=ORIENTED_EDGE('',*,*,#4585,.T.);
#2447=ORIENTED_EDGE('',*,*,#3746,.T.);
#2448=ORIENTED_EDGE('',*,*,#4584,.F.);
#2449=ORIENTED_EDGE('',*,*,#3491,.F.);
#2450=ORIENTED_EDGE('',*,*,#4586,.T.);
#2451=ORIENTED_EDGE('',*,*,#3747,.T.);
#2452=ORIENTED_EDGE('',*,*,#4585,.F.);
#2453=ORIENTED_EDGE('',*,*,#3490,.F.);
#2454=ORIENTED_EDGE('',*,*,#4587,.T.);
#2455=ORIENTED_EDGE('',*,*,#3748,.T.);
#2456=ORIENTED_EDGE('',*,*,#4586,.F.);
#2457=ORIENTED_EDGE('',*,*,#3489,.F.);
#2458=ORIENTED_EDGE('',*,*,#4588,.T.);
#2459=ORIENTED_EDGE('',*,*,#3749,.T.);
#2460=ORIENTED_EDGE('',*,*,#4587,.F.);
#2461=ORIENTED_EDGE('',*,*,#3488,.F.);
#2462=ORIENTED_EDGE('',*,*,#4589,.T.);
#2463=ORIENTED_EDGE('',*,*,#3750,.T.);
#2464=ORIENTED_EDGE('',*,*,#4588,.F.);
#2465=ORIENTED_EDGE('',*,*,#3487,.F.);
#2466=ORIENTED_EDGE('',*,*,#4590,.T.);
#2467=ORIENTED_EDGE('',*,*,#3751,.T.);
#2468=ORIENTED_EDGE('',*,*,#4589,.F.);
#2469=ORIENTED_EDGE('',*,*,#3486,.F.);
#2470=ORIENTED_EDGE('',*,*,#4591,.T.);
#2471=ORIENTED_EDGE('',*,*,#3752,.T.);
#2472=ORIENTED_EDGE('',*,*,#4590,.F.);
#2473=ORIENTED_EDGE('',*,*,#3485,.F.);
#2474=ORIENTED_EDGE('',*,*,#4592,.T.);
#2475=ORIENTED_EDGE('',*,*,#3753,.T.);
#2476=ORIENTED_EDGE('',*,*,#4591,.F.);
#2477=ORIENTED_EDGE('',*,*,#3484,.F.);
#2478=ORIENTED_EDGE('',*,*,#4593,.T.);
#2479=ORIENTED_EDGE('',*,*,#3754,.T.);
#2480=ORIENTED_EDGE('',*,*,#4592,.F.);
#2481=ORIENTED_EDGE('',*,*,#3483,.F.);
#2482=ORIENTED_EDGE('',*,*,#4594,.T.);
#2483=ORIENTED_EDGE('',*,*,#3755,.T.);
#2484=ORIENTED_EDGE('',*,*,#4593,.F.);
#2485=ORIENTED_EDGE('',*,*,#3482,.F.);
#2486=ORIENTED_EDGE('',*,*,#4595,.T.);
#2487=ORIENTED_EDGE('',*,*,#3756,.T.);
#2488=ORIENTED_EDGE('',*,*,#4594,.F.);
#2489=ORIENTED_EDGE('',*,*,#3481,.F.);
#2490=ORIENTED_EDGE('',*,*,#4596,.T.);
#2491=ORIENTED_EDGE('',*,*,#3757,.T.);
#2492=ORIENTED_EDGE('',*,*,#4595,.F.);
#2493=ORIENTED_EDGE('',*,*,#3480,.F.);
#2494=ORIENTED_EDGE('',*,*,#4597,.T.);
#2495=ORIENTED_EDGE('',*,*,#3758,.T.);
#2496=ORIENTED_EDGE('',*,*,#4596,.F.);
#2497=ORIENTED_EDGE('',*,*,#3479,.F.);
#2498=ORIENTED_EDGE('',*,*,#4598,.T.);
#2499=ORIENTED_EDGE('',*,*,#3759,.T.);
#2500=ORIENTED_EDGE('',*,*,#4597,.F.);
#2501=ORIENTED_EDGE('',*,*,#3478,.F.);
#2502=ORIENTED_EDGE('',*,*,#4599,.T.);
#2503=ORIENTED_EDGE('',*,*,#3760,.T.);
#2504=ORIENTED_EDGE('',*,*,#4598,.F.);
#2505=ORIENTED_EDGE('',*,*,#3477,.F.);
#2506=ORIENTED_EDGE('',*,*,#4600,.T.);
#2507=ORIENTED_EDGE('',*,*,#3761,.T.);
#2508=ORIENTED_EDGE('',*,*,#4599,.F.);
#2509=ORIENTED_EDGE('',*,*,#3476,.F.);
#2510=ORIENTED_EDGE('',*,*,#4601,.T.);
#2511=ORIENTED_EDGE('',*,*,#3762,.T.);
#2512=ORIENTED_EDGE('',*,*,#4600,.F.);
#2513=ORIENTED_EDGE('',*,*,#3475,.F.);
#2514=ORIENTED_EDGE('',*,*,#4602,.T.);
#2515=ORIENTED_EDGE('',*,*,#3763,.T.);
#2516=ORIENTED_EDGE('',*,*,#4601,.F.);
#2517=ORIENTED_EDGE('',*,*,#3474,.F.);
#2518=ORIENTED_EDGE('',*,*,#4603,.T.);
#2519=ORIENTED_EDGE('',*,*,#3764,.T.);
#2520=ORIENTED_EDGE('',*,*,#4602,.F.);
#2521=ORIENTED_EDGE('',*,*,#3473,.F.);
#2522=ORIENTED_EDGE('',*,*,#4604,.T.);
#2523=ORIENTED_EDGE('',*,*,#3765,.T.);
#2524=ORIENTED_EDGE('',*,*,#4603,.F.);
#2525=ORIENTED_EDGE('',*,*,#3472,.F.);
#2526=ORIENTED_EDGE('',*,*,#4605,.T.);
#2527=ORIENTED_EDGE('',*,*,#3766,.T.);
#2528=ORIENTED_EDGE('',*,*,#4604,.F.);
#2529=ORIENTED_EDGE('',*,*,#3471,.F.);
#2530=ORIENTED_EDGE('',*,*,#4606,.T.);
#2531=ORIENTED_EDGE('',*,*,#3767,.T.);
#2532=ORIENTED_EDGE('',*,*,#4605,.F.);
#2533=ORIENTED_EDGE('',*,*,#3470,.F.);
#2534=ORIENTED_EDGE('',*,*,#4607,.T.);
#2535=ORIENTED_EDGE('',*,*,#3768,.T.);
#2536=ORIENTED_EDGE('',*,*,#4606,.F.);
#2537=ORIENTED_EDGE('',*,*,#3469,.F.);
#2538=ORIENTED_EDGE('',*,*,#4608,.T.);
#2539=ORIENTED_EDGE('',*,*,#3769,.T.);
#2540=ORIENTED_EDGE('',*,*,#4607,.F.);
#2541=ORIENTED_EDGE('',*,*,#3468,.F.);
#2542=ORIENTED_EDGE('',*,*,#4609,.T.);
#2543=ORIENTED_EDGE('',*,*,#3770,.T.);
#2544=ORIENTED_EDGE('',*,*,#4608,.F.);
#2545=ORIENTED_EDGE('',*,*,#3467,.F.);
#2546=ORIENTED_EDGE('',*,*,#4610,.T.);
#2547=ORIENTED_EDGE('',*,*,#3771,.T.);
#2548=ORIENTED_EDGE('',*,*,#4609,.F.);
#2549=ORIENTED_EDGE('',*,*,#3466,.F.);
#2550=ORIENTED_EDGE('',*,*,#4611,.T.);
#2551=ORIENTED_EDGE('',*,*,#3772,.T.);
#2552=ORIENTED_EDGE('',*,*,#4610,.F.);
#2553=ORIENTED_EDGE('',*,*,#3465,.F.);
#2554=ORIENTED_EDGE('',*,*,#4612,.T.);
#2555=ORIENTED_EDGE('',*,*,#3773,.T.);
#2556=ORIENTED_EDGE('',*,*,#4611,.F.);
#2557=ORIENTED_EDGE('',*,*,#3464,.F.);
#2558=ORIENTED_EDGE('',*,*,#4613,.T.);
#2559=ORIENTED_EDGE('',*,*,#3774,.T.);
#2560=ORIENTED_EDGE('',*,*,#4612,.F.);
#2561=ORIENTED_EDGE('',*,*,#3463,.F.);
#2562=ORIENTED_EDGE('',*,*,#4579,.T.);
#2563=ORIENTED_EDGE('',*,*,#3775,.T.);
#2564=ORIENTED_EDGE('',*,*,#4613,.F.);
#2565=ORIENTED_EDGE('',*,*,#3462,.F.);
#2566=ORIENTED_EDGE('',*,*,#4614,.T.);
#2567=ORIENTED_EDGE('',*,*,#3811,.T.);
#2568=ORIENTED_EDGE('',*,*,#4615,.F.);
#2569=ORIENTED_EDGE('',*,*,#3308,.F.);
#2570=ORIENTED_EDGE('',*,*,#4616,.T.);
#2571=ORIENTED_EDGE('',*,*,#3812,.T.);
#2572=ORIENTED_EDGE('',*,*,#4614,.F.);
#2573=ORIENTED_EDGE('',*,*,#3307,.F.);
#2574=ORIENTED_EDGE('',*,*,#4617,.T.);
#2575=ORIENTED_EDGE('',*,*,#3778,.T.);
#2576=ORIENTED_EDGE('',*,*,#4616,.F.);
#2577=ORIENTED_EDGE('',*,*,#3306,.F.);
#2578=ORIENTED_EDGE('',*,*,#4618,.T.);
#2579=ORIENTED_EDGE('',*,*,#3779,.T.);
#2580=ORIENTED_EDGE('',*,*,#4617,.F.);
#2581=ORIENTED_EDGE('',*,*,#3305,.F.);
#2582=ORIENTED_EDGE('',*,*,#4619,.T.);
#2583=ORIENTED_EDGE('',*,*,#3780,.T.);
#2584=ORIENTED_EDGE('',*,*,#4618,.F.);
#2585=ORIENTED_EDGE('',*,*,#3304,.F.);
#2586=ORIENTED_EDGE('',*,*,#4620,.T.);
#2587=ORIENTED_EDGE('',*,*,#3781,.T.);
#2588=ORIENTED_EDGE('',*,*,#4619,.F.);
#2589=ORIENTED_EDGE('',*,*,#3303,.F.);
#2590=ORIENTED_EDGE('',*,*,#4621,.T.);
#2591=ORIENTED_EDGE('',*,*,#3782,.T.);
#2592=ORIENTED_EDGE('',*,*,#4620,.F.);
#2593=ORIENTED_EDGE('',*,*,#3302,.F.);
#2594=ORIENTED_EDGE('',*,*,#4622,.T.);
#2595=ORIENTED_EDGE('',*,*,#3783,.T.);
#2596=ORIENTED_EDGE('',*,*,#4621,.F.);
#2597=ORIENTED_EDGE('',*,*,#3301,.F.);
#2598=ORIENTED_EDGE('',*,*,#4623,.T.);
#2599=ORIENTED_EDGE('',*,*,#3784,.T.);
#2600=ORIENTED_EDGE('',*,*,#4622,.F.);
#2601=ORIENTED_EDGE('',*,*,#3300,.F.);
#2602=ORIENTED_EDGE('',*,*,#4624,.T.);
#2603=ORIENTED_EDGE('',*,*,#3785,.T.);
#2604=ORIENTED_EDGE('',*,*,#4623,.F.);
#2605=ORIENTED_EDGE('',*,*,#3299,.F.);
#2606=ORIENTED_EDGE('',*,*,#4625,.T.);
#2607=ORIENTED_EDGE('',*,*,#3786,.T.);
#2608=ORIENTED_EDGE('',*,*,#4624,.F.);
#2609=ORIENTED_EDGE('',*,*,#3298,.F.);
#2610=ORIENTED_EDGE('',*,*,#4626,.T.);
#2611=ORIENTED_EDGE('',*,*,#3787,.T.);
#2612=ORIENTED_EDGE('',*,*,#4625,.F.);
#2613=ORIENTED_EDGE('',*,*,#3297,.F.);
#2614=ORIENTED_EDGE('',*,*,#4627,.T.);
#2615=ORIENTED_EDGE('',*,*,#3788,.T.);
#2616=ORIENTED_EDGE('',*,*,#4626,.F.);
#2617=ORIENTED_EDGE('',*,*,#3296,.F.);
#2618=ORIENTED_EDGE('',*,*,#4628,.T.);
#2619=ORIENTED_EDGE('',*,*,#3789,.T.);
#2620=ORIENTED_EDGE('',*,*,#4627,.F.);
#2621=ORIENTED_EDGE('',*,*,#3295,.F.);
#2622=ORIENTED_EDGE('',*,*,#4629,.T.);
#2623=ORIENTED_EDGE('',*,*,#3790,.T.);
#2624=ORIENTED_EDGE('',*,*,#4628,.F.);
#2625=ORIENTED_EDGE('',*,*,#3294,.F.);
#2626=ORIENTED_EDGE('',*,*,#4630,.T.);
#2627=ORIENTED_EDGE('',*,*,#3791,.T.);
#2628=ORIENTED_EDGE('',*,*,#4629,.F.);
#2629=ORIENTED_EDGE('',*,*,#3293,.F.);
#2630=ORIENTED_EDGE('',*,*,#4631,.T.);
#2631=ORIENTED_EDGE('',*,*,#3792,.T.);
#2632=ORIENTED_EDGE('',*,*,#4630,.F.);
#2633=ORIENTED_EDGE('',*,*,#3292,.F.);
#2634=ORIENTED_EDGE('',*,*,#4632,.T.);
#2635=ORIENTED_EDGE('',*,*,#3793,.T.);
#2636=ORIENTED_EDGE('',*,*,#4631,.F.);
#2637=ORIENTED_EDGE('',*,*,#3291,.F.);
#2638=ORIENTED_EDGE('',*,*,#4633,.T.);
#2639=ORIENTED_EDGE('',*,*,#3794,.T.);
#2640=ORIENTED_EDGE('',*,*,#4632,.F.);
#2641=ORIENTED_EDGE('',*,*,#3290,.F.);
#2642=ORIENTED_EDGE('',*,*,#4634,.T.);
#2643=ORIENTED_EDGE('',*,*,#3795,.T.);
#2644=ORIENTED_EDGE('',*,*,#4633,.F.);
#2645=ORIENTED_EDGE('',*,*,#3289,.F.);
#2646=ORIENTED_EDGE('',*,*,#4635,.T.);
#2647=ORIENTED_EDGE('',*,*,#3796,.T.);
#2648=ORIENTED_EDGE('',*,*,#4634,.F.);
#2649=ORIENTED_EDGE('',*,*,#3288,.F.);
#2650=ORIENTED_EDGE('',*,*,#4636,.T.);
#2651=ORIENTED_EDGE('',*,*,#3797,.T.);
#2652=ORIENTED_EDGE('',*,*,#4635,.F.);
#2653=ORIENTED_EDGE('',*,*,#3287,.F.);
#2654=ORIENTED_EDGE('',*,*,#4637,.T.);
#2655=ORIENTED_EDGE('',*,*,#3798,.T.);
#2656=ORIENTED_EDGE('',*,*,#4636,.F.);
#2657=ORIENTED_EDGE('',*,*,#3286,.F.);
#2658=ORIENTED_EDGE('',*,*,#4638,.T.);
#2659=ORIENTED_EDGE('',*,*,#3799,.T.);
#2660=ORIENTED_EDGE('',*,*,#4637,.F.);
#2661=ORIENTED_EDGE('',*,*,#3285,.F.);
#2662=ORIENTED_EDGE('',*,*,#4639,.T.);
#2663=ORIENTED_EDGE('',*,*,#3800,.T.);
#2664=ORIENTED_EDGE('',*,*,#4638,.F.);
#2665=ORIENTED_EDGE('',*,*,#3284,.F.);
#2666=ORIENTED_EDGE('',*,*,#4640,.T.);
#2667=ORIENTED_EDGE('',*,*,#3801,.T.);
#2668=ORIENTED_EDGE('',*,*,#4639,.F.);
#2669=ORIENTED_EDGE('',*,*,#3283,.F.);
#2670=ORIENTED_EDGE('',*,*,#4641,.T.);
#2671=ORIENTED_EDGE('',*,*,#3802,.T.);
#2672=ORIENTED_EDGE('',*,*,#4640,.F.);
#2673=ORIENTED_EDGE('',*,*,#3282,.F.);
#2674=ORIENTED_EDGE('',*,*,#4642,.T.);
#2675=ORIENTED_EDGE('',*,*,#3803,.T.);
#2676=ORIENTED_EDGE('',*,*,#4641,.F.);
#2677=ORIENTED_EDGE('',*,*,#3281,.F.);
#2678=ORIENTED_EDGE('',*,*,#4643,.T.);
#2679=ORIENTED_EDGE('',*,*,#3804,.T.);
#2680=ORIENTED_EDGE('',*,*,#4642,.F.);
#2681=ORIENTED_EDGE('',*,*,#3280,.F.);
#2682=ORIENTED_EDGE('',*,*,#4644,.T.);
#2683=ORIENTED_EDGE('',*,*,#3805,.T.);
#2684=ORIENTED_EDGE('',*,*,#4643,.F.);
#2685=ORIENTED_EDGE('',*,*,#3279,.F.);
#2686=ORIENTED_EDGE('',*,*,#4645,.T.);
#2687=ORIENTED_EDGE('',*,*,#3806,.T.);
#2688=ORIENTED_EDGE('',*,*,#4644,.F.);
#2689=ORIENTED_EDGE('',*,*,#3278,.F.);
#2690=ORIENTED_EDGE('',*,*,#4646,.T.);
#2691=ORIENTED_EDGE('',*,*,#3807,.T.);
#2692=ORIENTED_EDGE('',*,*,#4645,.F.);
#2693=ORIENTED_EDGE('',*,*,#3277,.F.);
#2694=ORIENTED_EDGE('',*,*,#4647,.T.);
#2695=ORIENTED_EDGE('',*,*,#3808,.T.);
#2696=ORIENTED_EDGE('',*,*,#4646,.F.);
#2697=ORIENTED_EDGE('',*,*,#3276,.F.);
#2698=ORIENTED_EDGE('',*,*,#4648,.T.);
#2699=ORIENTED_EDGE('',*,*,#3809,.T.);
#2700=ORIENTED_EDGE('',*,*,#4647,.F.);
#2701=ORIENTED_EDGE('',*,*,#3275,.F.);
#2702=ORIENTED_EDGE('',*,*,#4615,.T.);
#2703=ORIENTED_EDGE('',*,*,#3810,.T.);
#2704=ORIENTED_EDGE('',*,*,#4648,.F.);
#2705=ORIENTED_EDGE('',*,*,#3274,.F.);
#2706=ORIENTED_EDGE('',*,*,#4649,.T.);
#2707=ORIENTED_EDGE('',*,*,#3851,.T.);
#2708=ORIENTED_EDGE('',*,*,#4650,.F.);
#2709=ORIENTED_EDGE('',*,*,#3537,.F.);
#2710=ORIENTED_EDGE('',*,*,#4651,.T.);
#2711=ORIENTED_EDGE('',*,*,#3852,.T.);
#2712=ORIENTED_EDGE('',*,*,#4649,.F.);
#2713=ORIENTED_EDGE('',*,*,#3536,.F.);
#2714=ORIENTED_EDGE('',*,*,#4652,.T.);
#2715=ORIENTED_EDGE('',*,*,#3813,.T.);
#2716=ORIENTED_EDGE('',*,*,#4651,.F.);
#2717=ORIENTED_EDGE('',*,*,#3535,.F.);
#2718=ORIENTED_EDGE('',*,*,#4653,.T.);
#2719=ORIENTED_EDGE('',*,*,#3814,.T.);
#2720=ORIENTED_EDGE('',*,*,#4652,.F.);
#2721=ORIENTED_EDGE('',*,*,#3534,.F.);
#2722=ORIENTED_EDGE('',*,*,#4654,.T.);
#2723=ORIENTED_EDGE('',*,*,#3815,.T.);
#2724=ORIENTED_EDGE('',*,*,#4653,.F.);
#2725=ORIENTED_EDGE('',*,*,#3533,.F.);
#2726=ORIENTED_EDGE('',*,*,#4655,.T.);
#2727=ORIENTED_EDGE('',*,*,#3816,.T.);
#2728=ORIENTED_EDGE('',*,*,#4654,.F.);
#2729=ORIENTED_EDGE('',*,*,#3532,.F.);
#2730=ORIENTED_EDGE('',*,*,#4656,.T.);
#2731=ORIENTED_EDGE('',*,*,#3817,.T.);
#2732=ORIENTED_EDGE('',*,*,#4655,.F.);
#2733=ORIENTED_EDGE('',*,*,#3531,.F.);
#2734=ORIENTED_EDGE('',*,*,#4657,.T.);
#2735=ORIENTED_EDGE('',*,*,#3818,.T.);
#2736=ORIENTED_EDGE('',*,*,#4656,.F.);
#2737=ORIENTED_EDGE('',*,*,#3530,.F.);
#2738=ORIENTED_EDGE('',*,*,#4658,.T.);
#2739=ORIENTED_EDGE('',*,*,#3819,.T.);
#2740=ORIENTED_EDGE('',*,*,#4657,.F.);
#2741=ORIENTED_EDGE('',*,*,#3529,.F.);
#2742=ORIENTED_EDGE('',*,*,#4659,.T.);
#2743=ORIENTED_EDGE('',*,*,#3820,.T.);
#2744=ORIENTED_EDGE('',*,*,#4658,.F.);
#2745=ORIENTED_EDGE('',*,*,#3528,.F.);
#2746=ORIENTED_EDGE('',*,*,#4660,.T.);
#2747=ORIENTED_EDGE('',*,*,#3821,.T.);
#2748=ORIENTED_EDGE('',*,*,#4659,.F.);
#2749=ORIENTED_EDGE('',*,*,#3527,.F.);
#2750=ORIENTED_EDGE('',*,*,#4661,.T.);
#2751=ORIENTED_EDGE('',*,*,#3822,.T.);
#2752=ORIENTED_EDGE('',*,*,#4660,.F.);
#2753=ORIENTED_EDGE('',*,*,#3526,.F.);
#2754=ORIENTED_EDGE('',*,*,#4662,.T.);
#2755=ORIENTED_EDGE('',*,*,#3823,.T.);
#2756=ORIENTED_EDGE('',*,*,#4661,.F.);
#2757=ORIENTED_EDGE('',*,*,#3525,.F.);
#2758=ORIENTED_EDGE('',*,*,#4663,.T.);
#2759=ORIENTED_EDGE('',*,*,#3824,.T.);
#2760=ORIENTED_EDGE('',*,*,#4662,.F.);
#2761=ORIENTED_EDGE('',*,*,#3524,.F.);
#2762=ORIENTED_EDGE('',*,*,#4664,.T.);
#2763=ORIENTED_EDGE('',*,*,#3825,.T.);
#2764=ORIENTED_EDGE('',*,*,#4663,.F.);
#2765=ORIENTED_EDGE('',*,*,#3523,.F.);
#2766=ORIENTED_EDGE('',*,*,#4665,.T.);
#2767=ORIENTED_EDGE('',*,*,#3826,.T.);
#2768=ORIENTED_EDGE('',*,*,#4664,.F.);
#2769=ORIENTED_EDGE('',*,*,#3522,.F.);
#2770=ORIENTED_EDGE('',*,*,#4666,.T.);
#2771=ORIENTED_EDGE('',*,*,#3827,.T.);
#2772=ORIENTED_EDGE('',*,*,#4665,.F.);
#2773=ORIENTED_EDGE('',*,*,#3521,.F.);
#2774=ORIENTED_EDGE('',*,*,#4667,.T.);
#2775=ORIENTED_EDGE('',*,*,#3828,.T.);
#2776=ORIENTED_EDGE('',*,*,#4666,.F.);
#2777=ORIENTED_EDGE('',*,*,#3520,.F.);
#2778=ORIENTED_EDGE('',*,*,#4668,.T.);
#2779=ORIENTED_EDGE('',*,*,#3829,.T.);
#2780=ORIENTED_EDGE('',*,*,#4667,.F.);
#2781=ORIENTED_EDGE('',*,*,#3519,.F.);
#2782=ORIENTED_EDGE('',*,*,#4669,.T.);
#2783=ORIENTED_EDGE('',*,*,#3830,.T.);
#2784=ORIENTED_EDGE('',*,*,#4668,.F.);
#2785=ORIENTED_EDGE('',*,*,#3518,.F.);
#2786=ORIENTED_EDGE('',*,*,#4670,.T.);
#2787=ORIENTED_EDGE('',*,*,#3831,.T.);
#2788=ORIENTED_EDGE('',*,*,#4669,.F.);
#2789=ORIENTED_EDGE('',*,*,#3517,.F.);
#2790=ORIENTED_EDGE('',*,*,#4671,.T.);
#2791=ORIENTED_EDGE('',*,*,#3832,.T.);
#2792=ORIENTED_EDGE('',*,*,#4670,.F.);
#2793=ORIENTED_EDGE('',*,*,#3516,.F.);
#2794=ORIENTED_EDGE('',*,*,#4672,.T.);
#2795=ORIENTED_EDGE('',*,*,#3833,.T.);
#2796=ORIENTED_EDGE('',*,*,#4671,.F.);
#2797=ORIENTED_EDGE('',*,*,#3515,.F.);
#2798=ORIENTED_EDGE('',*,*,#4673,.T.);
#2799=ORIENTED_EDGE('',*,*,#3834,.T.);
#2800=ORIENTED_EDGE('',*,*,#4672,.F.);
#2801=ORIENTED_EDGE('',*,*,#3514,.F.);
#2802=ORIENTED_EDGE('',*,*,#4674,.T.);
#2803=ORIENTED_EDGE('',*,*,#3835,.T.);
#2804=ORIENTED_EDGE('',*,*,#4673,.F.);
#2805=ORIENTED_EDGE('',*,*,#3513,.F.);
#2806=ORIENTED_EDGE('',*,*,#4675,.T.);
#2807=ORIENTED_EDGE('',*,*,#3836,.T.);
#2808=ORIENTED_EDGE('',*,*,#4674,.F.);
#2809=ORIENTED_EDGE('',*,*,#3512,.F.);
#2810=ORIENTED_EDGE('',*,*,#4676,.T.);
#2811=ORIENTED_EDGE('',*,*,#3837,.T.);
#2812=ORIENTED_EDGE('',*,*,#4675,.F.);
#2813=ORIENTED_EDGE('',*,*,#3511,.F.);
#2814=ORIENTED_EDGE('',*,*,#4677,.T.);
#2815=ORIENTED_EDGE('',*,*,#3838,.T.);
#2816=ORIENTED_EDGE('',*,*,#4676,.F.);
#2817=ORIENTED_EDGE('',*,*,#3510,.F.);
#2818=ORIENTED_EDGE('',*,*,#4678,.T.);
#2819=ORIENTED_EDGE('',*,*,#3839,.T.);
#2820=ORIENTED_EDGE('',*,*,#4677,.F.);
#2821=ORIENTED_EDGE('',*,*,#3509,.F.);
#2822=ORIENTED_EDGE('',*,*,#4679,.T.);
#2823=ORIENTED_EDGE('',*,*,#3840,.T.);
#2824=ORIENTED_EDGE('',*,*,#4678,.F.);
#2825=ORIENTED_EDGE('',*,*,#3508,.F.);
#2826=ORIENTED_EDGE('',*,*,#4680,.T.);
#2827=ORIENTED_EDGE('',*,*,#3841,.T.);
#2828=ORIENTED_EDGE('',*,*,#4679,.F.);
#2829=ORIENTED_EDGE('',*,*,#3507,.F.);
#2830=ORIENTED_EDGE('',*,*,#4681,.T.);
#2831=ORIENTED_EDGE('',*,*,#3842,.T.);
#2832=ORIENTED_EDGE('',*,*,#4680,.F.);
#2833=ORIENTED_EDGE('',*,*,#3506,.F.);
#2834=ORIENTED_EDGE('',*,*,#4682,.T.);
#2835=ORIENTED_EDGE('',*,*,#3843,.T.);
#2836=ORIENTED_EDGE('',*,*,#4681,.F.);
#2837=ORIENTED_EDGE('',*,*,#3505,.F.);
#2838=ORIENTED_EDGE('',*,*,#4683,.T.);
#2839=ORIENTED_EDGE('',*,*,#3844,.T.);
#2840=ORIENTED_EDGE('',*,*,#4682,.F.);
#2841=ORIENTED_EDGE('',*,*,#3504,.F.);
#2842=ORIENTED_EDGE('',*,*,#4684,.T.);
#2843=ORIENTED_EDGE('',*,*,#3845,.T.);
#2844=ORIENTED_EDGE('',*,*,#4683,.F.);
#2845=ORIENTED_EDGE('',*,*,#3503,.F.);
#2846=ORIENTED_EDGE('',*,*,#4685,.T.);
#2847=ORIENTED_EDGE('',*,*,#3846,.T.);
#2848=ORIENTED_EDGE('',*,*,#4684,.F.);
#2849=ORIENTED_EDGE('',*,*,#3502,.F.);
#2850=ORIENTED_EDGE('',*,*,#4686,.T.);
#2851=ORIENTED_EDGE('',*,*,#3847,.T.);
#2852=ORIENTED_EDGE('',*,*,#4685,.F.);
#2853=ORIENTED_EDGE('',*,*,#3501,.F.);
#2854=ORIENTED_EDGE('',*,*,#4687,.T.);
#2855=ORIENTED_EDGE('',*,*,#3848,.T.);
#2856=ORIENTED_EDGE('',*,*,#4686,.F.);
#2857=ORIENTED_EDGE('',*,*,#3500,.F.);
#2858=ORIENTED_EDGE('',*,*,#4688,.T.);
#2859=ORIENTED_EDGE('',*,*,#3849,.T.);
#2860=ORIENTED_EDGE('',*,*,#4687,.F.);
#2861=ORIENTED_EDGE('',*,*,#3499,.F.);
#2862=ORIENTED_EDGE('',*,*,#4650,.T.);
#2863=ORIENTED_EDGE('',*,*,#3850,.T.);
#2864=ORIENTED_EDGE('',*,*,#4688,.F.);
#2865=ORIENTED_EDGE('',*,*,#3498,.F.);
#2866=ORIENTED_EDGE('',*,*,#4689,.T.);
#2867=ORIENTED_EDGE('',*,*,#3889,.T.);
#2868=ORIENTED_EDGE('',*,*,#4690,.F.);
#2869=ORIENTED_EDGE('',*,*,#3273,.F.);
#2870=ORIENTED_EDGE('',*,*,#4691,.T.);
#2871=ORIENTED_EDGE('',*,*,#3890,.T.);
#2872=ORIENTED_EDGE('',*,*,#4689,.F.);
#2873=ORIENTED_EDGE('',*,*,#3272,.F.);
#2874=ORIENTED_EDGE('',*,*,#4692,.T.);
#2875=ORIENTED_EDGE('',*,*,#3853,.T.);
#2876=ORIENTED_EDGE('',*,*,#4691,.F.);
#2877=ORIENTED_EDGE('',*,*,#3271,.F.);
#2878=ORIENTED_EDGE('',*,*,#4693,.T.);
#2879=ORIENTED_EDGE('',*,*,#3854,.T.);
#2880=ORIENTED_EDGE('',*,*,#4692,.F.);
#2881=ORIENTED_EDGE('',*,*,#3270,.F.);
#2882=ORIENTED_EDGE('',*,*,#4694,.T.);
#2883=ORIENTED_EDGE('',*,*,#3855,.T.);
#2884=ORIENTED_EDGE('',*,*,#4693,.F.);
#2885=ORIENTED_EDGE('',*,*,#3269,.F.);
#2886=ORIENTED_EDGE('',*,*,#4695,.T.);
#2887=ORIENTED_EDGE('',*,*,#3856,.T.);
#2888=ORIENTED_EDGE('',*,*,#4694,.F.);
#2889=ORIENTED_EDGE('',*,*,#3268,.F.);
#2890=ORIENTED_EDGE('',*,*,#4696,.T.);
#2891=ORIENTED_EDGE('',*,*,#3857,.T.);
#2892=ORIENTED_EDGE('',*,*,#4695,.F.);
#2893=ORIENTED_EDGE('',*,*,#3267,.F.);
#2894=ORIENTED_EDGE('',*,*,#4697,.T.);
#2895=ORIENTED_EDGE('',*,*,#3858,.T.);
#2896=ORIENTED_EDGE('',*,*,#4696,.F.);
#2897=ORIENTED_EDGE('',*,*,#3266,.F.);
#2898=ORIENTED_EDGE('',*,*,#4698,.T.);
#2899=ORIENTED_EDGE('',*,*,#3859,.T.);
#2900=ORIENTED_EDGE('',*,*,#4697,.F.);
#2901=ORIENTED_EDGE('',*,*,#3265,.F.);
#2902=ORIENTED_EDGE('',*,*,#4699,.T.);
#2903=ORIENTED_EDGE('',*,*,#3860,.T.);
#2904=ORIENTED_EDGE('',*,*,#4698,.F.);
#2905=ORIENTED_EDGE('',*,*,#3264,.F.);
#2906=ORIENTED_EDGE('',*,*,#4700,.T.);
#2907=ORIENTED_EDGE('',*,*,#3861,.T.);
#2908=ORIENTED_EDGE('',*,*,#4699,.F.);
#2909=ORIENTED_EDGE('',*,*,#3263,.F.);
#2910=ORIENTED_EDGE('',*,*,#4701,.T.);
#2911=ORIENTED_EDGE('',*,*,#3862,.T.);
#2912=ORIENTED_EDGE('',*,*,#4700,.F.);
#2913=ORIENTED_EDGE('',*,*,#3262,.F.);
#2914=ORIENTED_EDGE('',*,*,#4702,.T.);
#2915=ORIENTED_EDGE('',*,*,#3863,.T.);
#2916=ORIENTED_EDGE('',*,*,#4701,.F.);
#2917=ORIENTED_EDGE('',*,*,#3261,.F.);
#2918=ORIENTED_EDGE('',*,*,#4703,.T.);
#2919=ORIENTED_EDGE('',*,*,#3864,.T.);
#2920=ORIENTED_EDGE('',*,*,#4702,.F.);
#2921=ORIENTED_EDGE('',*,*,#3260,.F.);
#2922=ORIENTED_EDGE('',*,*,#4704,.T.);
#2923=ORIENTED_EDGE('',*,*,#3865,.T.);
#2924=ORIENTED_EDGE('',*,*,#4703,.F.);
#2925=ORIENTED_EDGE('',*,*,#3259,.F.);
#2926=ORIENTED_EDGE('',*,*,#4705,.T.);
#2927=ORIENTED_EDGE('',*,*,#3866,.T.);
#2928=ORIENTED_EDGE('',*,*,#4704,.F.);
#2929=ORIENTED_EDGE('',*,*,#3258,.F.);
#2930=ORIENTED_EDGE('',*,*,#4706,.T.);
#2931=ORIENTED_EDGE('',*,*,#3867,.T.);
#2932=ORIENTED_EDGE('',*,*,#4705,.F.);
#2933=ORIENTED_EDGE('',*,*,#3257,.F.);
#2934=ORIENTED_EDGE('',*,*,#4707,.T.);
#2935=ORIENTED_EDGE('',*,*,#3868,.T.);
#2936=ORIENTED_EDGE('',*,*,#4706,.F.);
#2937=ORIENTED_EDGE('',*,*,#3256,.F.);
#2938=ORIENTED_EDGE('',*,*,#4708,.T.);
#2939=ORIENTED_EDGE('',*,*,#3869,.T.);
#2940=ORIENTED_EDGE('',*,*,#4707,.F.);
#2941=ORIENTED_EDGE('',*,*,#3255,.F.);
#2942=ORIENTED_EDGE('',*,*,#4709,.T.);
#2943=ORIENTED_EDGE('',*,*,#3870,.T.);
#2944=ORIENTED_EDGE('',*,*,#4708,.F.);
#2945=ORIENTED_EDGE('',*,*,#3254,.F.);
#2946=ORIENTED_EDGE('',*,*,#4710,.T.);
#2947=ORIENTED_EDGE('',*,*,#3871,.T.);
#2948=ORIENTED_EDGE('',*,*,#4709,.F.);
#2949=ORIENTED_EDGE('',*,*,#3253,.F.);
#2950=ORIENTED_EDGE('',*,*,#4711,.T.);
#2951=ORIENTED_EDGE('',*,*,#3872,.T.);
#2952=ORIENTED_EDGE('',*,*,#4710,.F.);
#2953=ORIENTED_EDGE('',*,*,#3252,.F.);
#2954=ORIENTED_EDGE('',*,*,#4712,.T.);
#2955=ORIENTED_EDGE('',*,*,#3873,.T.);
#2956=ORIENTED_EDGE('',*,*,#4711,.F.);
#2957=ORIENTED_EDGE('',*,*,#3251,.F.);
#2958=ORIENTED_EDGE('',*,*,#4713,.T.);
#2959=ORIENTED_EDGE('',*,*,#3874,.T.);
#2960=ORIENTED_EDGE('',*,*,#4712,.F.);
#2961=ORIENTED_EDGE('',*,*,#3250,.F.);
#2962=ORIENTED_EDGE('',*,*,#4714,.T.);
#2963=ORIENTED_EDGE('',*,*,#3875,.T.);
#2964=ORIENTED_EDGE('',*,*,#4713,.F.);
#2965=ORIENTED_EDGE('',*,*,#3249,.F.);
#2966=ORIENTED_EDGE('',*,*,#4715,.T.);
#2967=ORIENTED_EDGE('',*,*,#3876,.T.);
#2968=ORIENTED_EDGE('',*,*,#4714,.F.);
#2969=ORIENTED_EDGE('',*,*,#3248,.F.);
#2970=ORIENTED_EDGE('',*,*,#4716,.T.);
#2971=ORIENTED_EDGE('',*,*,#3877,.T.);
#2972=ORIENTED_EDGE('',*,*,#4715,.F.);
#2973=ORIENTED_EDGE('',*,*,#3247,.F.);
#2974=ORIENTED_EDGE('',*,*,#4717,.T.);
#2975=ORIENTED_EDGE('',*,*,#3878,.T.);
#2976=ORIENTED_EDGE('',*,*,#4716,.F.);
#2977=ORIENTED_EDGE('',*,*,#3246,.F.);
#2978=ORIENTED_EDGE('',*,*,#4718,.T.);
#2979=ORIENTED_EDGE('',*,*,#3879,.T.);
#2980=ORIENTED_EDGE('',*,*,#4717,.F.);
#2981=ORIENTED_EDGE('',*,*,#3245,.F.);
#2982=ORIENTED_EDGE('',*,*,#4719,.T.);
#2983=ORIENTED_EDGE('',*,*,#3880,.T.);
#2984=ORIENTED_EDGE('',*,*,#4718,.F.);
#2985=ORIENTED_EDGE('',*,*,#3244,.F.);
#2986=ORIENTED_EDGE('',*,*,#4720,.T.);
#2987=ORIENTED_EDGE('',*,*,#3881,.T.);
#2988=ORIENTED_EDGE('',*,*,#4719,.F.);
#2989=ORIENTED_EDGE('',*,*,#3243,.F.);
#2990=ORIENTED_EDGE('',*,*,#4721,.T.);
#2991=ORIENTED_EDGE('',*,*,#3882,.T.);
#2992=ORIENTED_EDGE('',*,*,#4720,.F.);
#2993=ORIENTED_EDGE('',*,*,#3242,.F.);
#2994=ORIENTED_EDGE('',*,*,#4722,.T.);
#2995=ORIENTED_EDGE('',*,*,#3883,.T.);
#2996=ORIENTED_EDGE('',*,*,#4721,.F.);
#2997=ORIENTED_EDGE('',*,*,#3241,.F.);
#2998=ORIENTED_EDGE('',*,*,#4723,.T.);
#2999=ORIENTED_EDGE('',*,*,#3884,.T.);
#3000=ORIENTED_EDGE('',*,*,#4722,.F.);
#3001=ORIENTED_EDGE('',*,*,#3240,.F.);
#3002=ORIENTED_EDGE('',*,*,#4724,.T.);
#3003=ORIENTED_EDGE('',*,*,#3885,.T.);
#3004=ORIENTED_EDGE('',*,*,#4723,.F.);
#3005=ORIENTED_EDGE('',*,*,#3239,.F.);
#3006=ORIENTED_EDGE('',*,*,#4725,.T.);
#3007=ORIENTED_EDGE('',*,*,#3886,.T.);
#3008=ORIENTED_EDGE('',*,*,#4724,.F.);
#3009=ORIENTED_EDGE('',*,*,#3238,.F.);
#3010=ORIENTED_EDGE('',*,*,#4726,.T.);
#3011=ORIENTED_EDGE('',*,*,#3887,.T.);
#3012=ORIENTED_EDGE('',*,*,#4725,.F.);
#3013=ORIENTED_EDGE('',*,*,#3237,.F.);
#3014=ORIENTED_EDGE('',*,*,#4690,.T.);
#3015=ORIENTED_EDGE('',*,*,#3888,.T.);
#3016=ORIENTED_EDGE('',*,*,#4726,.F.);
#3017=ORIENTED_EDGE('',*,*,#3236,.F.);
#3018=ORIENTED_EDGE('',*,*,#4727,.T.);
#3019=ORIENTED_EDGE('',*,*,#3925,.T.);
#3020=ORIENTED_EDGE('',*,*,#4728,.F.);
#3021=ORIENTED_EDGE('',*,*,#3573,.F.);
#3022=ORIENTED_EDGE('',*,*,#4729,.T.);
#3023=ORIENTED_EDGE('',*,*,#3926,.T.);
#3024=ORIENTED_EDGE('',*,*,#4727,.F.);
#3025=ORIENTED_EDGE('',*,*,#3572,.F.);
#3026=ORIENTED_EDGE('',*,*,#4730,.T.);
#3027=ORIENTED_EDGE('',*,*,#3891,.T.);
#3028=ORIENTED_EDGE('',*,*,#4729,.F.);
#3029=ORIENTED_EDGE('',*,*,#3571,.F.);
#3030=ORIENTED_EDGE('',*,*,#4731,.T.);
#3031=ORIENTED_EDGE('',*,*,#3892,.T.);
#3032=ORIENTED_EDGE('',*,*,#4730,.F.);
#3033=ORIENTED_EDGE('',*,*,#3570,.F.);
#3034=ORIENTED_EDGE('',*,*,#4732,.T.);
#3035=ORIENTED_EDGE('',*,*,#3893,.T.);
#3036=ORIENTED_EDGE('',*,*,#4731,.F.);
#3037=ORIENTED_EDGE('',*,*,#3569,.F.);
#3038=ORIENTED_EDGE('',*,*,#4733,.T.);
#3039=ORIENTED_EDGE('',*,*,#3894,.T.);
#3040=ORIENTED_EDGE('',*,*,#4732,.F.);
#3041=ORIENTED_EDGE('',*,*,#3568,.F.);
#3042=ORIENTED_EDGE('',*,*,#4734,.T.);
#3043=ORIENTED_EDGE('',*,*,#3895,.T.);
#3044=ORIENTED_EDGE('',*,*,#4733,.F.);
#3045=ORIENTED_EDGE('',*,*,#3567,.F.);
#3046=ORIENTED_EDGE('',*,*,#4735,.T.);
#3047=ORIENTED_EDGE('',*,*,#3896,.T.);
#3048=ORIENTED_EDGE('',*,*,#4734,.F.);
#3049=ORIENTED_EDGE('',*,*,#3566,.F.);
#3050=ORIENTED_EDGE('',*,*,#4736,.T.);
#3051=ORIENTED_EDGE('',*,*,#3897,.T.);
#3052=ORIENTED_EDGE('',*,*,#4735,.F.);
#3053=ORIENTED_EDGE('',*,*,#3565,.F.);
#3054=ORIENTED_EDGE('',*,*,#4737,.T.);
#3055=ORIENTED_EDGE('',*,*,#3898,.T.);
#3056=ORIENTED_EDGE('',*,*,#4736,.F.);
#3057=ORIENTED_EDGE('',*,*,#3564,.F.);
#3058=ORIENTED_EDGE('',*,*,#4738,.T.);
#3059=ORIENTED_EDGE('',*,*,#3899,.T.);
#3060=ORIENTED_EDGE('',*,*,#4737,.F.);
#3061=ORIENTED_EDGE('',*,*,#3563,.F.);
#3062=ORIENTED_EDGE('',*,*,#4739,.T.);
#3063=ORIENTED_EDGE('',*,*,#3900,.T.);
#3064=ORIENTED_EDGE('',*,*,#4738,.F.);
#3065=ORIENTED_EDGE('',*,*,#3562,.F.);
#3066=ORIENTED_EDGE('',*,*,#4740,.T.);
#3067=ORIENTED_EDGE('',*,*,#3901,.T.);
#3068=ORIENTED_EDGE('',*,*,#4739,.F.);
#3069=ORIENTED_EDGE('',*,*,#3561,.F.);
#3070=ORIENTED_EDGE('',*,*,#4741,.T.);
#3071=ORIENTED_EDGE('',*,*,#3902,.T.);
#3072=ORIENTED_EDGE('',*,*,#4740,.F.);
#3073=ORIENTED_EDGE('',*,*,#3560,.F.);
#3074=ORIENTED_EDGE('',*,*,#4742,.T.);
#3075=ORIENTED_EDGE('',*,*,#3903,.T.);
#3076=ORIENTED_EDGE('',*,*,#4741,.F.);
#3077=ORIENTED_EDGE('',*,*,#3559,.F.);
#3078=ORIENTED_EDGE('',*,*,#4743,.T.);
#3079=ORIENTED_EDGE('',*,*,#3904,.T.);
#3080=ORIENTED_EDGE('',*,*,#4742,.F.);
#3081=ORIENTED_EDGE('',*,*,#3558,.F.);
#3082=ORIENTED_EDGE('',*,*,#4744,.T.);
#3083=ORIENTED_EDGE('',*,*,#3905,.T.);
#3084=ORIENTED_EDGE('',*,*,#4743,.F.);
#3085=ORIENTED_EDGE('',*,*,#3557,.F.);
#3086=ORIENTED_EDGE('',*,*,#4745,.T.);
#3087=ORIENTED_EDGE('',*,*,#3906,.T.);
#3088=ORIENTED_EDGE('',*,*,#4744,.F.);
#3089=ORIENTED_EDGE('',*,*,#3556,.F.);
#3090=ORIENTED_EDGE('',*,*,#4746,.T.);
#3091=ORIENTED_EDGE('',*,*,#3907,.T.);
#3092=ORIENTED_EDGE('',*,*,#4745,.F.);
#3093=ORIENTED_EDGE('',*,*,#3555,.F.);
#3094=ORIENTED_EDGE('',*,*,#4747,.T.);
#3095=ORIENTED_EDGE('',*,*,#3908,.T.);
#3096=ORIENTED_EDGE('',*,*,#4746,.F.);
#3097=ORIENTED_EDGE('',*,*,#3554,.F.);
#3098=ORIENTED_EDGE('',*,*,#4748,.T.);
#3099=ORIENTED_EDGE('',*,*,#3909,.T.);
#3100=ORIENTED_EDGE('',*,*,#4747,.F.);
#3101=ORIENTED_EDGE('',*,*,#3553,.F.);
#3102=ORIENTED_EDGE('',*,*,#4749,.T.);
#3103=ORIENTED_EDGE('',*,*,#3910,.T.);
#3104=ORIENTED_EDGE('',*,*,#4748,.F.);
#3105=ORIENTED_EDGE('',*,*,#3552,.F.);
#3106=ORIENTED_EDGE('',*,*,#4750,.T.);
#3107=ORIENTED_EDGE('',*,*,#3911,.T.);
#3108=ORIENTED_EDGE('',*,*,#4749,.F.);
#3109=ORIENTED_EDGE('',*,*,#3551,.F.);
#3110=ORIENTED_EDGE('',*,*,#4751,.T.);
#3111=ORIENTED_EDGE('',*,*,#3912,.T.);
#3112=ORIENTED_EDGE('',*,*,#4750,.F.);
#3113=ORIENTED_EDGE('',*,*,#3550,.F.);
#3114=ORIENTED_EDGE('',*,*,#4752,.T.);
#3115=ORIENTED_EDGE('',*,*,#3913,.T.);
#3116=ORIENTED_EDGE('',*,*,#4751,.F.);
#3117=ORIENTED_EDGE('',*,*,#3549,.F.);
#3118=ORIENTED_EDGE('',*,*,#4753,.T.);
#3119=ORIENTED_EDGE('',*,*,#3914,.T.);
#3120=ORIENTED_EDGE('',*,*,#4752,.F.);
#3121=ORIENTED_EDGE('',*,*,#3548,.F.);
#3122=ORIENTED_EDGE('',*,*,#4754,.T.);
#3123=ORIENTED_EDGE('',*,*,#3915,.T.);
#3124=ORIENTED_EDGE('',*,*,#4753,.F.);
#3125=ORIENTED_EDGE('',*,*,#3547,.F.);
#3126=ORIENTED_EDGE('',*,*,#4755,.T.);
#3127=ORIENTED_EDGE('',*,*,#3916,.T.);
#3128=ORIENTED_EDGE('',*,*,#4754,.F.);
#3129=ORIENTED_EDGE('',*,*,#3546,.F.);
#3130=ORIENTED_EDGE('',*,*,#4756,.T.);
#3131=ORIENTED_EDGE('',*,*,#3917,.T.);
#3132=ORIENTED_EDGE('',*,*,#4755,.F.);
#3133=ORIENTED_EDGE('',*,*,#3545,.F.);
#3134=ORIENTED_EDGE('',*,*,#4757,.T.);
#3135=ORIENTED_EDGE('',*,*,#3918,.T.);
#3136=ORIENTED_EDGE('',*,*,#4756,.F.);
#3137=ORIENTED_EDGE('',*,*,#3544,.F.);
#3138=ORIENTED_EDGE('',*,*,#4758,.T.);
#3139=ORIENTED_EDGE('',*,*,#3919,.T.);
#3140=ORIENTED_EDGE('',*,*,#4757,.F.);
#3141=ORIENTED_EDGE('',*,*,#3543,.F.);
#3142=ORIENTED_EDGE('',*,*,#4759,.T.);
#3143=ORIENTED_EDGE('',*,*,#3920,.T.);
#3144=ORIENTED_EDGE('',*,*,#4758,.F.);
#3145=ORIENTED_EDGE('',*,*,#3542,.F.);
#3146=ORIENTED_EDGE('',*,*,#4760,.T.);
#3147=ORIENTED_EDGE('',*,*,#3921,.T.);
#3148=ORIENTED_EDGE('',*,*,#4759,.F.);
#3149=ORIENTED_EDGE('',*,*,#3541,.F.);
#3150=ORIENTED_EDGE('',*,*,#4761,.T.);
#3151=ORIENTED_EDGE('',*,*,#3922,.T.);
#3152=ORIENTED_EDGE('',*,*,#4760,.F.);
#3153=ORIENTED_EDGE('',*,*,#3540,.F.);
#3154=ORIENTED_EDGE('',*,*,#4762,.T.);
#3155=ORIENTED_EDGE('',*,*,#3923,.T.);
#3156=ORIENTED_EDGE('',*,*,#4761,.F.);
#3157=ORIENTED_EDGE('',*,*,#3539,.F.);
#3158=ORIENTED_EDGE('',*,*,#4728,.T.);
#3159=ORIENTED_EDGE('',*,*,#3924,.T.);
#3160=ORIENTED_EDGE('',*,*,#4762,.F.);
#3161=ORIENTED_EDGE('',*,*,#3538,.F.);
#3162=ORIENTED_EDGE('',*,*,#4763,.T.);
#3163=ORIENTED_EDGE('',*,*,#3226,.T.);
#3164=ORIENTED_EDGE('',*,*,#4764,.F.);
#3165=ORIENTED_EDGE('',*,*,#3235,.F.);
#3166=ORIENTED_EDGE('',*,*,#4765,.T.);
#3167=ORIENTED_EDGE('',*,*,#3223,.T.);
#3168=ORIENTED_EDGE('',*,*,#4763,.F.);
#3169=ORIENTED_EDGE('',*,*,#3234,.F.);
#3170=ORIENTED_EDGE('',*,*,#3233,.T.);
#3171=ORIENTED_EDGE('',*,*,#4766,.T.);
#3172=ORIENTED_EDGE('',*,*,#3224,.F.);
#3173=ORIENTED_EDGE('',*,*,#4765,.F.);
#3174=ORIENTED_EDGE('',*,*,#3232,.T.);
#3175=ORIENTED_EDGE('',*,*,#4764,.T.);
#3176=ORIENTED_EDGE('',*,*,#3225,.F.);
#3177=ORIENTED_EDGE('',*,*,#4766,.F.);
#3178=ORIENTED_EDGE('',*,*,#4767,.T.);
#3179=ORIENTED_EDGE('',*,*,#3205,.T.);
#3180=ORIENTED_EDGE('',*,*,#4768,.F.);
#3181=ORIENTED_EDGE('',*,*,#3217,.F.);
#3182=ORIENTED_EDGE('',*,*,#3216,.T.);
#3183=ORIENTED_EDGE('',*,*,#4769,.T.);
#3184=ORIENTED_EDGE('',*,*,#3202,.F.);
#3185=ORIENTED_EDGE('',*,*,#4767,.F.);
#3186=ORIENTED_EDGE('',*,*,#3215,.T.);
#3187=ORIENTED_EDGE('',*,*,#4770,.T.);
#3188=ORIENTED_EDGE('',*,*,#3203,.F.);
#3189=ORIENTED_EDGE('',*,*,#4769,.F.);
#3190=ORIENTED_EDGE('',*,*,#4768,.T.);
#3191=ORIENTED_EDGE('',*,*,#3204,.T.);
#3192=ORIENTED_EDGE('',*,*,#4770,.F.);
#3193=ORIENTED_EDGE('',*,*,#3214,.F.);
#3194=EDGE_CURVE('',#4771,#4772,#5822,.F.);
#3195=EDGE_CURVE('',#4772,#4773,#5823,.T.);
#3196=EDGE_CURVE('',#4774,#4773,#5824,.T.);
#3197=EDGE_CURVE('',#4774,#4775,#18,.T.);
#3198=EDGE_CURVE('',#4776,#4775,#5825,.F.);
#3199=EDGE_CURVE('',#4777,#4776,#19,.F.);
#3200=EDGE_CURVE('',#4778,#4777,#5826,.T.);
#3201=EDGE_CURVE('',#4771,#4778,#5827,.T.);
#3202=EDGE_CURVE('',#4779,#4780,#5828,.F.);
#3203=EDGE_CURVE('',#4780,#4781,#5829,.T.);
#3204=EDGE_CURVE('',#4782,#4781,#5830,.F.);
#3205=EDGE_CURVE('',#4779,#4782,#5831,.T.);
#3206=EDGE_CURVE('',#4783,#4784,#5832,.F.);
#3207=EDGE_CURVE('',#4783,#4785,#5833,.T.);
#3208=EDGE_CURVE('',#4785,#4786,#20,.T.);
#3209=EDGE_CURVE('',#4786,#4787,#5834,.F.);
#3210=EDGE_CURVE('',#4788,#4787,#21,.F.);
#3211=EDGE_CURVE('',#4788,#4789,#5835,.T.);
#3212=EDGE_CURVE('',#4789,#4790,#5836,.F.);
#3213=EDGE_CURVE('',#4790,#4784,#5837,.F.);
#3214=EDGE_CURVE('',#4791,#4792,#5838,.F.);
#3215=EDGE_CURVE('',#4793,#4792,#5839,.T.);
#3216=EDGE_CURVE('',#4794,#4793,#5840,.F.);
#3217=EDGE_CURVE('',#4794,#4791,#5841,.F.);
#3218=EDGE_CURVE('',#4795,#4796,#5842,.T.);
#3219=EDGE_CURVE('',#4796,#4797,#5843,.T.);
#3220=EDGE_CURVE('',#4798,#4797,#5844,.T.);
#3221=EDGE_CURVE('',#4799,#4798,#22,.F.);
#3222=EDGE_CURVE('',#4795,#4799,#5845,.T.);
#3223=EDGE_CURVE('',#4800,#4801,#5846,.F.);
#3224=EDGE_CURVE('',#4800,#4802,#5847,.F.);
#3225=EDGE_CURVE('',#4802,#4803,#5848,.F.);
#3226=EDGE_CURVE('',#4801,#4803,#5849,.T.);
#3227=EDGE_CURVE('',#4804,#4805,#5850,.T.);
#3228=EDGE_CURVE('',#4806,#4805,#5851,.T.);
#3229=EDGE_CURVE('',#4807,#4806,#5852,.F.);
#3230=EDGE_CURVE('',#4807,#4808,#23,.T.);
#3231=EDGE_CURVE('',#4808,#4804,#5853,.T.);
#3232=EDGE_CURVE('',#4809,#4810,#5854,.F.);
#3233=EDGE_CURVE('',#4811,#4809,#5855,.T.);
#3234=EDGE_CURVE('',#4811,#4812,#5856,.F.);
#3235=EDGE_CURVE('',#4812,#4810,#5857,.T.);
#3236=EDGE_CURVE('',#4813,#4814,#5858,.F.);
#3237=EDGE_CURVE('',#4814,#4815,#5859,.T.);
#3238=EDGE_CURVE('',#4815,#4816,#5860,.T.);
#3239=EDGE_CURVE('',#4816,#4817,#5861,.T.);
#3240=EDGE_CURVE('',#4817,#4818,#5862,.T.);
#3241=EDGE_CURVE('',#4818,#4819,#5863,.T.);
#3242=EDGE_CURVE('',#4819,#4820,#5864,.T.);
#3243=EDGE_CURVE('',#4820,#4821,#5865,.T.);
#3244=EDGE_CURVE('',#4821,#4822,#5866,.T.);
#3245=EDGE_CURVE('',#4822,#4823,#5867,.T.);
#3246=EDGE_CURVE('',#4823,#4824,#5868,.T.);
#3247=EDGE_CURVE('',#4824,#4825,#5869,.T.);
#3248=EDGE_CURVE('',#4825,#4826,#5870,.T.);
#3249=EDGE_CURVE('',#4826,#4827,#5871,.T.);
#3250=EDGE_CURVE('',#4827,#4828,#5872,.T.);
#3251=EDGE_CURVE('',#4828,#4829,#5873,.T.);
#3252=EDGE_CURVE('',#4829,#4830,#5874,.T.);
#3253=EDGE_CURVE('',#4830,#4831,#5875,.T.);
#3254=EDGE_CURVE('',#4831,#4832,#5876,.T.);
#3255=EDGE_CURVE('',#4832,#4833,#5877,.T.);
#3256=EDGE_CURVE('',#4833,#4834,#5878,.T.);
#3257=EDGE_CURVE('',#4834,#4835,#5879,.T.);
#3258=EDGE_CURVE('',#4835,#4836,#5880,.T.);
#3259=EDGE_CURVE('',#4836,#4837,#5881,.T.);
#3260=EDGE_CURVE('',#4837,#4838,#5882,.T.);
#3261=EDGE_CURVE('',#4838,#4839,#5883,.T.);
#3262=EDGE_CURVE('',#4839,#4840,#5884,.T.);
#3263=EDGE_CURVE('',#4840,#4841,#5885,.T.);
#3264=EDGE_CURVE('',#4841,#4842,#5886,.T.);
#3265=EDGE_CURVE('',#4842,#4843,#5887,.T.);
#3266=EDGE_CURVE('',#4843,#4844,#5888,.T.);
#3267=EDGE_CURVE('',#4844,#4845,#5889,.T.);
#3268=EDGE_CURVE('',#4845,#4846,#5890,.T.);
#3269=EDGE_CURVE('',#4846,#4847,#5891,.T.);
#3270=EDGE_CURVE('',#4847,#4848,#5892,.T.);
#3271=EDGE_CURVE('',#4848,#4849,#5893,.T.);
#3272=EDGE_CURVE('',#4849,#4850,#5894,.T.);
#3273=EDGE_CURVE('',#4850,#4813,#5895,.T.);
#3274=EDGE_CURVE('',#4851,#4852,#5896,.T.);
#3275=EDGE_CURVE('',#4852,#4853,#5897,.T.);
#3276=EDGE_CURVE('',#4853,#4854,#5898,.T.);
#3277=EDGE_CURVE('',#4854,#4855,#5899,.T.);
#3278=EDGE_CURVE('',#4855,#4856,#5900,.T.);
#3279=EDGE_CURVE('',#4856,#4857,#5901,.T.);
#3280=EDGE_CURVE('',#4857,#4858,#5902,.T.);
#3281=EDGE_CURVE('',#4858,#4859,#5903,.T.);
#3282=EDGE_CURVE('',#4859,#4860,#5904,.T.);
#3283=EDGE_CURVE('',#4860,#4861,#5905,.T.);
#3284=EDGE_CURVE('',#4861,#4862,#5906,.T.);
#3285=EDGE_CURVE('',#4862,#4863,#5907,.T.);
#3286=EDGE_CURVE('',#4863,#4864,#5908,.T.);
#3287=EDGE_CURVE('',#4864,#4865,#5909,.T.);
#3288=EDGE_CURVE('',#4865,#4866,#5910,.T.);
#3289=EDGE_CURVE('',#4866,#4867,#5911,.T.);
#3290=EDGE_CURVE('',#4867,#4868,#5912,.T.);
#3291=EDGE_CURVE('',#4868,#4869,#5913,.F.);
#3292=EDGE_CURVE('',#4869,#4870,#5914,.T.);
#3293=EDGE_CURVE('',#4870,#4871,#5915,.T.);
#3294=EDGE_CURVE('',#4871,#4872,#5916,.T.);
#3295=EDGE_CURVE('',#4872,#4873,#5917,.T.);
#3296=EDGE_CURVE('',#4873,#4874,#5918,.T.);
#3297=EDGE_CURVE('',#4874,#4875,#5919,.T.);
#3298=EDGE_CURVE('',#4875,#4876,#5920,.T.);
#3299=EDGE_CURVE('',#4876,#4877,#5921,.T.);
#3300=EDGE_CURVE('',#4877,#4878,#5922,.T.);
#3301=EDGE_CURVE('',#4878,#4879,#5923,.T.);
#3302=EDGE_CURVE('',#4879,#4880,#5924,.T.);
#3303=EDGE_CURVE('',#4880,#4881,#5925,.T.);
#3304=EDGE_CURVE('',#4881,#4882,#5926,.T.);
#3305=EDGE_CURVE('',#4882,#4883,#5927,.T.);
#3306=EDGE_CURVE('',#4883,#4884,#5928,.T.);
#3307=EDGE_CURVE('',#4884,#4885,#5929,.T.);
#3308=EDGE_CURVE('',#4885,#4851,#5930,.T.);
#3309=EDGE_CURVE('',#4886,#4771,#5931,.F.);
#3310=EDGE_CURVE('',#4887,#4886,#5932,.F.);
#3311=EDGE_CURVE('',#4888,#4887,#5933,.F.);
#3312=EDGE_CURVE('',#4889,#4888,#5934,.F.);
#3313=EDGE_CURVE('',#4890,#4889,#5935,.F.);
#3314=EDGE_CURVE('',#4891,#4890,#5936,.F.);
#3315=EDGE_CURVE('',#4892,#4891,#5937,.F.);
#3316=EDGE_CURVE('',#4893,#4892,#5938,.F.);
#3317=EDGE_CURVE('',#4894,#4893,#5939,.F.);
#3318=EDGE_CURVE('',#4895,#4894,#5940,.F.);
#3319=EDGE_CURVE('',#4896,#4895,#5941,.F.);
#3320=EDGE_CURVE('',#4897,#4896,#5942,.F.);
#3321=EDGE_CURVE('',#4898,#4897,#5943,.F.);
#3322=EDGE_CURVE('',#4796,#4898,#5944,.F.);
#3323=EDGE_CURVE('',#4899,#4795,#5945,.F.);
#3324=EDGE_CURVE('',#4900,#4899,#5946,.F.);
#3325=EDGE_CURVE('',#4901,#4900,#5947,.F.);
#3326=EDGE_CURVE('',#4902,#4901,#5948,.F.);
#3327=EDGE_CURVE('',#4903,#4902,#5949,.F.);
#3328=EDGE_CURVE('',#4904,#4903,#5950,.F.);
#3329=EDGE_CURVE('',#4905,#4904,#5951,.F.);
#3330=EDGE_CURVE('',#4906,#4905,#5952,.F.);
#3331=EDGE_CURVE('',#4907,#4906,#5953,.F.);
#3332=EDGE_CURVE('',#4908,#4907,#5954,.F.);
#3333=EDGE_CURVE('',#4909,#4908,#5955,.F.);
#3334=EDGE_CURVE('',#4910,#4909,#5956,.F.);
#3335=EDGE_CURVE('',#4911,#4910,#5957,.F.);
#3336=EDGE_CURVE('',#4912,#4911,#5958,.F.);
#3337=EDGE_CURVE('',#4913,#4912,#5959,.F.);
#3338=EDGE_CURVE('',#4914,#4913,#5960,.F.);
#3339=EDGE_CURVE('',#4915,#4914,#5961,.F.);
#3340=EDGE_CURVE('',#4916,#4915,#5962,.F.);
#3341=EDGE_CURVE('',#4917,#4916,#5963,.F.);
#3342=EDGE_CURVE('',#4918,#4917,#5964,.F.);
#3343=EDGE_CURVE('',#4919,#4918,#5965,.F.);
#3344=EDGE_CURVE('',#4920,#4919,#5966,.F.);
#3345=EDGE_CURVE('',#4921,#4920,#5967,.F.);
#3346=EDGE_CURVE('',#4922,#4921,#5968,.F.);
#3347=EDGE_CURVE('',#4923,#4922,#5969,.F.);
#3348=EDGE_CURVE('',#4924,#4923,#5970,.F.);
#3349=EDGE_CURVE('',#4925,#4924,#5971,.F.);
#3350=EDGE_CURVE('',#4926,#4925,#5972,.F.);
#3351=EDGE_CURVE('',#4927,#4926,#5973,.F.);
#3352=EDGE_CURVE('',#4928,#4927,#5974,.F.);
#3353=EDGE_CURVE('',#4929,#4928,#5975,.F.);
#3354=EDGE_CURVE('',#4930,#4929,#5976,.F.);
#3355=EDGE_CURVE('',#4931,#4930,#5977,.F.);
#3356=EDGE_CURVE('',#4932,#4931,#5978,.F.);
#3357=EDGE_CURVE('',#4933,#4932,#5979,.F.);
#3358=EDGE_CURVE('',#4934,#4933,#5980,.F.);
#3359=EDGE_CURVE('',#4935,#4934,#5981,.F.);
#3360=EDGE_CURVE('',#4936,#4935,#5982,.F.);
#3361=EDGE_CURVE('',#4937,#4936,#5983,.F.);
#3362=EDGE_CURVE('',#4938,#4937,#5984,.F.);
#3363=EDGE_CURVE('',#4939,#4938,#5985,.F.);
#3364=EDGE_CURVE('',#4940,#4939,#5986,.F.);
#3365=EDGE_CURVE('',#4941,#4940,#5987,.F.);
#3366=EDGE_CURVE('',#4942,#4941,#5988,.F.);
#3367=EDGE_CURVE('',#4943,#4942,#5989,.F.);
#3368=EDGE_CURVE('',#4944,#4943,#5990,.F.);
#3369=EDGE_CURVE('',#4945,#4944,#5991,.F.);
#3370=EDGE_CURVE('',#4946,#4945,#5992,.F.);
#3371=EDGE_CURVE('',#4947,#4946,#5993,.F.);
#3372=EDGE_CURVE('',#4948,#4947,#5994,.F.);
#3373=EDGE_CURVE('',#4949,#4948,#5995,.F.);
#3374=EDGE_CURVE('',#4950,#4949,#5996,.F.);
#3375=EDGE_CURVE('',#4951,#4950,#5997,.F.);
#3376=EDGE_CURVE('',#4952,#4951,#5998,.F.);
#3377=EDGE_CURVE('',#4953,#4952,#5999,.F.);
#3378=EDGE_CURVE('',#4954,#4953,#6000,.F.);
#3379=EDGE_CURVE('',#4955,#4954,#6001,.F.);
#3380=EDGE_CURVE('',#4956,#4955,#6002,.F.);
#3381=EDGE_CURVE('',#4957,#4956,#6003,.F.);
#3382=EDGE_CURVE('',#4958,#4957,#6004,.F.);
#3383=EDGE_CURVE('',#4959,#4958,#6005,.F.);
#3384=EDGE_CURVE('',#4960,#4959,#6006,.F.);
#3385=EDGE_CURVE('',#4961,#4960,#6007,.F.);
#3386=EDGE_CURVE('',#4962,#4961,#6008,.F.);
#3387=EDGE_CURVE('',#4963,#4962,#6009,.F.);
#3388=EDGE_CURVE('',#4964,#4963,#6010,.F.);
#3389=EDGE_CURVE('',#4965,#4964,#6011,.F.);
#3390=EDGE_CURVE('',#4966,#4965,#6012,.F.);
#3391=EDGE_CURVE('',#4967,#4966,#6013,.T.);
#3392=EDGE_CURVE('',#4968,#4967,#6014,.F.);
#3393=EDGE_CURVE('',#4969,#4968,#6015,.F.);
#3394=EDGE_CURVE('',#4970,#4969,#6016,.F.);
#3395=EDGE_CURVE('',#4971,#4970,#6017,.T.);
#3396=EDGE_CURVE('',#4972,#4971,#6018,.F.);
#3397=EDGE_CURVE('',#4973,#4972,#6019,.T.);
#3398=EDGE_CURVE('',#4974,#4973,#6020,.F.);
#3399=EDGE_CURVE('',#4975,#4974,#6021,.F.);
#3400=EDGE_CURVE('',#4976,#4975,#6022,.F.);
#3401=EDGE_CURVE('',#4977,#4976,#6023,.F.);
#3402=EDGE_CURVE('',#4978,#4977,#6024,.F.);
#3403=EDGE_CURVE('',#4979,#4978,#6025,.F.);
#3404=EDGE_CURVE('',#4980,#4979,#6026,.F.);
#3405=EDGE_CURVE('',#4981,#4980,#6027,.F.);
#3406=EDGE_CURVE('',#4982,#4981,#6028,.F.);
#3407=EDGE_CURVE('',#4983,#4982,#6029,.F.);
#3408=EDGE_CURVE('',#4984,#4983,#6030,.F.);
#3409=EDGE_CURVE('',#4985,#4984,#6031,.F.);
#3410=EDGE_CURVE('',#4986,#4985,#6032,.F.);
#3411=EDGE_CURVE('',#4987,#4986,#6033,.F.);
#3412=EDGE_CURVE('',#4988,#4987,#6034,.F.);
#3413=EDGE_CURVE('',#4989,#4988,#6035,.F.);
#3414=EDGE_CURVE('',#4990,#4989,#6036,.F.);
#3415=EDGE_CURVE('',#4991,#4990,#6037,.F.);
#3416=EDGE_CURVE('',#4992,#4991,#6038,.F.);
#3417=EDGE_CURVE('',#4993,#4992,#6039,.F.);
#3418=EDGE_CURVE('',#4994,#4993,#6040,.F.);
#3419=EDGE_CURVE('',#4995,#4994,#6041,.F.);
#3420=EDGE_CURVE('',#4996,#4995,#6042,.F.);
#3421=EDGE_CURVE('',#4997,#4996,#6043,.F.);
#3422=EDGE_CURVE('',#4998,#4997,#6044,.F.);
#3423=EDGE_CURVE('',#4999,#4998,#6045,.F.);
#3424=EDGE_CURVE('',#5000,#4999,#6046,.F.);
#3425=EDGE_CURVE('',#5001,#5000,#6047,.F.);
#3426=EDGE_CURVE('',#5002,#5001,#6048,.F.);
#3427=EDGE_CURVE('',#5003,#5002,#6049,.F.);
#3428=EDGE_CURVE('',#5004,#5003,#6050,.F.);
#3429=EDGE_CURVE('',#5005,#5004,#6051,.F.);
#3430=EDGE_CURVE('',#5006,#5005,#6052,.F.);
#3431=EDGE_CURVE('',#5007,#5006,#6053,.F.);
#3432=EDGE_CURVE('',#5008,#5007,#6054,.F.);
#3433=EDGE_CURVE('',#5009,#5008,#6055,.F.);
#3434=EDGE_CURVE('',#5010,#5009,#6056,.F.);
#3435=EDGE_CURVE('',#5011,#5010,#6057,.T.);
#3436=EDGE_CURVE('',#5012,#5011,#6058,.F.);
#3437=EDGE_CURVE('',#5013,#5012,#6059,.F.);
#3438=EDGE_CURVE('',#5014,#5013,#6060,.F.);
#3439=EDGE_CURVE('',#5015,#5014,#6061,.F.);
#3440=EDGE_CURVE('',#5016,#5015,#6062,.F.);
#3441=EDGE_CURVE('',#5017,#5016,#6063,.F.);
#3442=EDGE_CURVE('',#5018,#5017,#6064,.F.);
#3443=EDGE_CURVE('',#5019,#5018,#6065,.F.);
#3444=EDGE_CURVE('',#5020,#5019,#6066,.F.);
#3445=EDGE_CURVE('',#5021,#5020,#6067,.F.);
#3446=EDGE_CURVE('',#5022,#5021,#6068,.F.);
#3447=EDGE_CURVE('',#5023,#5022,#6069,.F.);
#3448=EDGE_CURVE('',#5024,#5023,#6070,.F.);
#3449=EDGE_CURVE('',#5025,#5024,#6071,.F.);
#3450=EDGE_CURVE('',#5026,#5025,#6072,.F.);
#3451=EDGE_CURVE('',#5027,#5026,#6073,.F.);
#3452=EDGE_CURVE('',#5028,#5027,#6074,.F.);
#3453=EDGE_CURVE('',#5029,#5028,#6075,.F.);
#3454=EDGE_CURVE('',#5030,#5029,#6076,.F.);
#3455=EDGE_CURVE('',#5031,#5030,#6077,.F.);
#3456=EDGE_CURVE('',#5032,#5031,#6078,.F.);
#3457=EDGE_CURVE('',#5033,#5032,#6079,.F.);
#3458=EDGE_CURVE('',#5034,#5033,#6080,.F.);
#3459=EDGE_CURVE('',#5035,#5034,#6081,.F.);
#3460=EDGE_CURVE('',#5036,#5035,#6082,.F.);
#3461=EDGE_CURVE('',#4772,#5036,#6083,.F.);
#3462=EDGE_CURVE('',#5037,#5038,#6084,.T.);
#3463=EDGE_CURVE('',#5038,#5039,#6085,.T.);
#3464=EDGE_CURVE('',#5039,#5040,#6086,.T.);
#3465=EDGE_CURVE('',#5040,#5041,#6087,.T.);
#3466=EDGE_CURVE('',#5041,#5042,#6088,.T.);
#3467=EDGE_CURVE('',#5042,#5043,#6089,.T.);
#3468=EDGE_CURVE('',#5043,#5044,#6090,.T.);
#3469=EDGE_CURVE('',#5044,#5045,#6091,.T.);
#3470=EDGE_CURVE('',#5045,#5046,#6092,.T.);
#3471=EDGE_CURVE('',#5046,#5047,#6093,.T.);
#3472=EDGE_CURVE('',#5047,#5048,#6094,.T.);
#3473=EDGE_CURVE('',#5048,#5049,#6095,.T.);
#3474=EDGE_CURVE('',#5049,#5050,#6096,.T.);
#3475=EDGE_CURVE('',#5050,#5051,#6097,.T.);
#3476=EDGE_CURVE('',#5051,#5052,#6098,.T.);
#3477=EDGE_CURVE('',#5052,#5053,#6099,.T.);
#3478=EDGE_CURVE('',#5053,#5054,#6100,.T.);
#3479=EDGE_CURVE('',#5054,#5055,#6101,.T.);
#3480=EDGE_CURVE('',#5055,#5056,#6102,.T.);
#3481=EDGE_CURVE('',#5056,#5057,#6103,.T.);
#3482=EDGE_CURVE('',#5057,#5058,#6104,.T.);
#3483=EDGE_CURVE('',#5058,#5059,#6105,.F.);
#3484=EDGE_CURVE('',#5059,#5060,#6106,.T.);
#3485=EDGE_CURVE('',#5060,#5061,#6107,.T.);
#3486=EDGE_CURVE('',#5061,#5062,#6108,.T.);
#3487=EDGE_CURVE('',#5062,#5063,#6109,.T.);
#3488=EDGE_CURVE('',#5063,#5064,#6110,.T.);
#3489=EDGE_CURVE('',#5064,#5065,#6111,.T.);
#3490=EDGE_CURVE('',#5065,#5066,#6112,.T.);
#3491=EDGE_CURVE('',#5066,#5067,#6113,.T.);
#3492=EDGE_CURVE('',#5067,#5068,#6114,.T.);
#3493=EDGE_CURVE('',#5068,#5069,#6115,.T.);
#3494=EDGE_CURVE('',#5069,#5070,#6116,.T.);
#3495=EDGE_CURVE('',#5070,#5071,#6117,.T.);
#3496=EDGE_CURVE('',#5071,#5072,#6118,.T.);
#3497=EDGE_CURVE('',#5072,#5037,#6119,.T.);
#3498=EDGE_CURVE('',#5073,#5074,#6120,.T.);
#3499=EDGE_CURVE('',#5074,#5075,#6121,.T.);
#3500=EDGE_CURVE('',#5075,#5076,#6122,.T.);
#3501=EDGE_CURVE('',#5076,#5077,#6123,.T.);
#3502=EDGE_CURVE('',#5077,#5078,#6124,.T.);
#3503=EDGE_CURVE('',#5078,#5079,#6125,.T.);
#3504=EDGE_CURVE('',#5079,#5080,#6126,.T.);
#3505=EDGE_CURVE('',#5080,#5081,#6127,.T.);
#3506=EDGE_CURVE('',#5081,#5082,#6128,.T.);
#3507=EDGE_CURVE('',#5082,#5083,#6129,.T.);
#3508=EDGE_CURVE('',#5083,#5084,#6130,.T.);
#3509=EDGE_CURVE('',#5084,#5085,#6131,.F.);
#3510=EDGE_CURVE('',#5085,#5086,#6132,.T.);
#3511=EDGE_CURVE('',#5086,#5087,#6133,.T.);
#3512=EDGE_CURVE('',#5087,#5088,#6134,.T.);
#3513=EDGE_CURVE('',#5088,#5089,#6135,.T.);
#3514=EDGE_CURVE('',#5089,#5090,#6136,.T.);
#3515=EDGE_CURVE('',#5090,#5091,#6137,.T.);
#3516=EDGE_CURVE('',#5091,#5092,#6138,.T.);
#3517=EDGE_CURVE('',#5092,#5093,#6139,.T.);
#3518=EDGE_CURVE('',#5093,#5094,#6140,.T.);
#3519=EDGE_CURVE('',#5094,#5095,#6141,.T.);
#3520=EDGE_CURVE('',#5095,#5096,#6142,.F.);
#3521=EDGE_CURVE('',#5096,#5097,#6143,.T.);
#3522=EDGE_CURVE('',#5097,#5098,#6144,.T.);
#3523=EDGE_CURVE('',#5098,#5099,#6145,.T.);
#3524=EDGE_CURVE('',#5099,#5100,#6146,.T.);
#3525=EDGE_CURVE('',#5100,#5101,#6147,.T.);
#3526=EDGE_CURVE('',#5101,#5102,#6148,.T.);
#3527=EDGE_CURVE('',#5102,#5103,#6149,.T.);
#3528=EDGE_CURVE('',#5103,#5104,#6150,.T.);
#3529=EDGE_CURVE('',#5104,#5105,#6151,.T.);
#3530=EDGE_CURVE('',#5105,#5106,#6152,.T.);
#3531=EDGE_CURVE('',#5106,#5107,#6153,.T.);
#3532=EDGE_CURVE('',#5107,#5108,#6154,.T.);
#3533=EDGE_CURVE('',#5108,#5109,#6155,.T.);
#3534=EDGE_CURVE('',#5109,#5110,#6156,.T.);
#3535=EDGE_CURVE('',#5110,#5111,#6157,.T.);
#3536=EDGE_CURVE('',#5111,#5112,#6158,.T.);
#3537=EDGE_CURVE('',#5112,#5073,#6159,.T.);
#3538=EDGE_CURVE('',#5113,#5114,#6160,.T.);
#3539=EDGE_CURVE('',#5114,#5115,#6161,.T.);
#3540=EDGE_CURVE('',#5115,#5116,#6162,.F.);
#3541=EDGE_CURVE('',#5116,#5117,#6163,.T.);
#3542=EDGE_CURVE('',#5117,#5118,#6164,.T.);
#3543=EDGE_CURVE('',#5118,#5119,#6165,.T.);
#3544=EDGE_CURVE('',#5119,#5120,#6166,.T.);
#3545=EDGE_CURVE('',#5120,#5121,#6167,.T.);
#3546=EDGE_CURVE('',#5121,#5122,#6168,.T.);
#3547=EDGE_CURVE('',#5122,#5123,#6169,.T.);
#3548=EDGE_CURVE('',#5123,#5124,#6170,.T.);
#3549=EDGE_CURVE('',#5124,#5125,#6171,.T.);
#3550=EDGE_CURVE('',#5125,#5126,#6172,.T.);
#3551=EDGE_CURVE('',#5126,#5127,#6173,.T.);
#3552=EDGE_CURVE('',#5127,#5128,#6174,.T.);
#3553=EDGE_CURVE('',#5128,#5129,#6175,.T.);
#3554=EDGE_CURVE('',#5129,#5130,#6176,.T.);
#3555=EDGE_CURVE('',#5130,#5131,#6177,.T.);
#3556=EDGE_CURVE('',#5131,#5132,#6178,.T.);
#3557=EDGE_CURVE('',#5132,#5133,#6179,.T.);
#3558=EDGE_CURVE('',#5133,#5134,#6180,.T.);
#3559=EDGE_CURVE('',#5134,#5135,#6181,.T.);
#3560=EDGE_CURVE('',#5135,#5136,#6182,.T.);
#3561=EDGE_CURVE('',#5136,#5137,#6183,.T.);
#3562=EDGE_CURVE('',#5137,#5138,#6184,.T.);
#3563=EDGE_CURVE('',#5138,#5139,#6185,.T.);
#3564=EDGE_CURVE('',#5139,#5140,#6186,.T.);
#3565=EDGE_CURVE('',#5140,#5141,#6187,.T.);
#3566=EDGE_CURVE('',#5141,#5142,#6188,.T.);
#3567=EDGE_CURVE('',#5142,#5143,#6189,.T.);
#3568=EDGE_CURVE('',#5143,#5144,#6190,.T.);
#3569=EDGE_CURVE('',#5144,#5145,#6191,.T.);
#3570=EDGE_CURVE('',#5145,#5146,#6192,.T.);
#3571=EDGE_CURVE('',#5146,#5147,#6193,.T.);
#3572=EDGE_CURVE('',#5147,#5148,#6194,.T.);
#3573=EDGE_CURVE('',#5148,#5113,#6195,.T.);
#3574=EDGE_CURVE('',#5149,#4790,#6196,.F.);
#3575=EDGE_CURVE('',#5150,#5149,#6197,.F.);
#3576=EDGE_CURVE('',#5151,#5150,#6198,.F.);
#3577=EDGE_CURVE('',#5152,#5151,#6199,.F.);
#3578=EDGE_CURVE('',#5153,#5152,#6200,.F.);
#3579=EDGE_CURVE('',#5154,#5153,#6201,.F.);
#3580=EDGE_CURVE('',#5155,#5154,#6202,.F.);
#3581=EDGE_CURVE('',#5156,#5155,#6203,.F.);
#3582=EDGE_CURVE('',#5157,#5156,#6204,.F.);
#3583=EDGE_CURVE('',#5158,#5157,#6205,.F.);
#3584=EDGE_CURVE('',#5159,#5158,#6206,.F.);
#3585=EDGE_CURVE('',#5160,#5159,#6207,.F.);
#3586=EDGE_CURVE('',#5161,#5160,#6208,.F.);
#3587=EDGE_CURVE('',#5162,#5161,#6209,.F.);
#3588=EDGE_CURVE('',#5163,#5162,#6210,.F.);
#3589=EDGE_CURVE('',#5164,#5163,#6211,.F.);
#3590=EDGE_CURVE('',#5165,#5164,#6212,.F.);
#3591=EDGE_CURVE('',#5166,#5165,#6213,.F.);
#3592=EDGE_CURVE('',#5167,#5166,#6214,.F.);
#3593=EDGE_CURVE('',#5168,#5167,#6215,.F.);
#3594=EDGE_CURVE('',#5169,#5168,#6216,.F.);
#3595=EDGE_CURVE('',#5170,#5169,#6217,.F.);
#3596=EDGE_CURVE('',#5171,#5170,#6218,.F.);
#3597=EDGE_CURVE('',#5172,#5171,#6219,.F.);
#3598=EDGE_CURVE('',#5173,#5172,#6220,.F.);
#3599=EDGE_CURVE('',#5174,#5173,#6221,.F.);
#3600=EDGE_CURVE('',#5175,#5174,#6222,.F.);
#3601=EDGE_CURVE('',#5176,#5175,#6223,.F.);
#3602=EDGE_CURVE('',#5177,#5176,#6224,.F.);
#3603=EDGE_CURVE('',#5178,#5177,#6225,.F.);
#3604=EDGE_CURVE('',#5179,#5178,#6226,.F.);
#3605=EDGE_CURVE('',#5180,#5179,#6227,.F.);
#3606=EDGE_CURVE('',#5181,#5180,#6228,.F.);
#3607=EDGE_CURVE('',#5182,#5181,#6229,.F.);
#3608=EDGE_CURVE('',#5183,#5182,#6230,.F.);
#3609=EDGE_CURVE('',#5184,#5183,#6231,.F.);
#3610=EDGE_CURVE('',#5185,#5184,#6232,.F.);
#3611=EDGE_CURVE('',#5186,#5185,#6233,.F.);
#3612=EDGE_CURVE('',#5187,#5186,#6234,.F.);
#3613=EDGE_CURVE('',#5188,#5187,#6235,.F.);
#3614=EDGE_CURVE('',#5189,#5188,#6236,.F.);
#3615=EDGE_CURVE('',#5190,#5189,#6237,.F.);
#3616=EDGE_CURVE('',#5191,#5190,#6238,.F.);
#3617=EDGE_CURVE('',#5192,#5191,#6239,.F.);
#3618=EDGE_CURVE('',#5193,#5192,#6240,.F.);
#3619=EDGE_CURVE('',#5194,#5193,#6241,.F.);
#3620=EDGE_CURVE('',#5195,#5194,#6242,.F.);
#3621=EDGE_CURVE('',#5196,#5195,#6243,.F.);
#3622=EDGE_CURVE('',#5197,#5196,#6244,.F.);
#3623=EDGE_CURVE('',#5198,#5197,#6245,.F.);
#3624=EDGE_CURVE('',#5199,#5198,#6246,.F.);
#3625=EDGE_CURVE('',#5200,#5199,#6247,.T.);
#3626=EDGE_CURVE('',#5201,#5200,#6248,.F.);
#3627=EDGE_CURVE('',#5202,#5201,#6249,.F.);
#3628=EDGE_CURVE('',#5203,#5202,#6250,.F.);
#3629=EDGE_CURVE('',#5204,#5203,#6251,.F.);
#3630=EDGE_CURVE('',#5205,#5204,#6252,.F.);
#3631=EDGE_CURVE('',#5206,#5205,#6253,.F.);
#3632=EDGE_CURVE('',#5207,#5206,#6254,.F.);
#3633=EDGE_CURVE('',#5208,#5207,#6255,.F.);
#3634=EDGE_CURVE('',#5209,#5208,#6256,.F.);
#3635=EDGE_CURVE('',#5210,#5209,#6257,.F.);
#3636=EDGE_CURVE('',#5211,#5210,#6258,.F.);
#3637=EDGE_CURVE('',#5212,#5211,#6259,.F.);
#3638=EDGE_CURVE('',#5213,#5212,#6260,.F.);
#3639=EDGE_CURVE('',#5214,#5213,#6261,.F.);
#3640=EDGE_CURVE('',#5215,#5214,#6262,.F.);
#3641=EDGE_CURVE('',#5216,#5215,#6263,.F.);
#3642=EDGE_CURVE('',#5217,#5216,#6264,.F.);
#3643=EDGE_CURVE('',#5218,#5217,#6265,.F.);
#3644=EDGE_CURVE('',#5219,#5218,#6266,.F.);
#3645=EDGE_CURVE('',#5220,#5219,#6267,.F.);
#3646=EDGE_CURVE('',#5221,#5220,#6268,.T.);
#3647=EDGE_CURVE('',#5222,#5221,#6269,.F.);
#3648=EDGE_CURVE('',#5223,#5222,#6270,.F.);
#3649=EDGE_CURVE('',#5224,#5223,#6271,.F.);
#3650=EDGE_CURVE('',#5225,#5224,#6272,.F.);
#3651=EDGE_CURVE('',#5226,#5225,#6273,.F.);
#3652=EDGE_CURVE('',#5227,#5226,#6274,.F.);
#3653=EDGE_CURVE('',#5228,#5227,#6275,.F.);
#3654=EDGE_CURVE('',#5229,#5228,#6276,.F.);
#3655=EDGE_CURVE('',#5230,#5229,#6277,.F.);
#3656=EDGE_CURVE('',#5231,#5230,#6278,.F.);
#3657=EDGE_CURVE('',#5232,#5231,#6279,.F.);
#3658=EDGE_CURVE('',#5233,#5232,#6280,.F.);
#3659=EDGE_CURVE('',#5234,#5233,#6281,.F.);
#3660=EDGE_CURVE('',#5235,#5234,#6282,.F.);
#3661=EDGE_CURVE('',#5236,#5235,#6283,.F.);
#3662=EDGE_CURVE('',#5237,#5236,#6284,.F.);
#3663=EDGE_CURVE('',#5238,#5237,#6285,.F.);
#3664=EDGE_CURVE('',#5239,#5238,#6286,.F.);
#3665=EDGE_CURVE('',#5240,#5239,#6287,.F.);
#3666=EDGE_CURVE('',#5241,#5240,#6288,.F.);
#3667=EDGE_CURVE('',#5242,#5241,#6289,.F.);
#3668=EDGE_CURVE('',#5243,#5242,#6290,.F.);
#3669=EDGE_CURVE('',#5244,#5243,#6291,.F.);
#3670=EDGE_CURVE('',#5245,#5244,#6292,.F.);
#3671=EDGE_CURVE('',#5246,#5245,#6293,.F.);
#3672=EDGE_CURVE('',#5247,#5246,#6294,.F.);
#3673=EDGE_CURVE('',#5248,#5247,#6295,.F.);
#3674=EDGE_CURVE('',#5249,#5248,#6296,.F.);
#3675=EDGE_CURVE('',#5250,#5249,#6297,.F.);
#3676=EDGE_CURVE('',#5251,#5250,#6298,.F.);
#3677=EDGE_CURVE('',#5252,#5251,#6299,.F.);
#3678=EDGE_CURVE('',#5253,#5252,#6300,.F.);
#3679=EDGE_CURVE('',#5254,#5253,#6301,.F.);
#3680=EDGE_CURVE('',#5255,#5254,#6302,.F.);
#3681=EDGE_CURVE('',#5256,#5255,#6303,.F.);
#3682=EDGE_CURVE('',#5257,#5256,#6304,.F.);
#3683=EDGE_CURVE('',#5258,#5257,#6305,.F.);
#3684=EDGE_CURVE('',#5259,#5258,#6306,.F.);
#3685=EDGE_CURVE('',#5260,#5259,#6307,.T.);
#3686=EDGE_CURVE('',#5261,#5260,#6308,.F.);
#3687=EDGE_CURVE('',#5262,#5261,#6309,.T.);
#3688=EDGE_CURVE('',#5263,#5262,#6310,.F.);
#3689=EDGE_CURVE('',#5264,#5263,#6311,.T.);
#3690=EDGE_CURVE('',#5265,#5264,#6312,.F.);
#3691=EDGE_CURVE('',#5266,#5265,#6313,.F.);
#3692=EDGE_CURVE('',#5267,#5266,#6314,.F.);
#3693=EDGE_CURVE('',#5268,#5267,#6315,.F.);
#3694=EDGE_CURVE('',#5269,#5268,#6316,.F.);
#3695=EDGE_CURVE('',#5270,#5269,#6317,.F.);
#3696=EDGE_CURVE('',#5271,#5270,#6318,.F.);
#3697=EDGE_CURVE('',#5272,#5271,#6319,.F.);
#3698=EDGE_CURVE('',#5273,#5272,#6320,.F.);
#3699=EDGE_CURVE('',#5274,#5273,#6321,.F.);
#3700=EDGE_CURVE('',#5275,#5274,#6322,.F.);
#3701=EDGE_CURVE('',#5276,#5275,#6323,.F.);
#3702=EDGE_CURVE('',#5277,#5276,#6324,.F.);
#3703=EDGE_CURVE('',#5278,#5277,#6325,.F.);
#3704=EDGE_CURVE('',#5279,#5278,#6326,.F.);
#3705=EDGE_CURVE('',#5280,#5279,#6327,.F.);
#3706=EDGE_CURVE('',#5281,#5280,#6328,.F.);
#3707=EDGE_CURVE('',#5282,#5281,#6329,.F.);
#3708=EDGE_CURVE('',#5283,#5282,#6330,.F.);
#3709=EDGE_CURVE('',#5284,#5283,#6331,.F.);
#3710=EDGE_CURVE('',#5285,#5284,#6332,.F.);
#3711=EDGE_CURVE('',#5286,#5285,#6333,.F.);
#3712=EDGE_CURVE('',#5287,#5286,#6334,.F.);
#3713=EDGE_CURVE('',#5288,#5287,#6335,.F.);
#3714=EDGE_CURVE('',#5289,#5288,#6336,.F.);
#3715=EDGE_CURVE('',#5290,#5289,#6337,.F.);
#3716=EDGE_CURVE('',#5291,#5290,#6338,.F.);
#3717=EDGE_CURVE('',#5292,#5291,#6339,.F.);
#3718=EDGE_CURVE('',#5293,#5292,#6340,.F.);
#3719=EDGE_CURVE('',#5293,#5294,#6341,.T.);
#3720=EDGE_CURVE('',#5294,#5295,#6342,.T.);
#3721=EDGE_CURVE('',#5295,#5296,#6343,.T.);
#3722=EDGE_CURVE('',#5296,#5297,#6344,.T.);
#3723=EDGE_CURVE('',#5297,#5298,#6345,.T.);
#3724=EDGE_CURVE('',#5298,#5299,#6346,.T.);
#3725=EDGE_CURVE('',#5299,#5300,#6347,.T.);
#3726=EDGE_CURVE('',#5300,#5301,#6348,.T.);
#3727=EDGE_CURVE('',#5301,#4806,#6349,.T.);
#3728=EDGE_CURVE('',#4805,#5302,#6350,.T.);
#3729=EDGE_CURVE('',#5302,#5303,#6351,.T.);
#3730=EDGE_CURVE('',#5303,#5304,#6352,.T.);
#3731=EDGE_CURVE('',#5304,#5305,#6353,.T.);
#3732=EDGE_CURVE('',#5305,#5306,#6354,.T.);
#3733=EDGE_CURVE('',#5306,#5307,#6355,.T.);
#3734=EDGE_CURVE('',#5307,#5308,#6356,.T.);
#3735=EDGE_CURVE('',#5308,#5309,#6357,.T.);
#3736=EDGE_CURVE('',#5309,#5310,#6358,.T.);
#3737=EDGE_CURVE('',#5310,#5311,#6359,.T.);
#3738=EDGE_CURVE('',#5311,#5312,#6360,.T.);
#3739=EDGE_CURVE('',#5312,#5313,#6361,.T.);
#3740=EDGE_CURVE('',#5313,#5314,#6362,.T.);
#3741=EDGE_CURVE('',#5314,#4784,#6363,.T.);
#3742=EDGE_CURVE('',#5315,#5316,#6364,.F.);
#3743=EDGE_CURVE('',#5317,#5315,#6365,.F.);
#3744=EDGE_CURVE('',#5318,#5317,#6366,.F.);
#3745=EDGE_CURVE('',#5319,#5318,#6367,.F.);
#3746=EDGE_CURVE('',#5320,#5319,#6368,.F.);
#3747=EDGE_CURVE('',#5321,#5320,#6369,.F.);
#3748=EDGE_CURVE('',#5322,#5321,#6370,.F.);
#3749=EDGE_CURVE('',#5323,#5322,#6371,.F.);
#3750=EDGE_CURVE('',#5324,#5323,#6372,.F.);
#3751=EDGE_CURVE('',#5325,#5324,#6373,.F.);
#3752=EDGE_CURVE('',#5326,#5325,#6374,.F.);
#3753=EDGE_CURVE('',#5327,#5326,#6375,.F.);
#3754=EDGE_CURVE('',#5328,#5327,#6376,.T.);
#3755=EDGE_CURVE('',#5329,#5328,#6377,.F.);
#3756=EDGE_CURVE('',#5330,#5329,#6378,.F.);
#3757=EDGE_CURVE('',#5331,#5330,#6379,.F.);
#3758=EDGE_CURVE('',#5332,#5331,#6380,.F.);
#3759=EDGE_CURVE('',#5333,#5332,#6381,.F.);
#3760=EDGE_CURVE('',#5334,#5333,#6382,.F.);
#3761=EDGE_CURVE('',#5335,#5334,#6383,.F.);
#3762=EDGE_CURVE('',#5336,#5335,#6384,.F.);
#3763=EDGE_CURVE('',#5337,#5336,#6385,.F.);
#3764=EDGE_CURVE('',#5338,#5337,#6386,.F.);
#3765=EDGE_CURVE('',#5339,#5338,#6387,.F.);
#3766=EDGE_CURVE('',#5340,#5339,#6388,.F.);
#3767=EDGE_CURVE('',#5341,#5340,#6389,.F.);
#3768=EDGE_CURVE('',#5342,#5341,#6390,.F.);
#3769=EDGE_CURVE('',#5343,#5342,#6391,.F.);
#3770=EDGE_CURVE('',#5344,#5343,#6392,.F.);
#3771=EDGE_CURVE('',#5345,#5344,#6393,.F.);
#3772=EDGE_CURVE('',#5346,#5345,#6394,.F.);
#3773=EDGE_CURVE('',#5347,#5346,#6395,.F.);
#3774=EDGE_CURVE('',#5348,#5347,#6396,.F.);
#3775=EDGE_CURVE('',#5349,#5348,#6397,.F.);
#3776=EDGE_CURVE('',#5350,#5349,#6398,.F.);
#3777=EDGE_CURVE('',#5316,#5350,#6399,.F.);
#3778=EDGE_CURVE('',#5351,#5352,#6400,.F.);
#3779=EDGE_CURVE('',#5353,#5351,#6401,.F.);
#3780=EDGE_CURVE('',#5354,#5353,#6402,.F.);
#3781=EDGE_CURVE('',#5355,#5354,#6403,.F.);
#3782=EDGE_CURVE('',#5356,#5355,#6404,.F.);
#3783=EDGE_CURVE('',#5357,#5356,#6405,.F.);
#3784=EDGE_CURVE('',#5358,#5357,#6406,.F.);
#3785=EDGE_CURVE('',#5359,#5358,#6407,.F.);
#3786=EDGE_CURVE('',#5360,#5359,#6408,.F.);
#3787=EDGE_CURVE('',#5361,#5360,#6409,.F.);
#3788=EDGE_CURVE('',#5362,#5361,#6410,.F.);
#3789=EDGE_CURVE('',#5363,#5362,#6411,.F.);
#3790=EDGE_CURVE('',#5364,#5363,#6412,.F.);
#3791=EDGE_CURVE('',#5365,#5364,#6413,.F.);
#3792=EDGE_CURVE('',#5366,#5365,#6414,.F.);
#3793=EDGE_CURVE('',#5367,#5366,#6415,.F.);
#3794=EDGE_CURVE('',#5368,#5367,#6416,.F.);
#3795=EDGE_CURVE('',#5369,#5368,#6417,.F.);
#3796=EDGE_CURVE('',#5370,#5369,#6418,.F.);
#3797=EDGE_CURVE('',#5371,#5370,#6419,.F.);
#3798=EDGE_CURVE('',#5372,#5371,#6420,.F.);
#3799=EDGE_CURVE('',#5373,#5372,#6421,.F.);
#3800=EDGE_CURVE('',#5374,#5373,#6422,.F.);
#3801=EDGE_CURVE('',#5375,#5374,#6423,.F.);
#3802=EDGE_CURVE('',#5376,#5375,#6424,.F.);
#3803=EDGE_CURVE('',#5377,#5376,#6425,.F.);
#3804=EDGE_CURVE('',#5378,#5377,#6426,.F.);
#3805=EDGE_CURVE('',#5379,#5378,#6427,.F.);
#3806=EDGE_CURVE('',#5380,#5379,#6428,.F.);
#3807=EDGE_CURVE('',#5381,#5380,#6429,.F.);
#3808=EDGE_CURVE('',#5382,#5381,#6430,.F.);
#3809=EDGE_CURVE('',#5383,#5382,#6431,.F.);
#3810=EDGE_CURVE('',#5384,#5383,#6432,.F.);
#3811=EDGE_CURVE('',#5385,#5384,#6433,.F.);
#3812=EDGE_CURVE('',#5352,#5385,#6434,.F.);
#3813=EDGE_CURVE('',#5386,#5387,#6435,.F.);
#3814=EDGE_CURVE('',#5388,#5386,#6436,.F.);
#3815=EDGE_CURVE('',#5389,#5388,#6437,.F.);
#3816=EDGE_CURVE('',#5390,#5389,#6438,.F.);
#3817=EDGE_CURVE('',#5391,#5390,#6439,.F.);
#3818=EDGE_CURVE('',#5392,#5391,#6440,.F.);
#3819=EDGE_CURVE('',#5393,#5392,#6441,.F.);
#3820=EDGE_CURVE('',#5394,#5393,#6442,.F.);
#3821=EDGE_CURVE('',#5395,#5394,#6443,.F.);
#3822=EDGE_CURVE('',#5396,#5395,#6444,.F.);
#3823=EDGE_CURVE('',#5397,#5396,#6445,.F.);
#3824=EDGE_CURVE('',#5398,#5397,#6446,.F.);
#3825=EDGE_CURVE('',#5399,#5398,#6447,.F.);
#3826=EDGE_CURVE('',#5400,#5399,#6448,.F.);
#3827=EDGE_CURVE('',#5401,#5400,#6449,.F.);
#3828=EDGE_CURVE('',#5402,#5401,#6450,.F.);
#3829=EDGE_CURVE('',#5403,#5402,#6451,.F.);
#3830=EDGE_CURVE('',#5404,#5403,#6452,.F.);
#3831=EDGE_CURVE('',#5405,#5404,#6453,.F.);
#3832=EDGE_CURVE('',#5406,#5405,#6454,.F.);
#3833=EDGE_CURVE('',#5407,#5406,#6455,.F.);
#3834=EDGE_CURVE('',#5408,#5407,#6456,.F.);
#3835=EDGE_CURVE('',#5409,#5408,#6457,.F.);
#3836=EDGE_CURVE('',#5410,#5409,#6458,.F.);
#3837=EDGE_CURVE('',#5411,#5410,#6459,.F.);
#3838=EDGE_CURVE('',#5412,#5411,#6460,.F.);
#3839=EDGE_CURVE('',#5413,#5412,#6461,.T.);
#3840=EDGE_CURVE('',#5414,#5413,#6462,.F.);
#3841=EDGE_CURVE('',#5415,#5414,#6463,.F.);
#3842=EDGE_CURVE('',#5416,#5415,#6464,.F.);
#3843=EDGE_CURVE('',#5417,#5416,#6465,.F.);
#3844=EDGE_CURVE('',#5418,#5417,#6466,.F.);
#3845=EDGE_CURVE('',#5419,#5418,#6467,.F.);
#3846=EDGE_CURVE('',#5420,#5419,#6468,.F.);
#3847=EDGE_CURVE('',#5421,#5420,#6469,.F.);
#3848=EDGE_CURVE('',#5422,#5421,#6470,.F.);
#3849=EDGE_CURVE('',#5423,#5422,#6471,.F.);
#3850=EDGE_CURVE('',#5424,#5423,#6472,.F.);
#3851=EDGE_CURVE('',#5425,#5424,#6473,.F.);
#3852=EDGE_CURVE('',#5387,#5425,#6474,.F.);
#3853=EDGE_CURVE('',#5426,#5427,#6475,.F.);
#3854=EDGE_CURVE('',#5428,#5426,#6476,.F.);
#3855=EDGE_CURVE('',#5429,#5428,#6477,.F.);
#3856=EDGE_CURVE('',#5430,#5429,#6478,.F.);
#3857=EDGE_CURVE('',#5431,#5430,#6479,.F.);
#3858=EDGE_CURVE('',#5432,#5431,#6480,.F.);
#3859=EDGE_CURVE('',#5433,#5432,#6481,.F.);
#3860=EDGE_CURVE('',#5434,#5433,#6482,.F.);
#3861=EDGE_CURVE('',#5435,#5434,#6483,.F.);
#3862=EDGE_CURVE('',#5436,#5435,#6484,.F.);
#3863=EDGE_CURVE('',#5437,#5436,#6485,.F.);
#3864=EDGE_CURVE('',#5438,#5437,#6486,.F.);
#3865=EDGE_CURVE('',#5439,#5438,#6487,.F.);
#3866=EDGE_CURVE('',#5440,#5439,#6488,.F.);
#3867=EDGE_CURVE('',#5441,#5440,#6489,.F.);
#3868=EDGE_CURVE('',#5442,#5441,#6490,.F.);
#3869=EDGE_CURVE('',#5443,#5442,#6491,.F.);
#3870=EDGE_CURVE('',#5444,#5443,#6492,.F.);
#3871=EDGE_CURVE('',#5445,#5444,#6493,.F.);
#3872=EDGE_CURVE('',#5446,#5445,#6494,.F.);
#3873=EDGE_CURVE('',#5447,#5446,#6495,.F.);
#3874=EDGE_CURVE('',#5448,#5447,#6496,.F.);
#3875=EDGE_CURVE('',#5449,#5448,#6497,.F.);
#3876=EDGE_CURVE('',#5450,#5449,#6498,.F.);
#3877=EDGE_CURVE('',#5451,#5450,#6499,.F.);
#3878=EDGE_CURVE('',#5452,#5451,#6500,.F.);
#3879=EDGE_CURVE('',#5453,#5452,#6501,.F.);
#3880=EDGE_CURVE('',#5454,#5453,#6502,.F.);
#3881=EDGE_CURVE('',#5455,#5454,#6503,.F.);
#3882=EDGE_CURVE('',#5456,#5455,#6504,.F.);
#3883=EDGE_CURVE('',#5457,#5456,#6505,.F.);
#3884=EDGE_CURVE('',#5458,#5457,#6506,.F.);
#3885=EDGE_CURVE('',#5459,#5458,#6507,.F.);
#3886=EDGE_CURVE('',#5460,#5459,#6508,.F.);
#3887=EDGE_CURVE('',#5461,#5460,#6509,.F.);
#3888=EDGE_CURVE('',#5462,#5461,#6510,.F.);
#3889=EDGE_CURVE('',#5463,#5462,#6511,.F.);
#3890=EDGE_CURVE('',#5427,#5463,#6512,.F.);
#3891=EDGE_CURVE('',#5464,#5465,#6513,.F.);
#3892=EDGE_CURVE('',#5466,#5464,#6514,.F.);
#3893=EDGE_CURVE('',#5467,#5466,#6515,.F.);
#3894=EDGE_CURVE('',#5468,#5467,#6516,.F.);
#3895=EDGE_CURVE('',#5469,#5468,#6517,.F.);
#3896=EDGE_CURVE('',#5470,#5469,#6518,.F.);
#3897=EDGE_CURVE('',#5471,#5470,#6519,.F.);
#3898=EDGE_CURVE('',#5472,#5471,#6520,.F.);
#3899=EDGE_CURVE('',#5473,#5472,#6521,.F.);
#3900=EDGE_CURVE('',#5474,#5473,#6522,.F.);
#3901=EDGE_CURVE('',#5475,#5474,#6523,.F.);
#3902=EDGE_CURVE('',#5476,#5475,#6524,.F.);
#3903=EDGE_CURVE('',#5477,#5476,#6525,.F.);
#3904=EDGE_CURVE('',#5478,#5477,#6526,.F.);
#3905=EDGE_CURVE('',#5479,#5478,#6527,.F.);
#3906=EDGE_CURVE('',#5480,#5479,#6528,.F.);
#3907=EDGE_CURVE('',#5481,#5480,#6529,.F.);
#3908=EDGE_CURVE('',#5482,#5481,#6530,.F.);
#3909=EDGE_CURVE('',#5483,#5482,#6531,.F.);
#3910=EDGE_CURVE('',#5484,#5483,#6532,.F.);
#3911=EDGE_CURVE('',#5485,#5484,#6533,.F.);
#3912=EDGE_CURVE('',#5486,#5485,#6534,.F.);
#3913=EDGE_CURVE('',#5487,#5486,#6535,.F.);
#3914=EDGE_CURVE('',#5488,#5487,#6536,.F.);
#3915=EDGE_CURVE('',#5489,#5488,#6537,.F.);
#3916=EDGE_CURVE('',#5490,#5489,#6538,.F.);
#3917=EDGE_CURVE('',#5491,#5490,#6539,.F.);
#3918=EDGE_CURVE('',#5492,#5491,#6540,.F.);
#3919=EDGE_CURVE('',#5493,#5492,#6541,.F.);
#3920=EDGE_CURVE('',#5494,#5493,#6542,.F.);
#3921=EDGE_CURVE('',#5495,#5494,#6543,.F.);
#3922=EDGE_CURVE('',#5496,#5495,#6544,.F.);
#3923=EDGE_CURVE('',#5497,#5496,#6545,.F.);
#3924=EDGE_CURVE('',#5498,#5497,#6546,.F.);
#3925=EDGE_CURVE('',#5499,#5498,#6547,.F.);
#3926=EDGE_CURVE('',#5465,#5499,#6548,.F.);
#3927=EDGE_CURVE('',#4904,#5500,#6549,.T.);
#3928=EDGE_CURVE('',#5501,#5500,#24,.F.);
#3929=EDGE_CURVE('',#5501,#5502,#6550,.F.);
#3930=EDGE_CURVE('',#4905,#5502,#6551,.T.);
#3931=EDGE_CURVE('',#5503,#4778,#6552,.T.);
#3932=EDGE_CURVE('',#4886,#5503,#6553,.T.);
#3933=EDGE_CURVE('',#5504,#5503,#6554,.T.);
#3934=EDGE_CURVE('',#4887,#5504,#6555,.T.);
#3935=EDGE_CURVE('',#5505,#5504,#6556,.T.);
#3936=EDGE_CURVE('',#4888,#5505,#6557,.T.);
#3937=EDGE_CURVE('',#5506,#5505,#6558,.T.);
#3938=EDGE_CURVE('',#4889,#5506,#6559,.T.);
#3939=EDGE_CURVE('',#5507,#5506,#6560,.T.);
#3940=EDGE_CURVE('',#4890,#5507,#6561,.T.);
#3941=EDGE_CURVE('',#5508,#5507,#6562,.T.);
#3942=EDGE_CURVE('',#4891,#5508,#6563,.T.);
#3943=EDGE_CURVE('',#5509,#5508,#6564,.T.);
#3944=EDGE_CURVE('',#4892,#5509,#6565,.T.);
#3945=EDGE_CURVE('',#5510,#5509,#6566,.T.);
#3946=EDGE_CURVE('',#4893,#5510,#6567,.T.);
#3947=EDGE_CURVE('',#5511,#5510,#6568,.T.);
#3948=EDGE_CURVE('',#4894,#5511,#6569,.T.);
#3949=EDGE_CURVE('',#5512,#5511,#6570,.T.);
#3950=EDGE_CURVE('',#4895,#5512,#6571,.T.);
#3951=EDGE_CURVE('',#5513,#5512,#6572,.T.);
#3952=EDGE_CURVE('',#4896,#5513,#6573,.T.);
#3953=EDGE_CURVE('',#5514,#5513,#6574,.T.);
#3954=EDGE_CURVE('',#4897,#5514,#6575,.T.);
#3955=EDGE_CURVE('',#5515,#5514,#6576,.T.);
#3956=EDGE_CURVE('',#4898,#5515,#6577,.T.);
#3957=EDGE_CURVE('',#4797,#5515,#6578,.T.);
#3958=EDGE_CURVE('',#5516,#4799,#25,.F.);
#3959=EDGE_CURVE('',#4899,#5516,#6579,.T.);
#3960=EDGE_CURVE('',#5517,#5516,#26,.F.);
#3961=EDGE_CURVE('',#4900,#5517,#6580,.T.);
#3962=EDGE_CURVE('',#5518,#5517,#27,.F.);
#3963=EDGE_CURVE('',#4901,#5518,#6581,.T.);
#3964=EDGE_CURVE('',#5519,#5518,#28,.F.);
#3965=EDGE_CURVE('',#4902,#5519,#6582,.T.);
#3966=EDGE_CURVE('',#5520,#5519,#29,.F.);
#3967=EDGE_CURVE('',#4903,#5520,#6583,.T.);
#3968=EDGE_CURVE('',#5500,#5520,#30,.F.);
#3969=EDGE_CURVE('',#5502,#5521,#31,.T.);
#3970=EDGE_CURVE('',#5522,#5521,#6584,.T.);
#3971=EDGE_CURVE('',#4906,#5522,#6585,.T.);
#3972=EDGE_CURVE('',#5523,#5522,#6586,.T.);
#3973=EDGE_CURVE('',#4907,#5523,#6587,.T.);
#3974=EDGE_CURVE('',#5524,#5523,#6588,.T.);
#3975=EDGE_CURVE('',#4908,#5524,#6589,.T.);
#3976=EDGE_CURVE('',#5525,#5524,#6590,.T.);
#3977=EDGE_CURVE('',#4909,#5525,#6591,.T.);
#3978=EDGE_CURVE('',#5526,#5525,#6592,.T.);
#3979=EDGE_CURVE('',#4910,#5526,#6593,.T.);
#3980=EDGE_CURVE('',#5527,#5526,#6594,.T.);
#3981=EDGE_CURVE('',#4911,#5527,#6595,.T.);
#3982=EDGE_CURVE('',#5528,#5527,#6596,.T.);
#3983=EDGE_CURVE('',#4912,#5528,#6597,.T.);
#3984=EDGE_CURVE('',#5529,#5528,#6598,.T.);
#3985=EDGE_CURVE('',#4913,#5529,#6599,.T.);
#3986=EDGE_CURVE('',#5530,#5529,#6600,.T.);
#3987=EDGE_CURVE('',#4914,#5530,#6601,.T.);
#3988=EDGE_CURVE('',#5531,#5530,#6602,.T.);
#3989=EDGE_CURVE('',#4915,#5531,#6603,.T.);
#3990=EDGE_CURVE('',#5532,#5531,#6604,.T.);
#3991=EDGE_CURVE('',#4916,#5532,#6605,.T.);
#3992=EDGE_CURVE('',#5533,#5532,#6606,.T.);
#3993=EDGE_CURVE('',#4917,#5533,#6607,.T.);
#3994=EDGE_CURVE('',#5534,#5533,#6608,.T.);
#3995=EDGE_CURVE('',#4918,#5534,#6609,.T.);
#3996=EDGE_CURVE('',#5535,#5534,#6610,.T.);
#3997=EDGE_CURVE('',#4919,#5535,#6611,.T.);
#3998=EDGE_CURVE('',#5536,#5535,#6612,.T.);
#3999=EDGE_CURVE('',#4920,#5536,#6613,.T.);
#4000=EDGE_CURVE('',#5537,#5536,#6614,.T.);
#4001=EDGE_CURVE('',#4921,#5537,#6615,.T.);
#4002=EDGE_CURVE('',#5538,#5537,#6616,.T.);
#4003=EDGE_CURVE('',#4922,#5538,#6617,.T.);
#4004=EDGE_CURVE('',#5539,#5538,#6618,.T.);
#4005=EDGE_CURVE('',#4923,#5539,#6619,.T.);
#4006=EDGE_CURVE('',#5540,#5539,#6620,.T.);
#4007=EDGE_CURVE('',#4924,#5540,#6621,.T.);
#4008=EDGE_CURVE('',#5541,#5540,#6622,.T.);
#4009=EDGE_CURVE('',#4925,#5541,#6623,.T.);
#4010=EDGE_CURVE('',#5542,#5541,#6624,.T.);
#4011=EDGE_CURVE('',#4926,#5542,#6625,.T.);
#4012=EDGE_CURVE('',#5543,#5542,#6626,.T.);
#4013=EDGE_CURVE('',#4927,#5543,#6627,.T.);
#4014=EDGE_CURVE('',#5544,#5543,#6628,.T.);
#4015=EDGE_CURVE('',#4928,#5544,#6629,.T.);
#4016=EDGE_CURVE('',#5545,#5544,#6630,.T.);
#4017=EDGE_CURVE('',#4929,#5545,#6631,.T.);
#4018=EDGE_CURVE('',#5546,#5545,#6632,.T.);
#4019=EDGE_CURVE('',#4930,#5546,#6633,.T.);
#4020=EDGE_CURVE('',#5547,#5546,#6634,.T.);
#4021=EDGE_CURVE('',#4931,#5547,#6635,.T.);
#4022=EDGE_CURVE('',#5548,#5547,#6636,.T.);
#4023=EDGE_CURVE('',#4932,#5548,#6637,.T.);
#4024=EDGE_CURVE('',#5549,#5548,#6638,.T.);
#4025=EDGE_CURVE('',#4933,#5549,#6639,.T.);
#4026=EDGE_CURVE('',#5550,#5549,#6640,.T.);
#4027=EDGE_CURVE('',#4934,#5550,#6641,.F.);
#4028=EDGE_CURVE('',#5551,#5550,#6642,.T.);
#4029=EDGE_CURVE('',#4935,#5551,#6643,.T.);
#4030=EDGE_CURVE('',#5552,#5551,#6644,.T.);
#4031=EDGE_CURVE('',#4936,#5552,#6645,.F.);
#4032=EDGE_CURVE('',#5553,#5552,#6646,.T.);
#4033=EDGE_CURVE('',#4937,#5553,#6647,.T.);
#4034=EDGE_CURVE('',#5554,#5553,#6648,.T.);
#4035=EDGE_CURVE('',#4938,#5554,#6649,.F.);
#4036=EDGE_CURVE('',#5555,#5554,#6650,.T.);
#4037=EDGE_CURVE('',#4939,#5555,#6651,.T.);
#4038=EDGE_CURVE('',#5556,#5555,#6652,.T.);
#4039=EDGE_CURVE('',#4940,#5556,#6653,.T.);
#4040=EDGE_CURVE('',#5557,#5556,#6654,.T.);
#4041=EDGE_CURVE('',#4941,#5557,#6655,.T.);
#4042=EDGE_CURVE('',#5558,#5557,#6656,.T.);
#4043=EDGE_CURVE('',#4942,#5558,#6657,.T.);
#4044=EDGE_CURVE('',#5559,#5558,#6658,.T.);
#4045=EDGE_CURVE('',#4943,#5559,#6659,.T.);
#4046=EDGE_CURVE('',#5560,#5559,#6660,.T.);
#4047=EDGE_CURVE('',#4944,#5560,#6661,.T.);
#4048=EDGE_CURVE('',#5561,#5560,#6662,.T.);
#4049=EDGE_CURVE('',#4945,#5561,#6663,.T.);
#4050=EDGE_CURVE('',#5562,#5561,#6664,.T.);
#4051=EDGE_CURVE('',#4946,#5562,#6665,.T.);
#4052=EDGE_CURVE('',#5563,#5562,#6666,.T.);
#4053=EDGE_CURVE('',#4947,#5563,#6667,.T.);
#4054=EDGE_CURVE('',#5564,#5563,#6668,.T.);
#4055=EDGE_CURVE('',#4948,#5564,#6669,.T.);
#4056=EDGE_CURVE('',#5565,#5564,#6670,.T.);
#4057=EDGE_CURVE('',#4949,#5565,#6671,.T.);
#4058=EDGE_CURVE('',#5566,#5565,#6672,.T.);
#4059=EDGE_CURVE('',#4950,#5566,#6673,.T.);
#4060=EDGE_CURVE('',#5567,#5566,#6674,.T.);
#4061=EDGE_CURVE('',#4951,#5567,#6675,.T.);
#4062=EDGE_CURVE('',#5568,#5567,#6676,.T.);
#4063=EDGE_CURVE('',#4952,#5568,#6677,.T.);
#4064=EDGE_CURVE('',#5569,#5568,#6678,.T.);
#4065=EDGE_CURVE('',#4953,#5569,#6679,.T.);
#4066=EDGE_CURVE('',#5570,#5569,#6680,.T.);
#4067=EDGE_CURVE('',#4954,#5570,#6681,.T.);
#4068=EDGE_CURVE('',#5571,#5570,#6682,.F.);
#4069=EDGE_CURVE('',#4955,#5571,#6683,.T.);
#4070=EDGE_CURVE('',#5572,#5571,#6684,.T.);
#4071=EDGE_CURVE('',#4956,#5572,#6685,.T.);
#4072=EDGE_CURVE('',#5573,#5572,#6686,.T.);
#4073=EDGE_CURVE('',#4957,#5573,#6687,.T.);
#4074=EDGE_CURVE('',#5574,#5573,#6688,.T.);
#4075=EDGE_CURVE('',#4958,#5574,#6689,.T.);
#4076=EDGE_CURVE('',#5575,#5574,#6690,.T.);
#4077=EDGE_CURVE('',#4959,#5575,#6691,.T.);
#4078=EDGE_CURVE('',#5576,#5575,#6692,.T.);
#4079=EDGE_CURVE('',#4960,#5576,#6693,.T.);
#4080=EDGE_CURVE('',#5577,#5576,#6694,.T.);
#4081=EDGE_CURVE('',#4961,#5577,#6695,.T.);
#4082=EDGE_CURVE('',#5578,#5577,#6696,.T.);
#4083=EDGE_CURVE('',#4962,#5578,#6697,.T.);
#4084=EDGE_CURVE('',#5579,#5578,#6698,.T.);
#4085=EDGE_CURVE('',#4963,#5579,#6699,.T.);
#4086=EDGE_CURVE('',#5580,#5579,#6700,.T.);
#4087=EDGE_CURVE('',#4964,#5580,#6701,.T.);
#4088=EDGE_CURVE('',#5581,#5580,#6702,.T.);
#4089=EDGE_CURVE('',#4965,#5581,#6703,.T.);
#4090=EDGE_CURVE('',#5582,#5581,#6704,.T.);
#4091=EDGE_CURVE('',#4966,#5582,#6705,.T.);
#4092=EDGE_CURVE('',#5583,#5582,#6706,.F.);
#4093=EDGE_CURVE('',#4967,#5583,#6707,.T.);
#4094=EDGE_CURVE('',#5584,#5583,#6708,.T.);
#4095=EDGE_CURVE('',#4968,#5584,#6709,.T.);
#4096=EDGE_CURVE('',#5585,#5584,#6710,.T.);
#4097=EDGE_CURVE('',#4969,#5585,#6711,.T.);
#4098=EDGE_CURVE('',#5586,#5585,#6712,.T.);
#4099=EDGE_CURVE('',#4970,#5586,#6713,.T.);
#4100=EDGE_CURVE('',#5587,#5586,#6714,.F.);
#4101=EDGE_CURVE('',#4971,#5587,#6715,.T.);
#4102=EDGE_CURVE('',#5588,#5587,#6716,.T.);
#4103=EDGE_CURVE('',#4972,#5588,#6717,.T.);
#4104=EDGE_CURVE('',#5589,#5588,#6718,.F.);
#4105=EDGE_CURVE('',#4973,#5589,#6719,.T.);
#4106=EDGE_CURVE('',#5590,#5589,#6720,.T.);
#4107=EDGE_CURVE('',#4974,#5590,#6721,.T.);
#4108=EDGE_CURVE('',#5591,#5590,#6722,.T.);
#4109=EDGE_CURVE('',#4975,#5591,#6723,.F.);
#4110=EDGE_CURVE('',#5592,#5591,#6724,.F.);
#4111=EDGE_CURVE('',#4976,#5592,#6725,.T.);
#4112=EDGE_CURVE('',#5593,#5592,#6726,.T.);
#4113=EDGE_CURVE('',#4977,#5593,#6727,.T.);
#4114=EDGE_CURVE('',#5594,#5593,#6728,.F.);
#4115=EDGE_CURVE('',#4978,#5594,#6729,.T.);
#4116=EDGE_CURVE('',#5595,#5594,#6730,.T.);
#4117=EDGE_CURVE('',#4979,#5595,#6731,.T.);
#4118=EDGE_CURVE('',#5596,#5595,#6732,.T.);
#4119=EDGE_CURVE('',#4980,#5596,#6733,.T.);
#4120=EDGE_CURVE('',#5597,#5596,#6734,.T.);
#4121=EDGE_CURVE('',#4981,#5597,#6735,.T.);
#4122=EDGE_CURVE('',#5598,#5597,#6736,.T.);
#4123=EDGE_CURVE('',#4982,#5598,#6737,.T.);
#4124=EDGE_CURVE('',#5599,#5598,#6738,.T.);
#4125=EDGE_CURVE('',#4983,#5599,#6739,.T.);
#4126=EDGE_CURVE('',#5600,#5599,#6740,.T.);
#4127=EDGE_CURVE('',#5600,#5601,#32,.T.);
#4128=EDGE_CURVE('',#4984,#5601,#33,.F.);
#4129=EDGE_CURVE('',#5602,#5600,#6741,.T.);
#4130=EDGE_CURVE('',#4985,#5602,#6742,.T.);
#4131=EDGE_CURVE('',#5603,#5602,#6743,.T.);
#4132=EDGE_CURVE('',#4986,#5603,#6744,.T.);
#4133=EDGE_CURVE('',#5604,#5603,#6745,.T.);
#4134=EDGE_CURVE('',#4987,#5604,#6746,.T.);
#4135=EDGE_CURVE('',#5605,#5604,#6747,.T.);
#4136=EDGE_CURVE('',#4988,#5605,#6748,.T.);
#4137=EDGE_CURVE('',#5606,#5605,#6749,.T.);
#4138=EDGE_CURVE('',#4989,#5606,#6750,.T.);
#4139=EDGE_CURVE('',#5607,#5606,#6751,.T.);
#4140=EDGE_CURVE('',#4990,#5607,#6752,.T.);
#4141=EDGE_CURVE('',#5608,#5607,#6753,.T.);
#4142=EDGE_CURVE('',#4991,#5608,#6754,.T.);
#4143=EDGE_CURVE('',#5609,#5608,#6755,.T.);
#4144=EDGE_CURVE('',#4992,#5609,#6756,.T.);
#4145=EDGE_CURVE('',#5610,#5609,#6757,.T.);
#4146=EDGE_CURVE('',#4993,#5610,#6758,.T.);
#4147=EDGE_CURVE('',#5611,#5610,#6759,.T.);
#4148=EDGE_CURVE('',#4994,#5611,#6760,.T.);
#4149=EDGE_CURVE('',#5612,#5611,#6761,.T.);
#4150=EDGE_CURVE('',#4995,#5612,#6762,.T.);
#4151=EDGE_CURVE('',#5613,#5612,#6763,.T.);
#4152=EDGE_CURVE('',#4996,#5613,#6764,.T.);
#4153=EDGE_CURVE('',#5614,#5613,#6765,.T.);
#4154=EDGE_CURVE('',#4997,#5614,#6766,.T.);
#4155=EDGE_CURVE('',#5615,#5614,#6767,.T.);
#4156=EDGE_CURVE('',#4998,#5615,#6768,.T.);
#4157=EDGE_CURVE('',#5616,#5615,#6769,.T.);
#4158=EDGE_CURVE('',#4999,#5616,#6770,.T.);
#4159=EDGE_CURVE('',#5617,#5616,#6771,.T.);
#4160=EDGE_CURVE('',#5000,#5617,#6772,.T.);
#4161=EDGE_CURVE('',#5618,#5617,#6773,.T.);
#4162=EDGE_CURVE('',#5001,#5618,#6774,.T.);
#4163=EDGE_CURVE('',#5619,#5618,#6775,.T.);
#4164=EDGE_CURVE('',#5002,#5619,#6776,.T.);
#4165=EDGE_CURVE('',#5620,#5619,#6777,.T.);
#4166=EDGE_CURVE('',#5003,#5620,#6778,.T.);
#4167=EDGE_CURVE('',#5621,#5620,#6779,.T.);
#4168=EDGE_CURVE('',#5004,#5621,#6780,.T.);
#4169=EDGE_CURVE('',#5622,#5621,#6781,.F.);
#4170=EDGE_CURVE('',#5005,#5622,#6782,.T.);
#4171=EDGE_CURVE('',#5623,#5622,#6783,.T.);
#4172=EDGE_CURVE('',#5006,#5623,#6784,.T.);
#4173=EDGE_CURVE('',#5624,#5623,#6785,.T.);
#4174=EDGE_CURVE('',#5007,#5624,#6786,.T.);
#4175=EDGE_CURVE('',#5625,#5624,#6787,.T.);
#4176=EDGE_CURVE('',#5008,#5625,#6788,.T.);
#4177=EDGE_CURVE('',#5626,#5625,#6789,.T.);
#4178=EDGE_CURVE('',#5009,#5626,#6790,.T.);
#4179=EDGE_CURVE('',#5627,#5626,#6791,.T.);
#4180=EDGE_CURVE('',#5010,#5627,#6792,.T.);
#4181=EDGE_CURVE('',#5628,#5627,#6793,.F.);
#4182=EDGE_CURVE('',#5011,#5628,#6794,.T.);
#4183=EDGE_CURVE('',#5629,#5628,#6795,.T.);
#4184=EDGE_CURVE('',#5012,#5629,#6796,.T.);
#4185=EDGE_CURVE('',#5630,#5629,#6797,.T.);
#4186=EDGE_CURVE('',#5013,#5630,#6798,.T.);
#4187=EDGE_CURVE('',#5631,#5630,#6799,.T.);
#4188=EDGE_CURVE('',#5014,#5631,#6800,.T.);
#4189=EDGE_CURVE('',#5632,#5631,#6801,.T.);
#4190=EDGE_CURVE('',#5015,#5632,#6802,.T.);
#4191=EDGE_CURVE('',#5633,#5632,#6803,.T.);
#4192=EDGE_CURVE('',#5016,#5633,#6804,.T.);
#4193=EDGE_CURVE('',#5634,#5633,#6805,.T.);
#4194=EDGE_CURVE('',#5017,#5634,#6806,.T.);
#4195=EDGE_CURVE('',#5635,#5634,#6807,.T.);
#4196=EDGE_CURVE('',#5018,#5635,#6808,.T.);
#4197=EDGE_CURVE('',#5636,#5635,#6809,.T.);
#4198=EDGE_CURVE('',#5019,#5636,#6810,.T.);
#4199=EDGE_CURVE('',#5637,#5636,#6811,.T.);
#4200=EDGE_CURVE('',#5020,#5637,#6812,.T.);
#4201=EDGE_CURVE('',#5638,#5637,#6813,.T.);
#4202=EDGE_CURVE('',#5021,#5638,#6814,.T.);
#4203=EDGE_CURVE('',#5639,#5638,#6815,.T.);
#4204=EDGE_CURVE('',#5022,#5639,#6816,.T.);
#4205=EDGE_CURVE('',#5640,#5639,#6817,.T.);
#4206=EDGE_CURVE('',#5023,#5640,#6818,.T.);
#4207=EDGE_CURVE('',#5641,#5640,#6819,.T.);
#4208=EDGE_CURVE('',#5024,#5641,#6820,.T.);
#4209=EDGE_CURVE('',#5642,#5641,#6821,.T.);
#4210=EDGE_CURVE('',#5025,#5642,#6822,.T.);
#4211=EDGE_CURVE('',#5643,#5642,#6823,.T.);
#4212=EDGE_CURVE('',#5026,#5643,#6824,.T.);
#4213=EDGE_CURVE('',#5644,#5643,#6825,.T.);
#4214=EDGE_CURVE('',#5027,#5644,#6826,.T.);
#4215=EDGE_CURVE('',#5645,#5644,#6827,.T.);
#4216=EDGE_CURVE('',#5028,#5645,#6828,.T.);
#4217=EDGE_CURVE('',#5646,#5645,#6829,.T.);
#4218=EDGE_CURVE('',#5029,#5646,#6830,.T.);
#4219=EDGE_CURVE('',#5647,#5646,#6831,.T.);
#4220=EDGE_CURVE('',#5030,#5647,#6832,.T.);
#4221=EDGE_CURVE('',#5648,#5647,#6833,.T.);
#4222=EDGE_CURVE('',#5031,#5648,#6834,.T.);
#4223=EDGE_CURVE('',#5649,#5648,#6835,.T.);
#4224=EDGE_CURVE('',#5032,#5649,#6836,.T.);
#4225=EDGE_CURVE('',#5650,#5649,#6837,.T.);
#4226=EDGE_CURVE('',#5033,#5650,#6838,.T.);
#4227=EDGE_CURVE('',#5651,#5650,#6839,.T.);
#4228=EDGE_CURVE('',#5034,#5651,#6840,.T.);
#4229=EDGE_CURVE('',#5652,#5651,#6841,.T.);
#4230=EDGE_CURVE('',#5035,#5652,#6842,.T.);
#4231=EDGE_CURVE('',#5653,#5652,#6843,.T.);
#4232=EDGE_CURVE('',#5036,#5653,#6844,.T.);
#4233=EDGE_CURVE('',#4773,#5653,#6845,.T.);
#4234=EDGE_CURVE('',#4789,#5654,#6846,.T.);
#4235=EDGE_CURVE('',#5654,#5149,#6847,.F.);
#4236=EDGE_CURVE('',#5654,#5655,#6848,.T.);
#4237=EDGE_CURVE('',#5655,#5150,#6849,.F.);
#4238=EDGE_CURVE('',#5655,#5656,#6850,.T.);
#4239=EDGE_CURVE('',#5656,#5151,#6851,.F.);
#4240=EDGE_CURVE('',#5656,#5657,#6852,.T.);
#4241=EDGE_CURVE('',#5657,#5152,#6853,.F.);
#4242=EDGE_CURVE('',#5657,#5658,#6854,.T.);
#4243=EDGE_CURVE('',#5658,#5153,#6855,.F.);
#4244=EDGE_CURVE('',#5658,#5659,#6856,.T.);
#4245=EDGE_CURVE('',#5659,#5154,#6857,.F.);
#4246=EDGE_CURVE('',#5659,#5660,#6858,.T.);
#4247=EDGE_CURVE('',#5660,#5155,#6859,.F.);
#4248=EDGE_CURVE('',#5660,#5661,#6860,.T.);
#4249=EDGE_CURVE('',#5661,#5156,#6861,.F.);
#4250=EDGE_CURVE('',#5661,#5662,#6862,.T.);
#4251=EDGE_CURVE('',#5662,#5157,#6863,.F.);
#4252=EDGE_CURVE('',#5662,#5663,#6864,.T.);
#4253=EDGE_CURVE('',#5663,#5158,#6865,.F.);
#4254=EDGE_CURVE('',#5663,#5664,#6866,.T.);
#4255=EDGE_CURVE('',#5664,#5159,#6867,.F.);
#4256=EDGE_CURVE('',#5664,#5665,#6868,.T.);
#4257=EDGE_CURVE('',#5665,#5160,#6869,.F.);
#4258=EDGE_CURVE('',#5665,#5666,#6870,.T.);
#4259=EDGE_CURVE('',#5666,#5161,#6871,.F.);
#4260=EDGE_CURVE('',#5666,#5667,#6872,.T.);
#4261=EDGE_CURVE('',#5667,#5162,#6873,.F.);
#4262=EDGE_CURVE('',#5667,#5668,#6874,.T.);
#4263=EDGE_CURVE('',#5668,#5163,#6875,.F.);
#4264=EDGE_CURVE('',#5668,#5669,#6876,.T.);
#4265=EDGE_CURVE('',#5669,#5164,#6877,.F.);
#4266=EDGE_CURVE('',#5669,#5670,#6878,.T.);
#4267=EDGE_CURVE('',#5670,#5165,#6879,.F.);
#4268=EDGE_CURVE('',#5670,#5671,#6880,.T.);
#4269=EDGE_CURVE('',#5671,#5166,#6881,.F.);
#4270=EDGE_CURVE('',#5671,#5672,#6882,.T.);
#4271=EDGE_CURVE('',#5672,#5167,#6883,.F.);
#4272=EDGE_CURVE('',#5672,#5673,#6884,.T.);
#4273=EDGE_CURVE('',#5673,#5168,#6885,.F.);
#4274=EDGE_CURVE('',#5673,#5674,#6886,.T.);
#4275=EDGE_CURVE('',#5674,#5169,#6887,.F.);
#4276=EDGE_CURVE('',#5674,#5675,#6888,.T.);
#4277=EDGE_CURVE('',#5675,#5170,#6889,.F.);
#4278=EDGE_CURVE('',#5675,#5676,#6890,.T.);
#4279=EDGE_CURVE('',#5676,#5171,#6891,.F.);
#4280=EDGE_CURVE('',#5676,#5677,#6892,.T.);
#4281=EDGE_CURVE('',#5677,#5172,#6893,.F.);
#4282=EDGE_CURVE('',#5677,#5678,#6894,.T.);
#4283=EDGE_CURVE('',#5678,#5173,#6895,.F.);
#4284=EDGE_CURVE('',#5678,#5679,#6896,.T.);
#4285=EDGE_CURVE('',#5679,#5174,#6897,.F.);
#4286=EDGE_CURVE('',#5679,#5680,#6898,.T.);
#4287=EDGE_CURVE('',#5680,#5175,#6899,.F.);
#4288=EDGE_CURVE('',#5680,#5681,#6900,.T.);
#4289=EDGE_CURVE('',#5681,#5176,#6901,.F.);
#4290=EDGE_CURVE('',#5681,#5682,#6902,.T.);
#4291=EDGE_CURVE('',#5682,#5177,#6903,.F.);
#4292=EDGE_CURVE('',#5682,#5683,#6904,.T.);
#4293=EDGE_CURVE('',#5683,#5178,#6905,.F.);
#4294=EDGE_CURVE('',#5683,#5684,#6906,.T.);
#4295=EDGE_CURVE('',#5684,#5179,#6907,.T.);
#4296=EDGE_CURVE('',#5684,#5685,#6908,.T.);
#4297=EDGE_CURVE('',#5685,#5180,#6909,.F.);
#4298=EDGE_CURVE('',#5685,#5686,#6910,.T.);
#4299=EDGE_CURVE('',#5686,#5181,#6911,.F.);
#4300=EDGE_CURVE('',#5686,#5687,#6912,.T.);
#4301=EDGE_CURVE('',#5687,#5182,#6913,.F.);
#4302=EDGE_CURVE('',#5687,#5688,#6914,.T.);
#4303=EDGE_CURVE('',#5688,#5183,#6915,.F.);
#4304=EDGE_CURVE('',#5688,#5689,#6916,.T.);
#4305=EDGE_CURVE('',#5689,#5184,#6917,.F.);
#4306=EDGE_CURVE('',#5689,#5690,#6918,.T.);
#4307=EDGE_CURVE('',#5690,#5185,#6919,.F.);
#4308=EDGE_CURVE('',#5690,#5691,#6920,.T.);
#4309=EDGE_CURVE('',#5691,#5186,#6921,.F.);
#4310=EDGE_CURVE('',#5691,#5692,#6922,.T.);
#4311=EDGE_CURVE('',#5692,#5187,#6923,.F.);
#4312=EDGE_CURVE('',#5692,#5693,#6924,.T.);
#4313=EDGE_CURVE('',#5693,#5188,#6925,.F.);
#4314=EDGE_CURVE('',#5693,#5694,#6926,.T.);
#4315=EDGE_CURVE('',#5694,#5189,#6927,.F.);
#4316=EDGE_CURVE('',#5694,#5695,#6928,.T.);
#4317=EDGE_CURVE('',#5695,#5190,#6929,.F.);
#4318=EDGE_CURVE('',#5695,#5696,#6930,.T.);
#4319=EDGE_CURVE('',#5696,#5191,#6931,.F.);
#4320=EDGE_CURVE('',#5696,#5697,#6932,.T.);
#4321=EDGE_CURVE('',#5697,#5192,#6933,.F.);
#4322=EDGE_CURVE('',#5697,#5698,#6934,.T.);
#4323=EDGE_CURVE('',#5698,#5193,#6935,.F.);
#4324=EDGE_CURVE('',#5698,#5699,#6936,.T.);
#4325=EDGE_CURVE('',#5699,#5194,#6937,.F.);
#4326=EDGE_CURVE('',#5699,#5700,#6938,.T.);
#4327=EDGE_CURVE('',#5700,#5195,#6939,.F.);
#4328=EDGE_CURVE('',#5700,#5701,#6940,.T.);
#4329=EDGE_CURVE('',#5701,#5196,#6941,.F.);
#4330=EDGE_CURVE('',#5701,#5702,#6942,.T.);
#4331=EDGE_CURVE('',#5702,#5197,#6943,.F.);
#4332=EDGE_CURVE('',#5702,#5703,#6944,.T.);
#4333=EDGE_CURVE('',#5703,#5198,#6945,.F.);
#4334=EDGE_CURVE('',#5703,#5704,#6946,.T.);
#4335=EDGE_CURVE('',#5704,#5199,#6947,.F.);
#4336=EDGE_CURVE('',#5704,#5705,#6948,.F.);
#4337=EDGE_CURVE('',#5705,#5200,#6949,.F.);
#4338=EDGE_CURVE('',#5705,#5706,#6950,.T.);
#4339=EDGE_CURVE('',#5706,#5201,#6951,.F.);
#4340=EDGE_CURVE('',#5706,#5707,#6952,.T.);
#4341=EDGE_CURVE('',#5707,#5202,#6953,.F.);
#4342=EDGE_CURVE('',#5707,#5708,#6954,.T.);
#4343=EDGE_CURVE('',#5708,#5203,#6955,.F.);
#4344=EDGE_CURVE('',#5708,#5709,#6956,.T.);
#4345=EDGE_CURVE('',#5709,#5204,#6957,.F.);
#4346=EDGE_CURVE('',#5709,#5710,#6958,.T.);
#4347=EDGE_CURVE('',#5710,#5205,#6959,.F.);
#4348=EDGE_CURVE('',#5710,#5711,#6960,.T.);
#4349=EDGE_CURVE('',#5711,#5206,#6961,.F.);
#4350=EDGE_CURVE('',#5711,#5712,#6962,.T.);
#4351=EDGE_CURVE('',#5712,#5207,#6963,.F.);
#4352=EDGE_CURVE('',#5712,#5713,#6964,.T.);
#4353=EDGE_CURVE('',#5713,#5208,#6965,.F.);
#4354=EDGE_CURVE('',#5713,#5714,#6966,.T.);
#4355=EDGE_CURVE('',#5714,#5209,#6967,.F.);
#4356=EDGE_CURVE('',#5714,#5715,#6968,.T.);
#4357=EDGE_CURVE('',#5715,#5210,#6969,.F.);
#4358=EDGE_CURVE('',#5715,#5716,#6970,.T.);
#4359=EDGE_CURVE('',#5716,#5211,#6971,.F.);
#4360=EDGE_CURVE('',#5716,#5717,#6972,.T.);
#4361=EDGE_CURVE('',#5717,#5212,#6973,.F.);
#4362=EDGE_CURVE('',#5717,#5718,#6974,.T.);
#4363=EDGE_CURVE('',#5718,#5213,#6975,.F.);
#4364=EDGE_CURVE('',#5718,#5719,#6976,.T.);
#4365=EDGE_CURVE('',#5719,#5214,#6977,.F.);
#4366=EDGE_CURVE('',#5719,#5720,#6978,.T.);
#4367=EDGE_CURVE('',#5720,#5215,#6979,.F.);
#4368=EDGE_CURVE('',#5720,#5721,#6980,.T.);
#4369=EDGE_CURVE('',#5721,#5216,#6981,.F.);
#4370=EDGE_CURVE('',#5721,#5722,#6982,.T.);
#4371=EDGE_CURVE('',#5722,#5217,#6983,.F.);
#4372=EDGE_CURVE('',#5722,#5723,#6984,.T.);
#4373=EDGE_CURVE('',#5723,#5218,#6985,.F.);
#4374=EDGE_CURVE('',#5723,#5724,#6986,.T.);
#4375=EDGE_CURVE('',#5724,#5219,#6987,.F.);
#4376=EDGE_CURVE('',#5724,#5725,#6988,.T.);
#4377=EDGE_CURVE('',#5725,#5220,#6989,.F.);
#4378=EDGE_CURVE('',#5725,#5726,#6990,.F.);
#4379=EDGE_CURVE('',#5726,#5221,#6991,.F.);
#4380=EDGE_CURVE('',#5726,#5727,#6992,.T.);
#4381=EDGE_CURVE('',#5727,#5222,#6993,.F.);
#4382=EDGE_CURVE('',#5727,#5728,#6994,.T.);
#4383=EDGE_CURVE('',#5728,#5223,#6995,.F.);
#4384=EDGE_CURVE('',#5728,#5729,#6996,.T.);
#4385=EDGE_CURVE('',#5729,#5224,#6997,.T.);
#4386=EDGE_CURVE('',#5729,#5730,#6998,.T.);
#4387=EDGE_CURVE('',#5730,#5225,#6999,.F.);
#4388=EDGE_CURVE('',#5730,#5731,#7000,.T.);
#4389=EDGE_CURVE('',#5731,#5226,#7001,.T.);
#4390=EDGE_CURVE('',#5731,#5732,#7002,.T.);
#4391=EDGE_CURVE('',#5732,#5227,#7003,.F.);
#4392=EDGE_CURVE('',#5732,#5733,#7004,.T.);
#4393=EDGE_CURVE('',#5733,#5228,#7005,.F.);
#4394=EDGE_CURVE('',#5733,#5734,#7006,.T.);
#4395=EDGE_CURVE('',#5734,#5229,#7007,.F.);
#4396=EDGE_CURVE('',#5734,#5735,#7008,.T.);
#4397=EDGE_CURVE('',#5735,#5230,#7009,.T.);
#4398=EDGE_CURVE('',#5735,#5736,#7010,.T.);
#4399=EDGE_CURVE('',#5736,#5231,#7011,.F.);
#4400=EDGE_CURVE('',#5736,#5737,#7012,.T.);
#4401=EDGE_CURVE('',#5737,#5232,#7013,.F.);
#4402=EDGE_CURVE('',#5737,#5738,#7014,.T.);
#4403=EDGE_CURVE('',#5738,#5233,#7015,.F.);
#4404=EDGE_CURVE('',#5738,#5739,#7016,.T.);
#4405=EDGE_CURVE('',#5739,#5234,#7017,.F.);
#4406=EDGE_CURVE('',#5739,#5740,#7018,.T.);
#4407=EDGE_CURVE('',#5740,#5235,#7019,.F.);
#4408=EDGE_CURVE('',#5740,#5741,#7020,.T.);
#4409=EDGE_CURVE('',#5741,#5236,#7021,.F.);
#4410=EDGE_CURVE('',#5741,#5742,#7022,.T.);
#4411=EDGE_CURVE('',#5742,#5237,#7023,.F.);
#4412=EDGE_CURVE('',#5742,#5743,#7024,.T.);
#4413=EDGE_CURVE('',#5743,#5238,#7025,.F.);
#4414=EDGE_CURVE('',#5743,#5744,#7026,.T.);
#4415=EDGE_CURVE('',#5744,#5239,#7027,.F.);
#4416=EDGE_CURVE('',#5744,#5745,#7028,.T.);
#4417=EDGE_CURVE('',#5745,#5240,#7029,.F.);
#4418=EDGE_CURVE('',#5745,#5746,#7030,.T.);
#4419=EDGE_CURVE('',#5746,#5241,#7031,.F.);
#4420=EDGE_CURVE('',#5746,#5747,#7032,.T.);
#4421=EDGE_CURVE('',#5747,#5242,#7033,.F.);
#4422=EDGE_CURVE('',#5747,#5748,#7034,.T.);
#4423=EDGE_CURVE('',#5748,#5243,#7035,.F.);
#4424=EDGE_CURVE('',#5748,#5749,#7036,.T.);
#4425=EDGE_CURVE('',#5749,#5244,#7037,.F.);
#4426=EDGE_CURVE('',#5749,#5750,#7038,.T.);
#4427=EDGE_CURVE('',#5750,#5245,#7039,.F.);
#4428=EDGE_CURVE('',#5750,#5751,#7040,.T.);
#4429=EDGE_CURVE('',#5751,#5246,#7041,.F.);
#4430=EDGE_CURVE('',#5751,#5752,#7042,.T.);
#4431=EDGE_CURVE('',#5752,#5247,#7043,.F.);
#4432=EDGE_CURVE('',#5752,#5753,#7044,.T.);
#4433=EDGE_CURVE('',#5753,#5248,#7045,.F.);
#4434=EDGE_CURVE('',#5753,#5754,#7046,.T.);
#4435=EDGE_CURVE('',#5754,#5249,#7047,.F.);
#4436=EDGE_CURVE('',#5754,#5755,#7048,.T.);
#4437=EDGE_CURVE('',#5755,#5250,#7049,.F.);
#4438=EDGE_CURVE('',#5755,#5756,#7050,.T.);
#4439=EDGE_CURVE('',#5756,#5251,#7051,.F.);
#4440=EDGE_CURVE('',#5756,#5757,#7052,.T.);
#4441=EDGE_CURVE('',#5757,#5252,#7053,.F.);
#4442=EDGE_CURVE('',#5757,#5758,#7054,.T.);
#4443=EDGE_CURVE('',#5758,#5253,#7055,.F.);
#4444=EDGE_CURVE('',#5758,#5759,#7056,.T.);
#4445=EDGE_CURVE('',#5759,#5254,#7057,.F.);
#4446=EDGE_CURVE('',#5759,#5760,#7058,.T.);
#4447=EDGE_CURVE('',#5760,#5255,#7059,.F.);
#4448=EDGE_CURVE('',#5760,#5761,#7060,.T.);
#4449=EDGE_CURVE('',#5761,#5256,#7061,.F.);
#4450=EDGE_CURVE('',#5761,#5762,#7062,.T.);
#4451=EDGE_CURVE('',#5762,#5257,#7063,.F.);
#4452=EDGE_CURVE('',#5762,#5763,#7064,.T.);
#4453=EDGE_CURVE('',#5763,#5258,#7065,.F.);
#4454=EDGE_CURVE('',#5763,#5764,#7066,.T.);
#4455=EDGE_CURVE('',#5764,#5259,#7067,.F.);
#4456=EDGE_CURVE('',#5764,#5765,#7068,.F.);
#4457=EDGE_CURVE('',#5765,#5260,#7069,.F.);
#4458=EDGE_CURVE('',#5765,#5766,#7070,.T.);
#4459=EDGE_CURVE('',#5766,#5261,#7071,.F.);
#4460=EDGE_CURVE('',#5766,#5767,#7072,.F.);
#4461=EDGE_CURVE('',#5767,#5262,#7073,.F.);
#4462=EDGE_CURVE('',#5767,#5768,#7074,.T.);
#4463=EDGE_CURVE('',#5768,#5263,#7075,.F.);
#4464=EDGE_CURVE('',#5768,#5769,#7076,.F.);
#4465=EDGE_CURVE('',#5769,#5264,#7077,.F.);
#4466=EDGE_CURVE('',#5769,#5770,#7078,.T.);
#4467=EDGE_CURVE('',#5770,#5265,#7079,.F.);
#4468=EDGE_CURVE('',#5770,#5771,#7080,.T.);
#4469=EDGE_CURVE('',#5771,#5266,#7081,.F.);
#4470=EDGE_CURVE('',#5771,#5772,#7082,.T.);
#4471=EDGE_CURVE('',#5772,#5267,#7083,.F.);
#4472=EDGE_CURVE('',#5772,#5773,#7084,.T.);
#4473=EDGE_CURVE('',#5773,#5268,#7085,.F.);
#4474=EDGE_CURVE('',#5773,#5774,#7086,.T.);
#4475=EDGE_CURVE('',#5774,#5269,#7087,.F.);
#4476=EDGE_CURVE('',#5774,#5775,#7088,.T.);
#4477=EDGE_CURVE('',#5775,#5270,#7089,.F.);
#4478=EDGE_CURVE('',#5775,#5776,#7090,.T.);
#4479=EDGE_CURVE('',#5776,#5271,#7091,.F.);
#4480=EDGE_CURVE('',#5776,#5777,#7092,.T.);
#4481=EDGE_CURVE('',#5777,#5272,#7093,.F.);
#4482=EDGE_CURVE('',#5777,#5778,#7094,.T.);
#4483=EDGE_CURVE('',#5778,#5273,#7095,.F.);
#4484=EDGE_CURVE('',#5778,#5779,#7096,.T.);
#4485=EDGE_CURVE('',#5779,#5274,#7097,.F.);
#4486=EDGE_CURVE('',#5779,#5780,#7098,.T.);
#4487=EDGE_CURVE('',#5780,#5275,#7099,.F.);
#4488=EDGE_CURVE('',#5780,#5781,#7100,.T.);
#4489=EDGE_CURVE('',#5781,#5276,#7101,.F.);
#4490=EDGE_CURVE('',#5781,#5782,#7102,.T.);
#4491=EDGE_CURVE('',#5782,#5277,#7103,.F.);
#4492=EDGE_CURVE('',#5782,#5783,#7104,.T.);
#4493=EDGE_CURVE('',#5783,#5278,#7105,.F.);
#4494=EDGE_CURVE('',#5783,#5784,#7106,.T.);
#4495=EDGE_CURVE('',#5784,#5279,#7107,.F.);
#4496=EDGE_CURVE('',#5784,#5785,#7108,.T.);
#4497=EDGE_CURVE('',#5785,#5280,#7109,.F.);
#4498=EDGE_CURVE('',#5785,#5786,#7110,.T.);
#4499=EDGE_CURVE('',#5786,#5281,#7111,.F.);
#4500=EDGE_CURVE('',#5786,#5787,#7112,.T.);
#4501=EDGE_CURVE('',#5787,#5282,#7113,.F.);
#4502=EDGE_CURVE('',#5787,#5788,#7114,.T.);
#4503=EDGE_CURVE('',#5788,#5283,#7115,.F.);
#4504=EDGE_CURVE('',#5788,#5789,#7116,.T.);
#4505=EDGE_CURVE('',#5789,#5284,#7117,.F.);
#4506=EDGE_CURVE('',#5789,#5790,#7118,.T.);
#4507=EDGE_CURVE('',#5790,#5285,#7119,.F.);
#4508=EDGE_CURVE('',#5790,#5791,#7120,.T.);
#4509=EDGE_CURVE('',#5791,#5286,#7121,.F.);
#4510=EDGE_CURVE('',#5791,#5792,#7122,.T.);
#4511=EDGE_CURVE('',#5792,#5287,#7123,.F.);
#4512=EDGE_CURVE('',#5792,#5793,#7124,.T.);
#4513=EDGE_CURVE('',#5793,#5288,#7125,.F.);
#4514=EDGE_CURVE('',#5793,#5794,#7126,.T.);
#4515=EDGE_CURVE('',#5794,#5289,#7127,.F.);
#4516=EDGE_CURVE('',#5794,#5795,#7128,.T.);
#4517=EDGE_CURVE('',#5795,#5290,#7129,.F.);
#4518=EDGE_CURVE('',#5795,#5796,#7130,.T.);
#4519=EDGE_CURVE('',#5796,#5291,#7131,.F.);
#4520=EDGE_CURVE('',#5796,#5797,#7132,.T.);
#4521=EDGE_CURVE('',#5797,#5292,#7133,.F.);
#4522=EDGE_CURVE('',#5797,#5798,#7134,.T.);
#4523=EDGE_CURVE('',#5799,#5798,#34,.F.);
#4524=EDGE_CURVE('',#5799,#5293,#7135,.F.);
#4525=EDGE_CURVE('',#4774,#4788,#7136,.F.);
#4526=EDGE_CURVE('',#5521,#5798,#7137,.T.);
#4527=EDGE_CURVE('',#4776,#4786,#7138,.T.);
#4528=EDGE_CURVE('',#4775,#4787,#7139,.F.);
#4529=EDGE_CURVE('',#5501,#5800,#7140,.T.);
#4530=EDGE_CURVE('',#5800,#5799,#7141,.F.);
#4531=EDGE_CURVE('',#5502,#5799,#7142,.T.);
#4532=EDGE_CURVE('',#5800,#5801,#35,.T.);
#4533=EDGE_CURVE('',#5801,#5294,#7143,.F.);
#4534=EDGE_CURVE('',#5801,#5802,#36,.T.);
#4535=EDGE_CURVE('',#5802,#5295,#7144,.F.);
#4536=EDGE_CURVE('',#5802,#5803,#7145,.T.);
#4537=EDGE_CURVE('',#5803,#5296,#7146,.F.);
#4538=EDGE_CURVE('',#5803,#5804,#7147,.T.);
#4539=EDGE_CURVE('',#5804,#5297,#7148,.F.);
#4540=EDGE_CURVE('',#5804,#5805,#37,.T.);
#4541=EDGE_CURVE('',#5805,#5298,#7149,.F.);
#4542=EDGE_CURVE('',#5805,#5806,#16,.F.);
#4543=EDGE_CURVE('',#5806,#5299,#7150,.F.);
#4544=EDGE_CURVE('',#5806,#5807,#38,.T.);
#4545=EDGE_CURVE('',#5807,#5300,#7151,.F.);
#4546=EDGE_CURVE('',#5807,#5808,#39,.T.);
#4547=EDGE_CURVE('',#5808,#5301,#7152,.F.);
#4548=EDGE_CURVE('',#5808,#4807,#17,.F.);
#4549=EDGE_CURVE('',#4804,#5809,#7153,.T.);
#4550=EDGE_CURVE('',#5809,#5302,#7154,.F.);
#4551=EDGE_CURVE('',#5809,#5810,#7155,.T.);
#4552=EDGE_CURVE('',#5810,#5303,#7156,.F.);
#4553=EDGE_CURVE('',#5810,#5811,#7157,.T.);
#4554=EDGE_CURVE('',#5811,#5304,#7158,.F.);
#4555=EDGE_CURVE('',#5811,#5812,#7159,.T.);
#4556=EDGE_CURVE('',#5812,#5305,#7160,.F.);
#4557=EDGE_CURVE('',#5812,#5813,#7161,.T.);
#4558=EDGE_CURVE('',#5813,#5306,#7162,.F.);
#4559=EDGE_CURVE('',#5813,#5814,#7163,.T.);
#4560=EDGE_CURVE('',#5814,#5307,#7164,.F.);
#4561=EDGE_CURVE('',#5814,#5815,#7165,.T.);
#4562=EDGE_CURVE('',#5815,#5308,#7166,.F.);
#4563=EDGE_CURVE('',#5815,#5816,#7167,.T.);
#4564=EDGE_CURVE('',#5816,#5309,#7168,.F.);
#4565=EDGE_CURVE('',#5816,#5817,#7169,.T.);
#4566=EDGE_CURVE('',#5817,#5310,#7170,.F.);
#4567=EDGE_CURVE('',#5817,#5818,#7171,.T.);
#4568=EDGE_CURVE('',#5818,#5311,#7172,.F.);
#4569=EDGE_CURVE('',#5818,#5819,#7173,.T.);
#4570=EDGE_CURVE('',#5819,#5312,#7174,.F.);
#4571=EDGE_CURVE('',#5819,#5820,#7175,.T.);
#4572=EDGE_CURVE('',#5820,#5313,#7176,.F.);
#4573=EDGE_CURVE('',#5820,#5821,#7177,.T.);
#4574=EDGE_CURVE('',#5821,#5314,#7178,.F.);
#4575=EDGE_CURVE('',#5821,#4783,#7179,.T.);
#4576=EDGE_CURVE('',#4777,#4785,#7180,.F.);
#4577=EDGE_CURVE('',#4798,#4808,#7181,.F.);
#4578=EDGE_CURVE('',#5072,#5350,#7182,.T.);
#4579=EDGE_CURVE('',#5037,#5349,#7183,.T.);
#4580=EDGE_CURVE('',#5071,#5316,#7184,.T.);
#4581=EDGE_CURVE('',#5070,#5315,#7185,.T.);
#4582=EDGE_CURVE('',#5069,#5317,#7186,.T.);
#4583=EDGE_CURVE('',#5068,#5318,#7187,.T.);
#4584=EDGE_CURVE('',#5067,#5319,#7188,.T.);
#4585=EDGE_CURVE('',#5066,#5320,#7189,.T.);
#4586=EDGE_CURVE('',#5065,#5321,#7190,.T.);
#4587=EDGE_CURVE('',#5064,#5322,#7191,.T.);
#4588=EDGE_CURVE('',#5063,#5323,#7192,.T.);
#4589=EDGE_CURVE('',#5062,#5324,#7193,.T.);
#4590=EDGE_CURVE('',#5061,#5325,#7194,.T.);
#4591=EDGE_CURVE('',#5060,#5326,#7195,.T.);
#4592=EDGE_CURVE('',#5059,#5327,#7196,.T.);
#4593=EDGE_CURVE('',#5058,#5328,#7197,.T.);
#4594=EDGE_CURVE('',#5057,#5329,#7198,.T.);
#4595=EDGE_CURVE('',#5056,#5330,#7199,.T.);
#4596=EDGE_CURVE('',#5055,#5331,#7200,.T.);
#4597=EDGE_CURVE('',#5054,#5332,#7201,.T.);
#4598=EDGE_CURVE('',#5053,#5333,#7202,.T.);
#4599=EDGE_CURVE('',#5052,#5334,#7203,.T.);
#4600=EDGE_CURVE('',#5051,#5335,#7204,.T.);
#4601=EDGE_CURVE('',#5050,#5336,#7205,.T.);
#4602=EDGE_CURVE('',#5049,#5337,#7206,.T.);
#4603=EDGE_CURVE('',#5048,#5338,#7207,.T.);
#4604=EDGE_CURVE('',#5047,#5339,#7208,.T.);
#4605=EDGE_CURVE('',#5046,#5340,#7209,.T.);
#4606=EDGE_CURVE('',#5045,#5341,#7210,.T.);
#4607=EDGE_CURVE('',#5044,#5342,#7211,.T.);
#4608=EDGE_CURVE('',#5043,#5343,#7212,.T.);
#4609=EDGE_CURVE('',#5042,#5344,#7213,.T.);
#4610=EDGE_CURVE('',#5041,#5345,#7214,.T.);
#4611=EDGE_CURVE('',#5040,#5346,#7215,.T.);
#4612=EDGE_CURVE('',#5039,#5347,#7216,.T.);
#4613=EDGE_CURVE('',#5038,#5348,#7217,.T.);
#4614=EDGE_CURVE('',#4885,#5385,#7218,.T.);
#4615=EDGE_CURVE('',#4851,#5384,#7219,.T.);
#4616=EDGE_CURVE('',#4884,#5352,#7220,.T.);
#4617=EDGE_CURVE('',#4883,#5351,#7221,.T.);
#4618=EDGE_CURVE('',#4882,#5353,#7222,.T.);
#4619=EDGE_CURVE('',#4881,#5354,#7223,.T.);
#4620=EDGE_CURVE('',#4880,#5355,#7224,.T.);
#4621=EDGE_CURVE('',#4879,#5356,#7225,.T.);
#4622=EDGE_CURVE('',#4878,#5357,#7226,.T.);
#4623=EDGE_CURVE('',#4877,#5358,#7227,.T.);
#4624=EDGE_CURVE('',#4876,#5359,#7228,.T.);
#4625=EDGE_CURVE('',#4875,#5360,#7229,.T.);
#4626=EDGE_CURVE('',#4874,#5361,#7230,.T.);
#4627=EDGE_CURVE('',#4873,#5362,#7231,.T.);
#4628=EDGE_CURVE('',#4872,#5363,#7232,.T.);
#4629=EDGE_CURVE('',#4871,#5364,#7233,.T.);
#4630=EDGE_CURVE('',#4870,#5365,#7234,.T.);
#4631=EDGE_CURVE('',#4869,#5366,#7235,.T.);
#4632=EDGE_CURVE('',#4868,#5367,#7236,.F.);
#4633=EDGE_CURVE('',#4867,#5368,#7237,.T.);
#4634=EDGE_CURVE('',#4866,#5369,#7238,.T.);
#4635=EDGE_CURVE('',#4865,#5370,#7239,.T.);
#4636=EDGE_CURVE('',#4864,#5371,#7240,.T.);
#4637=EDGE_CURVE('',#4863,#5372,#7241,.T.);
#4638=EDGE_CURVE('',#4862,#5373,#7242,.T.);
#4639=EDGE_CURVE('',#4861,#5374,#7243,.T.);
#4640=EDGE_CURVE('',#4860,#5375,#7244,.T.);
#4641=EDGE_CURVE('',#4859,#5376,#7245,.T.);
#4642=EDGE_CURVE('',#4858,#5377,#7246,.T.);
#4643=EDGE_CURVE('',#4857,#5378,#7247,.T.);
#4644=EDGE_CURVE('',#4856,#5379,#7248,.T.);
#4645=EDGE_CURVE('',#4855,#5380,#7249,.T.);
#4646=EDGE_CURVE('',#4854,#5381,#7250,.T.);
#4647=EDGE_CURVE('',#4853,#5382,#7251,.T.);
#4648=EDGE_CURVE('',#4852,#5383,#7252,.T.);
#4649=EDGE_CURVE('',#5112,#5425,#7253,.T.);
#4650=EDGE_CURVE('',#5073,#5424,#7254,.T.);
#4651=EDGE_CURVE('',#5111,#5387,#7255,.T.);
#4652=EDGE_CURVE('',#5110,#5386,#7256,.T.);
#4653=EDGE_CURVE('',#5109,#5388,#7257,.T.);
#4654=EDGE_CURVE('',#5108,#5389,#7258,.T.);
#4655=EDGE_CURVE('',#5107,#5390,#7259,.T.);
#4656=EDGE_CURVE('',#5106,#5391,#7260,.T.);
#4657=EDGE_CURVE('',#5105,#5392,#7261,.T.);
#4658=EDGE_CURVE('',#5104,#5393,#7262,.T.);
#4659=EDGE_CURVE('',#5103,#5394,#7263,.T.);
#4660=EDGE_CURVE('',#5102,#5395,#7264,.T.);
#4661=EDGE_CURVE('',#5101,#5396,#7265,.T.);
#4662=EDGE_CURVE('',#5100,#5397,#7266,.T.);
#4663=EDGE_CURVE('',#5099,#5398,#7267,.T.);
#4664=EDGE_CURVE('',#5098,#5399,#7268,.T.);
#4665=EDGE_CURVE('',#5097,#5400,#7269,.T.);
#4666=EDGE_CURVE('',#5096,#5401,#7270,.T.);
#4667=EDGE_CURVE('',#5095,#5402,#7271,.F.);
#4668=EDGE_CURVE('',#5094,#5403,#7272,.T.);
#4669=EDGE_CURVE('',#5093,#5404,#7273,.T.);
#4670=EDGE_CURVE('',#5092,#5405,#7274,.T.);
#4671=EDGE_CURVE('',#5091,#5406,#7275,.T.);
#4672=EDGE_CURVE('',#5090,#5407,#7276,.T.);
#4673=EDGE_CURVE('',#5089,#5408,#7277,.T.);
#4674=EDGE_CURVE('',#5088,#5409,#7278,.T.);
#4675=EDGE_CURVE('',#5087,#5410,#7279,.T.);
#4676=EDGE_CURVE('',#5086,#5411,#7280,.T.);
#4677=EDGE_CURVE('',#5085,#5412,#7281,.T.);
#4678=EDGE_CURVE('',#5084,#5413,#7282,.T.);
#4679=EDGE_CURVE('',#5083,#5414,#7283,.T.);
#4680=EDGE_CURVE('',#5082,#5415,#7284,.T.);
#4681=EDGE_CURVE('',#5081,#5416,#7285,.T.);
#4682=EDGE_CURVE('',#5080,#5417,#7286,.T.);
#4683=EDGE_CURVE('',#5079,#5418,#7287,.T.);
#4684=EDGE_CURVE('',#5078,#5419,#7288,.T.);
#4685=EDGE_CURVE('',#5077,#5420,#7289,.T.);
#4686=EDGE_CURVE('',#5076,#5421,#7290,.T.);
#4687=EDGE_CURVE('',#5075,#5422,#7291,.T.);
#4688=EDGE_CURVE('',#5074,#5423,#7292,.T.);
#4689=EDGE_CURVE('',#4850,#5463,#7293,.T.);
#4690=EDGE_CURVE('',#4813,#5462,#7294,.F.);
#4691=EDGE_CURVE('',#4849,#5427,#7295,.T.);
#4692=EDGE_CURVE('',#4848,#5426,#7296,.T.);
#4693=EDGE_CURVE('',#4847,#5428,#7297,.T.);
#4694=EDGE_CURVE('',#4846,#5429,#7298,.T.);
#4695=EDGE_CURVE('',#4845,#5430,#7299,.T.);
#4696=EDGE_CURVE('',#4844,#5431,#7300,.T.);
#4697=EDGE_CURVE('',#4843,#5432,#7301,.T.);
#4698=EDGE_CURVE('',#4842,#5433,#7302,.T.);
#4699=EDGE_CURVE('',#4841,#5434,#7303,.T.);
#4700=EDGE_CURVE('',#4840,#5435,#7304,.T.);
#4701=EDGE_CURVE('',#4839,#5436,#7305,.T.);
#4702=EDGE_CURVE('',#4838,#5437,#7306,.T.);
#4703=EDGE_CURVE('',#4837,#5438,#7307,.T.);
#4704=EDGE_CURVE('',#4836,#5439,#7308,.T.);
#4705=EDGE_CURVE('',#4835,#5440,#7309,.T.);
#4706=EDGE_CURVE('',#4834,#5441,#7310,.T.);
#4707=EDGE_CURVE('',#4833,#5442,#7311,.T.);
#4708=EDGE_CURVE('',#4832,#5443,#7312,.T.);
#4709=EDGE_CURVE('',#4831,#5444,#7313,.T.);
#4710=EDGE_CURVE('',#4830,#5445,#7314,.T.);
#4711=EDGE_CURVE('',#4829,#5446,#7315,.T.);
#4712=EDGE_CURVE('',#4828,#5447,#7316,.T.);
#4713=EDGE_CURVE('',#4827,#5448,#7317,.T.);
#4714=EDGE_CURVE('',#4826,#5449,#7318,.T.);
#4715=EDGE_CURVE('',#4825,#5450,#7319,.T.);
#4716=EDGE_CURVE('',#4824,#5451,#7320,.T.);
#4717=EDGE_CURVE('',#4823,#5452,#7321,.T.);
#4718=EDGE_CURVE('',#4822,#5453,#7322,.T.);
#4719=EDGE_CURVE('',#4821,#5454,#7323,.T.);
#4720=EDGE_CURVE('',#4820,#5455,#7324,.T.);
#4721=EDGE_CURVE('',#4819,#5456,#7325,.T.);
#4722=EDGE_CURVE('',#4818,#5457,#7326,.T.);
#4723=EDGE_CURVE('',#4817,#5458,#7327,.T.);
#4724=EDGE_CURVE('',#4816,#5459,#7328,.T.);
#4725=EDGE_CURVE('',#4815,#5460,#7329,.T.);
#4726=EDGE_CURVE('',#4814,#5461,#7330,.T.);
#4727=EDGE_CURVE('',#5148,#5499,#7331,.T.);
#4728=EDGE_CURVE('',#5113,#5498,#7332,.T.);
#4729=EDGE_CURVE('',#5147,#5465,#7333,.T.);
#4730=EDGE_CURVE('',#5146,#5464,#7334,.T.);
#4731=EDGE_CURVE('',#5145,#5466,#7335,.T.);
#4732=EDGE_CURVE('',#5144,#5467,#7336,.T.);
#4733=EDGE_CURVE('',#5143,#5468,#7337,.T.);
#4734=EDGE_CURVE('',#5142,#5469,#7338,.T.);
#4735=EDGE_CURVE('',#5141,#5470,#7339,.T.);
#4736=EDGE_CURVE('',#5140,#5471,#7340,.T.);
#4737=EDGE_CURVE('',#5139,#5472,#7341,.T.);
#4738=EDGE_CURVE('',#5138,#5473,#7342,.T.);
#4739=EDGE_CURVE('',#5137,#5474,#7343,.T.);
#4740=EDGE_CURVE('',#5136,#5475,#7344,.T.);
#4741=EDGE_CURVE('',#5135,#5476,#7345,.T.);
#4742=EDGE_CURVE('',#5134,#5477,#7346,.T.);
#4743=EDGE_CURVE('',#5133,#5478,#7347,.T.);
#4744=EDGE_CURVE('',#5132,#5479,#7348,.T.);
#4745=EDGE_CURVE('',#5131,#5480,#7349,.T.);
#4746=EDGE_CURVE('',#5130,#5481,#7350,.T.);
#4747=EDGE_CURVE('',#5129,#5482,#7351,.T.);
#4748=EDGE_CURVE('',#5128,#5483,#7352,.T.);
#4749=EDGE_CURVE('',#5127,#5484,#7353,.T.);
#4750=EDGE_CURVE('',#5126,#5485,#7354,.T.);
#4751=EDGE_CURVE('',#5125,#5486,#7355,.T.);
#4752=EDGE_CURVE('',#5124,#5487,#7356,.T.);
#4753=EDGE_CURVE('',#5123,#5488,#7357,.T.);
#4754=EDGE_CURVE('',#5122,#5489,#7358,.T.);
#4755=EDGE_CURVE('',#5121,#5490,#7359,.T.);
#4756=EDGE_CURVE('',#5120,#5491,#7360,.T.);
#4757=EDGE_CURVE('',#5119,#5492,#7361,.T.);
#4758=EDGE_CURVE('',#5118,#5493,#7362,.T.);
#4759=EDGE_CURVE('',#5117,#5494,#7363,.T.);
#4760=EDGE_CURVE('',#5116,#5495,#7364,.T.);
#4761=EDGE_CURVE('',#5115,#5496,#7365,.F.);
#4762=EDGE_CURVE('',#5114,#5497,#7366,.T.);
#4763=EDGE_CURVE('',#4812,#4801,#7367,.F.);
#4764=EDGE_CURVE('',#4810,#4803,#7368,.F.);
#4765=EDGE_CURVE('',#4811,#4800,#7369,.F.);
#4766=EDGE_CURVE('',#4809,#4802,#7370,.F.);
#4767=EDGE_CURVE('',#4794,#4779,#7371,.T.);
#4768=EDGE_CURVE('',#4791,#4782,#7372,.F.);
#4769=EDGE_CURVE('',#4793,#4780,#7373,.F.);
#4770=EDGE_CURVE('',#4792,#4781,#7374,.T.);
#4771=VERTEX_POINT('',#14225);
#4772=VERTEX_POINT('',#14226);
#4773=VERTEX_POINT('',#14228);
#4774=VERTEX_POINT('',#14230);
#4775=VERTEX_POINT('',#14238);
#4776=VERTEX_POINT('',#14240);
#4777=VERTEX_POINT('',#14248);
#4778=VERTEX_POINT('',#14250);
#4779=VERTEX_POINT('',#14253);
#4780=VERTEX_POINT('',#14254);
#4781=VERTEX_POINT('',#14256);
#4782=VERTEX_POINT('',#14258);
#4783=VERTEX_POINT('',#14262);
#4784=VERTEX_POINT('',#14263);
#4785=VERTEX_POINT('',#14265);
#4786=VERTEX_POINT('',#14273);
#4787=VERTEX_POINT('',#14275);
#4788=VERTEX_POINT('',#14283);
#4789=VERTEX_POINT('',#14285);
#4790=VERTEX_POINT('',#14287);
#4791=VERTEX_POINT('',#14290);
#4792=VERTEX_POINT('',#14291);
#4793=VERTEX_POINT('',#14293);
#4794=VERTEX_POINT('',#14295);
#4795=VERTEX_POINT('',#14299);
#4796=VERTEX_POINT('',#14300);
#4797=VERTEX_POINT('',#14302);
#4798=VERTEX_POINT('',#14304);
#4799=VERTEX_POINT('',#14309);
#4800=VERTEX_POINT('',#14312);
#4801=VERTEX_POINT('',#14313);
#4802=VERTEX_POINT('',#14315);
#4803=VERTEX_POINT('',#14317);
#4804=VERTEX_POINT('',#14321);
#4805=VERTEX_POINT('',#14322);
#4806=VERTEX_POINT('',#14324);
#4807=VERTEX_POINT('',#14326);
#4808=VERTEX_POINT('',#14331);
#4809=VERTEX_POINT('',#14334);
#4810=VERTEX_POINT('',#14335);
#4811=VERTEX_POINT('',#14337);
#4812=VERTEX_POINT('',#14339);
#4813=VERTEX_POINT('',#14343);
#4814=VERTEX_POINT('',#14344);
#4815=VERTEX_POINT('',#14346);
#4816=VERTEX_POINT('',#14348);
#4817=VERTEX_POINT('',#14350);
#4818=VERTEX_POINT('',#14352);
#4819=VERTEX_POINT('',#14354);
#4820=VERTEX_POINT('',#14356);
#4821=VERTEX_POINT('',#14358);
#4822=VERTEX_POINT('',#14360);
#4823=VERTEX_POINT('',#14362);
#4824=VERTEX_POINT('',#14364);
#4825=VERTEX_POINT('',#14366);
#4826=VERTEX_POINT('',#14368);
#4827=VERTEX_POINT('',#14370);
#4828=VERTEX_POINT('',#14372);
#4829=VERTEX_POINT('',#14374);
#4830=VERTEX_POINT('',#14376);
#4831=VERTEX_POINT('',#14378);
#4832=VERTEX_POINT('',#14380);
#4833=VERTEX_POINT('',#14382);
#4834=VERTEX_POINT('',#14384);
#4835=VERTEX_POINT('',#14386);
#4836=VERTEX_POINT('',#14388);
#4837=VERTEX_POINT('',#14390);
#4838=VERTEX_POINT('',#14392);
#4839=VERTEX_POINT('',#14394);
#4840=VERTEX_POINT('',#14396);
#4841=VERTEX_POINT('',#14398);
#4842=VERTEX_POINT('',#14400);
#4843=VERTEX_POINT('',#14402);
#4844=VERTEX_POINT('',#14404);
#4845=VERTEX_POINT('',#14406);
#4846=VERTEX_POINT('',#14408);
#4847=VERTEX_POINT('',#14410);
#4848=VERTEX_POINT('',#14412);
#4849=VERTEX_POINT('',#14414);
#4850=VERTEX_POINT('',#14416);
#4851=VERTEX_POINT('',#14419);
#4852=VERTEX_POINT('',#14420);
#4853=VERTEX_POINT('',#14422);
#4854=VERTEX_POINT('',#14424);
#4855=VERTEX_POINT('',#14426);
#4856=VERTEX_POINT('',#14428);
#4857=VERTEX_POINT('',#14430);
#4858=VERTEX_POINT('',#14432);
#4859=VERTEX_POINT('',#14434);
#4860=VERTEX_POINT('',#14436);
#4861=VERTEX_POINT('',#14438);
#4862=VERTEX_POINT('',#14440);
#4863=VERTEX_POINT('',#14442);
#4864=VERTEX_POINT('',#14444);
#4865=VERTEX_POINT('',#14446);
#4866=VERTEX_POINT('',#14448);
#4867=VERTEX_POINT('',#14450);
#4868=VERTEX_POINT('',#14452);
#4869=VERTEX_POINT('',#14454);
#4870=VERTEX_POINT('',#14456);
#4871=VERTEX_POINT('',#14458);
#4872=VERTEX_POINT('',#14460);
#4873=VERTEX_POINT('',#14462);
#4874=VERTEX_POINT('',#14464);
#4875=VERTEX_POINT('',#14466);
#4876=VERTEX_POINT('',#14468);
#4877=VERTEX_POINT('',#14470);
#4878=VERTEX_POINT('',#14472);
#4879=VERTEX_POINT('',#14474);
#4880=VERTEX_POINT('',#14476);
#4881=VERTEX_POINT('',#14478);
#4882=VERTEX_POINT('',#14480);
#4883=VERTEX_POINT('',#14482);
#4884=VERTEX_POINT('',#14484);
#4885=VERTEX_POINT('',#14486);
#4886=VERTEX_POINT('',#14489);
#4887=VERTEX_POINT('',#14491);
#4888=VERTEX_POINT('',#14493);
#4889=VERTEX_POINT('',#14495);
#4890=VERTEX_POINT('',#14497);
#4891=VERTEX_POINT('',#14499);
#4892=VERTEX_POINT('',#14501);
#4893=VERTEX_POINT('',#14503);
#4894=VERTEX_POINT('',#14505);
#4895=VERTEX_POINT('',#14507);
#4896=VERTEX_POINT('',#14509);
#4897=VERTEX_POINT('',#14511);
#4898=VERTEX_POINT('',#14513);
#4899=VERTEX_POINT('',#14516);
#4900=VERTEX_POINT('',#14518);
#4901=VERTEX_POINT('',#14520);
#4902=VERTEX_POINT('',#14522);
#4903=VERTEX_POINT('',#14524);
#4904=VERTEX_POINT('',#14526);
#4905=VERTEX_POINT('',#14528);
#4906=VERTEX_POINT('',#14530);
#4907=VERTEX_POINT('',#14532);
#4908=VERTEX_POINT('',#14534);
#4909=VERTEX_POINT('',#14536);
#4910=VERTEX_POINT('',#14538);
#4911=VERTEX_POINT('',#14540);
#4912=VERTEX_POINT('',#14542);
#4913=VERTEX_POINT('',#14544);
#4914=VERTEX_POINT('',#14546);
#4915=VERTEX_POINT('',#14548);
#4916=VERTEX_POINT('',#14550);
#4917=VERTEX_POINT('',#14552);
#4918=VERTEX_POINT('',#14554);
#4919=VERTEX_POINT('',#14556);
#4920=VERTEX_POINT('',#14558);
#4921=VERTEX_POINT('',#14560);
#4922=VERTEX_POINT('',#14562);
#4923=VERTEX_POINT('',#14564);
#4924=VERTEX_POINT('',#14566);
#4925=VERTEX_POINT('',#14568);
#4926=VERTEX_POINT('',#14570);
#4927=VERTEX_POINT('',#14572);
#4928=VERTEX_POINT('',#14574);
#4929=VERTEX_POINT('',#14576);
#4930=VERTEX_POINT('',#14578);
#4931=VERTEX_POINT('',#14580);
#4932=VERTEX_POINT('',#14582);
#4933=VERTEX_POINT('',#14584);
#4934=VERTEX_POINT('',#14586);
#4935=VERTEX_POINT('',#14588);
#4936=VERTEX_POINT('',#14590);
#4937=VERTEX_POINT('',#14592);
#4938=VERTEX_POINT('',#14594);
#4939=VERTEX_POINT('',#14596);
#4940=VERTEX_POINT('',#14598);
#4941=VERTEX_POINT('',#14600);
#4942=VERTEX_POINT('',#14602);
#4943=VERTEX_POINT('',#14604);
#4944=VERTEX_POINT('',#14606);
#4945=VERTEX_POINT('',#14608);
#4946=VERTEX_POINT('',#14610);
#4947=VERTEX_POINT('',#14612);
#4948=VERTEX_POINT('',#14614);
#4949=VERTEX_POINT('',#14616);
#4950=VERTEX_POINT('',#14618);
#4951=VERTEX_POINT('',#14620);
#4952=VERTEX_POINT('',#14622);
#4953=VERTEX_POINT('',#14624);
#4954=VERTEX_POINT('',#14626);
#4955=VERTEX_POINT('',#14628);
#4956=VERTEX_POINT('',#14630);
#4957=VERTEX_POINT('',#14632);
#4958=VERTEX_POINT('',#14634);
#4959=VERTEX_POINT('',#14636);
#4960=VERTEX_POINT('',#14638);
#4961=VERTEX_POINT('',#14640);
#4962=VERTEX_POINT('',#14642);
#4963=VERTEX_POINT('',#14644);
#4964=VERTEX_POINT('',#14646);
#4965=VERTEX_POINT('',#14648);
#4966=VERTEX_POINT('',#14650);
#4967=VERTEX_POINT('',#14652);
#4968=VERTEX_POINT('',#14654);
#4969=VERTEX_POINT('',#14656);
#4970=VERTEX_POINT('',#14658);
#4971=VERTEX_POINT('',#14660);
#4972=VERTEX_POINT('',#14662);
#4973=VERTEX_POINT('',#14664);
#4974=VERTEX_POINT('',#14666);
#4975=VERTEX_POINT('',#14668);
#4976=VERTEX_POINT('',#14670);
#4977=VERTEX_POINT('',#14672);
#4978=VERTEX_POINT('',#14674);
#4979=VERTEX_POINT('',#14676);
#4980=VERTEX_POINT('',#14678);
#4981=VERTEX_POINT('',#14680);
#4982=VERTEX_POINT('',#14682);
#4983=VERTEX_POINT('',#14684);
#4984=VERTEX_POINT('',#14686);
#4985=VERTEX_POINT('',#14688);
#4986=VERTEX_POINT('',#14690);
#4987=VERTEX_POINT('',#14692);
#4988=VERTEX_POINT('',#14694);
#4989=VERTEX_POINT('',#14696);
#4990=VERTEX_POINT('',#14698);
#4991=VERTEX_POINT('',#14700);
#4992=VERTEX_POINT('',#14702);
#4993=VERTEX_POINT('',#14704);
#4994=VERTEX_POINT('',#14706);
#4995=VERTEX_POINT('',#14708);
#4996=VERTEX_POINT('',#14710);
#4997=VERTEX_POINT('',#14712);
#4998=VERTEX_POINT('',#14714);
#4999=VERTEX_POINT('',#14716);
#5000=VERTEX_POINT('',#14718);
#5001=VERTEX_POINT('',#14720);
#5002=VERTEX_POINT('',#14722);
#5003=VERTEX_POINT('',#14724);
#5004=VERTEX_POINT('',#14726);
#5005=VERTEX_POINT('',#14728);
#5006=VERTEX_POINT('',#14730);
#5007=VERTEX_POINT('',#14732);
#5008=VERTEX_POINT('',#14734);
#5009=VERTEX_POINT('',#14736);
#5010=VERTEX_POINT('',#14738);
#5011=VERTEX_POINT('',#14740);
#5012=VERTEX_POINT('',#14742);
#5013=VERTEX_POINT('',#14744);
#5014=VERTEX_POINT('',#14746);
#5015=VERTEX_POINT('',#14748);
#5016=VERTEX_POINT('',#14750);
#5017=VERTEX_POINT('',#14752);
#5018=VERTEX_POINT('',#14754);
#5019=VERTEX_POINT('',#14756);
#5020=VERTEX_POINT('',#14758);
#5021=VERTEX_POINT('',#14760);
#5022=VERTEX_POINT('',#14762);
#5023=VERTEX_POINT('',#14764);
#5024=VERTEX_POINT('',#14766);
#5025=VERTEX_POINT('',#14768);
#5026=VERTEX_POINT('',#14770);
#5027=VERTEX_POINT('',#14772);
#5028=VERTEX_POINT('',#14774);
#5029=VERTEX_POINT('',#14776);
#5030=VERTEX_POINT('',#14778);
#5031=VERTEX_POINT('',#14780);
#5032=VERTEX_POINT('',#14782);
#5033=VERTEX_POINT('',#14784);
#5034=VERTEX_POINT('',#14786);
#5035=VERTEX_POINT('',#14788);
#5036=VERTEX_POINT('',#14790);
#5037=VERTEX_POINT('',#14793);
#5038=VERTEX_POINT('',#14794);
#5039=VERTEX_POINT('',#14796);
#5040=VERTEX_POINT('',#14798);
#5041=VERTEX_POINT('',#14800);
#5042=VERTEX_POINT('',#14802);
#5043=VERTEX_POINT('',#14804);
#5044=VERTEX_POINT('',#14806);
#5045=VERTEX_POINT('',#14808);
#5046=VERTEX_POINT('',#14810);
#5047=VERTEX_POINT('',#14812);
#5048=VERTEX_POINT('',#14814);
#5049=VERTEX_POINT('',#14816);
#5050=VERTEX_POINT('',#14818);
#5051=VERTEX_POINT('',#14820);
#5052=VERTEX_POINT('',#14822);
#5053=VERTEX_POINT('',#14824);
#5054=VERTEX_POINT('',#14826);
#5055=VERTEX_POINT('',#14828);
#5056=VERTEX_POINT('',#14830);
#5057=VERTEX_POINT('',#14832);
#5058=VERTEX_POINT('',#14834);
#5059=VERTEX_POINT('',#14836);
#5060=VERTEX_POINT('',#14838);
#5061=VERTEX_POINT('',#14840);
#5062=VERTEX_POINT('',#14842);
#5063=VERTEX_POINT('',#14844);
#5064=VERTEX_POINT('',#14846);
#5065=VERTEX_POINT('',#14848);
#5066=VERTEX_POINT('',#14850);
#5067=VERTEX_POINT('',#14852);
#5068=VERTEX_POINT('',#14854);
#5069=VERTEX_POINT('',#14856);
#5070=VERTEX_POINT('',#14858);
#5071=VERTEX_POINT('',#14860);
#5072=VERTEX_POINT('',#14862);
#5073=VERTEX_POINT('',#14865);
#5074=VERTEX_POINT('',#14866);
#5075=VERTEX_POINT('',#14868);
#5076=VERTEX_POINT('',#14870);
#5077=VERTEX_POINT('',#14872);
#5078=VERTEX_POINT('',#14874);
#5079=VERTEX_POINT('',#14876);
#5080=VERTEX_POINT('',#14878);
#5081=VERTEX_POINT('',#14880);
#5082=VERTEX_POINT('',#14882);
#5083=VERTEX_POINT('',#14884);
#5084=VERTEX_POINT('',#14886);
#5085=VERTEX_POINT('',#14888);
#5086=VERTEX_POINT('',#14890);
#5087=VERTEX_POINT('',#14892);
#5088=VERTEX_POINT('',#14894);
#5089=VERTEX_POINT('',#14896);
#5090=VERTEX_POINT('',#14898);
#5091=VERTEX_POINT('',#14900);
#5092=VERTEX_POINT('',#14902);
#5093=VERTEX_POINT('',#14904);
#5094=VERTEX_POINT('',#14906);
#5095=VERTEX_POINT('',#14908);
#5096=VERTEX_POINT('',#14910);
#5097=VERTEX_POINT('',#14912);
#5098=VERTEX_POINT('',#14914);
#5099=VERTEX_POINT('',#14916);
#5100=VERTEX_POINT('',#14918);
#5101=VERTEX_POINT('',#14920);
#5102=VERTEX_POINT('',#14922);
#5103=VERTEX_POINT('',#14924);
#5104=VERTEX_POINT('',#14926);
#5105=VERTEX_POINT('',#14928);
#5106=VERTEX_POINT('',#14930);
#5107=VERTEX_POINT('',#14932);
#5108=VERTEX_POINT('',#14934);
#5109=VERTEX_POINT('',#14936);
#5110=VERTEX_POINT('',#14938);
#5111=VERTEX_POINT('',#14940);
#5112=VERTEX_POINT('',#14942);
#5113=VERTEX_POINT('',#14945);
#5114=VERTEX_POINT('',#14946);
#5115=VERTEX_POINT('',#14948);
#5116=VERTEX_POINT('',#14950);
#5117=VERTEX_POINT('',#14952);
#5118=VERTEX_POINT('',#14954);
#5119=VERTEX_POINT('',#14956);
#5120=VERTEX_POINT('',#14958);
#5121=VERTEX_POINT('',#14960);
#5122=VERTEX_POINT('',#14962);
#5123=VERTEX_POINT('',#14964);
#5124=VERTEX_POINT('',#14966);
#5125=VERTEX_POINT('',#14968);
#5126=VERTEX_POINT('',#14970);
#5127=VERTEX_POINT('',#14972);
#5128=VERTEX_POINT('',#14974);
#5129=VERTEX_POINT('',#14976);
#5130=VERTEX_POINT('',#14978);
#5131=VERTEX_POINT('',#14980);
#5132=VERTEX_POINT('',#14982);
#5133=VERTEX_POINT('',#14984);
#5134=VERTEX_POINT('',#14986);
#5135=VERTEX_POINT('',#14988);
#5136=VERTEX_POINT('',#14990);
#5137=VERTEX_POINT('',#14992);
#5138=VERTEX_POINT('',#14994);
#5139=VERTEX_POINT('',#14996);
#5140=VERTEX_POINT('',#14998);
#5141=VERTEX_POINT('',#15000);
#5142=VERTEX_POINT('',#15002);
#5143=VERTEX_POINT('',#15004);
#5144=VERTEX_POINT('',#15006);
#5145=VERTEX_POINT('',#15008);
#5146=VERTEX_POINT('',#15010);
#5147=VERTEX_POINT('',#15012);
#5148=VERTEX_POINT('',#15014);
#5149=VERTEX_POINT('',#15018);
#5150=VERTEX_POINT('',#15020);
#5151=VERTEX_POINT('',#15022);
#5152=VERTEX_POINT('',#15024);
#5153=VERTEX_POINT('',#15026);
#5154=VERTEX_POINT('',#15028);
#5155=VERTEX_POINT('',#15030);
#5156=VERTEX_POINT('',#15032);
#5157=VERTEX_POINT('',#15034);
#5158=VERTEX_POINT('',#15036);
#5159=VERTEX_POINT('',#15038);
#5160=VERTEX_POINT('',#15040);
#5161=VERTEX_POINT('',#15042);
#5162=VERTEX_POINT('',#15044);
#5163=VERTEX_POINT('',#15046);
#5164=VERTEX_POINT('',#15048);
#5165=VERTEX_POINT('',#15050);
#5166=VERTEX_POINT('',#15052);
#5167=VERTEX_POINT('',#15054);
#5168=VERTEX_POINT('',#15056);
#5169=VERTEX_POINT('',#15058);
#5170=VERTEX_POINT('',#15060);
#5171=VERTEX_POINT('',#15062);
#5172=VERTEX_POINT('',#15064);
#5173=VERTEX_POINT('',#15066);
#5174=VERTEX_POINT('',#15068);
#5175=VERTEX_POINT('',#15070);
#5176=VERTEX_POINT('',#15072);
#5177=VERTEX_POINT('',#15074);
#5178=VERTEX_POINT('',#15076);
#5179=VERTEX_POINT('',#15078);
#5180=VERTEX_POINT('',#15080);
#5181=VERTEX_POINT('',#15082);
#5182=VERTEX_POINT('',#15084);
#5183=VERTEX_POINT('',#15086);
#5184=VERTEX_POINT('',#15088);
#5185=VERTEX_POINT('',#15090);
#5186=VERTEX_POINT('',#15092);
#5187=VERTEX_POINT('',#15094);
#5188=VERTEX_POINT('',#15096);
#5189=VERTEX_POINT('',#15098);
#5190=VERTEX_POINT('',#15100);
#5191=VERTEX_POINT('',#15102);
#5192=VERTEX_POINT('',#15104);
#5193=VERTEX_POINT('',#15106);
#5194=VERTEX_POINT('',#15108);
#5195=VERTEX_POINT('',#15110);
#5196=VERTEX_POINT('',#15112);
#5197=VERTEX_POINT('',#15114);
#5198=VERTEX_POINT('',#15116);
#5199=VERTEX_POINT('',#15118);
#5200=VERTEX_POINT('',#15120);
#5201=VERTEX_POINT('',#15122);
#5202=VERTEX_POINT('',#15124);
#5203=VERTEX_POINT('',#15126);
#5204=VERTEX_POINT('',#15128);
#5205=VERTEX_POINT('',#15130);
#5206=VERTEX_POINT('',#15132);
#5207=VERTEX_POINT('',#15134);
#5208=VERTEX_POINT('',#15136);
#5209=VERTEX_POINT('',#15138);
#5210=VERTEX_POINT('',#15140);
#5211=VERTEX_POINT('',#15142);
#5212=VERTEX_POINT('',#15144);
#5213=VERTEX_POINT('',#15146);
#5214=VERTEX_POINT('',#15148);
#5215=VERTEX_POINT('',#15150);
#5216=VERTEX_POINT('',#15152);
#5217=VERTEX_POINT('',#15154);
#5218=VERTEX_POINT('',#15156);
#5219=VERTEX_POINT('',#15158);
#5220=VERTEX_POINT('',#15160);
#5221=VERTEX_POINT('',#15162);
#5222=VERTEX_POINT('',#15164);
#5223=VERTEX_POINT('',#15166);
#5224=VERTEX_POINT('',#15168);
#5225=VERTEX_POINT('',#15170);
#5226=VERTEX_POINT('',#15172);
#5227=VERTEX_POINT('',#15174);
#5228=VERTEX_POINT('',#15176);
#5229=VERTEX_POINT('',#15178);
#5230=VERTEX_POINT('',#15180);
#5231=VERTEX_POINT('',#15182);
#5232=VERTEX_POINT('',#15184);
#5233=VERTEX_POINT('',#15186);
#5234=VERTEX_POINT('',#15188);
#5235=VERTEX_POINT('',#15190);
#5236=VERTEX_POINT('',#15192);
#5237=VERTEX_POINT('',#15194);
#5238=VERTEX_POINT('',#15196);
#5239=VERTEX_POINT('',#15198);
#5240=VERTEX_POINT('',#15200);
#5241=VERTEX_POINT('',#15202);
#5242=VERTEX_POINT('',#15204);
#5243=VERTEX_POINT('',#15206);
#5244=VERTEX_POINT('',#15208);
#5245=VERTEX_POINT('',#15210);
#5246=VERTEX_POINT('',#15212);
#5247=VERTEX_POINT('',#15214);
#5248=VERTEX_POINT('',#15216);
#5249=VERTEX_POINT('',#15218);
#5250=VERTEX_POINT('',#15220);
#5251=VERTEX_POINT('',#15222);
#5252=VERTEX_POINT('',#15224);
#5253=VERTEX_POINT('',#15226);
#5254=VERTEX_POINT('',#15228);
#5255=VERTEX_POINT('',#15230);
#5256=VERTEX_POINT('',#15232);
#5257=VERTEX_POINT('',#15234);
#5258=VERTEX_POINT('',#15236);
#5259=VERTEX_POINT('',#15238);
#5260=VERTEX_POINT('',#15240);
#5261=VERTEX_POINT('',#15242);
#5262=VERTEX_POINT('',#15244);
#5263=VERTEX_POINT('',#15246);
#5264=VERTEX_POINT('',#15248);
#5265=VERTEX_POINT('',#15250);
#5266=VERTEX_POINT('',#15252);
#5267=VERTEX_POINT('',#15254);
#5268=VERTEX_POINT('',#15256);
#5269=VERTEX_POINT('',#15258);
#5270=VERTEX_POINT('',#15260);
#5271=VERTEX_POINT('',#15262);
#5272=VERTEX_POINT('',#15264);
#5273=VERTEX_POINT('',#15266);
#5274=VERTEX_POINT('',#15268);
#5275=VERTEX_POINT('',#15270);
#5276=VERTEX_POINT('',#15272);
#5277=VERTEX_POINT('',#15274);
#5278=VERTEX_POINT('',#15276);
#5279=VERTEX_POINT('',#15278);
#5280=VERTEX_POINT('',#15280);
#5281=VERTEX_POINT('',#15282);
#5282=VERTEX_POINT('',#15284);
#5283=VERTEX_POINT('',#15286);
#5284=VERTEX_POINT('',#15288);
#5285=VERTEX_POINT('',#15290);
#5286=VERTEX_POINT('',#15292);
#5287=VERTEX_POINT('',#15294);
#5288=VERTEX_POINT('',#15296);
#5289=VERTEX_POINT('',#15298);
#5290=VERTEX_POINT('',#15300);
#5291=VERTEX_POINT('',#15302);
#5292=VERTEX_POINT('',#15304);
#5293=VERTEX_POINT('',#15306);
#5294=VERTEX_POINT('',#15308);
#5295=VERTEX_POINT('',#15310);
#5296=VERTEX_POINT('',#15312);
#5297=VERTEX_POINT('',#15314);
#5298=VERTEX_POINT('',#15316);
#5299=VERTEX_POINT('',#15318);
#5300=VERTEX_POINT('',#15320);
#5301=VERTEX_POINT('',#15322);
#5302=VERTEX_POINT('',#15325);
#5303=VERTEX_POINT('',#15327);
#5304=VERTEX_POINT('',#15329);
#5305=VERTEX_POINT('',#15331);
#5306=VERTEX_POINT('',#15333);
#5307=VERTEX_POINT('',#15335);
#5308=VERTEX_POINT('',#15337);
#5309=VERTEX_POINT('',#15339);
#5310=VERTEX_POINT('',#15341);
#5311=VERTEX_POINT('',#15343);
#5312=VERTEX_POINT('',#15345);
#5313=VERTEX_POINT('',#15347);
#5314=VERTEX_POINT('',#15349);
#5315=VERTEX_POINT('',#15352);
#5316=VERTEX_POINT('',#15353);
#5317=VERTEX_POINT('',#15355);
#5318=VERTEX_POINT('',#15357);
#5319=VERTEX_POINT('',#15359);
#5320=VERTEX_POINT('',#15361);
#5321=VERTEX_POINT('',#15363);
#5322=VERTEX_POINT('',#15365);
#5323=VERTEX_POINT('',#15367);
#5324=VERTEX_POINT('',#15369);
#5325=VERTEX_POINT('',#15371);
#5326=VERTEX_POINT('',#15373);
#5327=VERTEX_POINT('',#15375);
#5328=VERTEX_POINT('',#15377);
#5329=VERTEX_POINT('',#15379);
#5330=VERTEX_POINT('',#15381);
#5331=VERTEX_POINT('',#15383);
#5332=VERTEX_POINT('',#15385);
#5333=VERTEX_POINT('',#15387);
#5334=VERTEX_POINT('',#15389);
#5335=VERTEX_POINT('',#15391);
#5336=VERTEX_POINT('',#15393);
#5337=VERTEX_POINT('',#15395);
#5338=VERTEX_POINT('',#15397);
#5339=VERTEX_POINT('',#15399);
#5340=VERTEX_POINT('',#15401);
#5341=VERTEX_POINT('',#15403);
#5342=VERTEX_POINT('',#15405);
#5343=VERTEX_POINT('',#15407);
#5344=VERTEX_POINT('',#15409);
#5345=VERTEX_POINT('',#15411);
#5346=VERTEX_POINT('',#15413);
#5347=VERTEX_POINT('',#15415);
#5348=VERTEX_POINT('',#15417);
#5349=VERTEX_POINT('',#15419);
#5350=VERTEX_POINT('',#15421);
#5351=VERTEX_POINT('',#15424);
#5352=VERTEX_POINT('',#15425);
#5353=VERTEX_POINT('',#15427);
#5354=VERTEX_POINT('',#15429);
#5355=VERTEX_POINT('',#15431);
#5356=VERTEX_POINT('',#15433);
#5357=VERTEX_POINT('',#15435);
#5358=VERTEX_POINT('',#15437);
#5359=VERTEX_POINT('',#15439);
#5360=VERTEX_POINT('',#15441);
#5361=VERTEX_POINT('',#15443);
#5362=VERTEX_POINT('',#15445);
#5363=VERTEX_POINT('',#15447);
#5364=VERTEX_POINT('',#15449);
#5365=VERTEX_POINT('',#15451);
#5366=VERTEX_POINT('',#15453);
#5367=VERTEX_POINT('',#15455);
#5368=VERTEX_POINT('',#15457);
#5369=VERTEX_POINT('',#15459);
#5370=VERTEX_POINT('',#15461);
#5371=VERTEX_POINT('',#15463);
#5372=VERTEX_POINT('',#15465);
#5373=VERTEX_POINT('',#15467);
#5374=VERTEX_POINT('',#15469);
#5375=VERTEX_POINT('',#15471);
#5376=VERTEX_POINT('',#15473);
#5377=VERTEX_POINT('',#15475);
#5378=VERTEX_POINT('',#15477);
#5379=VERTEX_POINT('',#15479);
#5380=VERTEX_POINT('',#15481);
#5381=VERTEX_POINT('',#15483);
#5382=VERTEX_POINT('',#15485);
#5383=VERTEX_POINT('',#15487);
#5384=VERTEX_POINT('',#15489);
#5385=VERTEX_POINT('',#15491);
#5386=VERTEX_POINT('',#15494);
#5387=VERTEX_POINT('',#15495);
#5388=VERTEX_POINT('',#15497);
#5389=VERTEX_POINT('',#15499);
#5390=VERTEX_POINT('',#15501);
#5391=VERTEX_POINT('',#15503);
#5392=VERTEX_POINT('',#15505);
#5393=VERTEX_POINT('',#15507);
#5394=VERTEX_POINT('',#15509);
#5395=VERTEX_POINT('',#15511);
#5396=VERTEX_POINT('',#15513);
#5397=VERTEX_POINT('',#15515);
#5398=VERTEX_POINT('',#15517);
#5399=VERTEX_POINT('',#15519);
#5400=VERTEX_POINT('',#15521);
#5401=VERTEX_POINT('',#15523);
#5402=VERTEX_POINT('',#15525);
#5403=VERTEX_POINT('',#15527);
#5404=VERTEX_POINT('',#15529);
#5405=VERTEX_POINT('',#15531);
#5406=VERTEX_POINT('',#15533);
#5407=VERTEX_POINT('',#15535);
#5408=VERTEX_POINT('',#15537);
#5409=VERTEX_POINT('',#15539);
#5410=VERTEX_POINT('',#15541);
#5411=VERTEX_POINT('',#15543);
#5412=VERTEX_POINT('',#15545);
#5413=VERTEX_POINT('',#15547);
#5414=VERTEX_POINT('',#15549);
#5415=VERTEX_POINT('',#15551);
#5416=VERTEX_POINT('',#15553);
#5417=VERTEX_POINT('',#15555);
#5418=VERTEX_POINT('',#15557);
#5419=VERTEX_POINT('',#15559);
#5420=VERTEX_POINT('',#15561);
#5421=VERTEX_POINT('',#15563);
#5422=VERTEX_POINT('',#15565);
#5423=VERTEX_POINT('',#15567);
#5424=VERTEX_POINT('',#15569);
#5425=VERTEX_POINT('',#15571);
#5426=VERTEX_POINT('',#15574);
#5427=VERTEX_POINT('',#15575);
#5428=VERTEX_POINT('',#15577);
#5429=VERTEX_POINT('',#15579);
#5430=VERTEX_POINT('',#15581);
#5431=VERTEX_POINT('',#15583);
#5432=VERTEX_POINT('',#15585);
#5433=VERTEX_POINT('',#15587);
#5434=VERTEX_POINT('',#15589);
#5435=VERTEX_POINT('',#15591);
#5436=VERTEX_POINT('',#15593);
#5437=VERTEX_POINT('',#15595);
#5438=VERTEX_POINT('',#15597);
#5439=VERTEX_POINT('',#15599);
#5440=VERTEX_POINT('',#15601);
#5441=VERTEX_POINT('',#15603);
#5442=VERTEX_POINT('',#15605);
#5443=VERTEX_POINT('',#15607);
#5444=VERTEX_POINT('',#15609);
#5445=VERTEX_POINT('',#15611);
#5446=VERTEX_POINT('',#15613);
#5447=VERTEX_POINT('',#15615);
#5448=VERTEX_POINT('',#15617);
#5449=VERTEX_POINT('',#15619);
#5450=VERTEX_POINT('',#15621);
#5451=VERTEX_POINT('',#15623);
#5452=VERTEX_POINT('',#15625);
#5453=VERTEX_POINT('',#15627);
#5454=VERTEX_POINT('',#15629);
#5455=VERTEX_POINT('',#15631);
#5456=VERTEX_POINT('',#15633);
#5457=VERTEX_POINT('',#15635);
#5458=VERTEX_POINT('',#15637);
#5459=VERTEX_POINT('',#15639);
#5460=VERTEX_POINT('',#15641);
#5461=VERTEX_POINT('',#15643);
#5462=VERTEX_POINT('',#15645);
#5463=VERTEX_POINT('',#15647);
#5464=VERTEX_POINT('',#15650);
#5465=VERTEX_POINT('',#15651);
#5466=VERTEX_POINT('',#15653);
#5467=VERTEX_POINT('',#15655);
#5468=VERTEX_POINT('',#15657);
#5469=VERTEX_POINT('',#15659);
#5470=VERTEX_POINT('',#15661);
#5471=VERTEX_POINT('',#15663);
#5472=VERTEX_POINT('',#15665);
#5473=VERTEX_POINT('',#15667);
#5474=VERTEX_POINT('',#15669);
#5475=VERTEX_POINT('',#15671);
#5476=VERTEX_POINT('',#15673);
#5477=VERTEX_POINT('',#15675);
#5478=VERTEX_POINT('',#15677);
#5479=VERTEX_POINT('',#15679);
#5480=VERTEX_POINT('',#15681);
#5481=VERTEX_POINT('',#15683);
#5482=VERTEX_POINT('',#15685);
#5483=VERTEX_POINT('',#15687);
#5484=VERTEX_POINT('',#15689);
#5485=VERTEX_POINT('',#15691);
#5486=VERTEX_POINT('',#15693);
#5487=VERTEX_POINT('',#15695);
#5488=VERTEX_POINT('',#15697);
#5489=VERTEX_POINT('',#15699);
#5490=VERTEX_POINT('',#15701);
#5491=VERTEX_POINT('',#15703);
#5492=VERTEX_POINT('',#15705);
#5493=VERTEX_POINT('',#15707);
#5494=VERTEX_POINT('',#15709);
#5495=VERTEX_POINT('',#15711);
#5496=VERTEX_POINT('',#15713);
#5497=VERTEX_POINT('',#15715);
#5498=VERTEX_POINT('',#15717);
#5499=VERTEX_POINT('',#15719);
#5500=VERTEX_POINT('',#15723);
#5501=VERTEX_POINT('',#15728);
#5502=VERTEX_POINT('',#15730);
#5503=VERTEX_POINT('',#15734);
#5504=VERTEX_POINT('',#15738);
#5505=VERTEX_POINT('',#15742);
#5506=VERTEX_POINT('',#15746);
#5507=VERTEX_POINT('',#15750);
#5508=VERTEX_POINT('',#15754);
#5509=VERTEX_POINT('',#15758);
#5510=VERTEX_POINT('',#15762);
#5511=VERTEX_POINT('',#15766);
#5512=VERTEX_POINT('',#15770);
#5513=VERTEX_POINT('',#15774);
#5514=VERTEX_POINT('',#15778);
#5515=VERTEX_POINT('',#15782);
#5516=VERTEX_POINT('',#15791);
#5517=VERTEX_POINT('',#15798);
#5518=VERTEX_POINT('',#15805);
#5519=VERTEX_POINT('',#15812);
#5520=VERTEX_POINT('',#15819);
#5521=VERTEX_POINT('',#15834);
#5522=VERTEX_POINT('',#15836);
#5523=VERTEX_POINT('',#15840);
#5524=VERTEX_POINT('',#15844);
#5525=VERTEX_POINT('',#15848);
#5526=VERTEX_POINT('',#15852);
#5527=VERTEX_POINT('',#15856);
#5528=VERTEX_POINT('',#15860);
#5529=VERTEX_POINT('',#15864);
#5530=VERTEX_POINT('',#15868);
#5531=VERTEX_POINT('',#15872);
#5532=VERTEX_POINT('',#15876);
#5533=VERTEX_POINT('',#15880);
#5534=VERTEX_POINT('',#15884);
#5535=VERTEX_POINT('',#15888);
#5536=VERTEX_POINT('',#15892);
#5537=VERTEX_POINT('',#15896);
#5538=VERTEX_POINT('',#15900);
#5539=VERTEX_POINT('',#15904);
#5540=VERTEX_POINT('',#15908);
#5541=VERTEX_POINT('',#15912);
#5542=VERTEX_POINT('',#15916);
#5543=VERTEX_POINT('',#15920);
#5544=VERTEX_POINT('',#15924);
#5545=VERTEX_POINT('',#15928);
#5546=VERTEX_POINT('',#15932);
#5547=VERTEX_POINT('',#15936);
#5548=VERTEX_POINT('',#15940);
#5549=VERTEX_POINT('',#15944);
#5550=VERTEX_POINT('',#15948);
#5551=VERTEX_POINT('',#15952);
#5552=VERTEX_POINT('',#15956);
#5553=VERTEX_POINT('',#15960);
#5554=VERTEX_POINT('',#15964);
#5555=VERTEX_POINT('',#15968);
#5556=VERTEX_POINT('',#15972);
#5557=VERTEX_POINT('',#15976);
#5558=VERTEX_POINT('',#15980);
#5559=VERTEX_POINT('',#15984);
#5560=VERTEX_POINT('',#15988);
#5561=VERTEX_POINT('',#15992);
#5562=VERTEX_POINT('',#15996);
#5563=VERTEX_POINT('',#16000);
#5564=VERTEX_POINT('',#16004);
#5565=VERTEX_POINT('',#16008);
#5566=VERTEX_POINT('',#16012);
#5567=VERTEX_POINT('',#16016);
#5568=VERTEX_POINT('',#16020);
#5569=VERTEX_POINT('',#16024);
#5570=VERTEX_POINT('',#16028);
#5571=VERTEX_POINT('',#16032);
#5572=VERTEX_POINT('',#16036);
#5573=VERTEX_POINT('',#16040);
#5574=VERTEX_POINT('',#16044);
#5575=VERTEX_POINT('',#16048);
#5576=VERTEX_POINT('',#16052);
#5577=VERTEX_POINT('',#16056);
#5578=VERTEX_POINT('',#16060);
#5579=VERTEX_POINT('',#16064);
#5580=VERTEX_POINT('',#16068);
#5581=VERTEX_POINT('',#16072);
#5582=VERTEX_POINT('',#16076);
#5583=VERTEX_POINT('',#16080);
#5584=VERTEX_POINT('',#16084);
#5585=VERTEX_POINT('',#16088);
#5586=VERTEX_POINT('',#16092);
#5587=VERTEX_POINT('',#16096);
#5588=VERTEX_POINT('',#16100);
#5589=VERTEX_POINT('',#16104);
#5590=VERTEX_POINT('',#16108);
#5591=VERTEX_POINT('',#16112);
#5592=VERTEX_POINT('',#16116);
#5593=VERTEX_POINT('',#16120);
#5594=VERTEX_POINT('',#16124);
#5595=VERTEX_POINT('',#16128);
#5596=VERTEX_POINT('',#16132);
#5597=VERTEX_POINT('',#16136);
#5598=VERTEX_POINT('',#16140);
#5599=VERTEX_POINT('',#16144);
#5600=VERTEX_POINT('',#16148);
#5601=VERTEX_POINT('',#16153);
#5602=VERTEX_POINT('',#16160);
#5603=VERTEX_POINT('',#16164);
#5604=VERTEX_POINT('',#16168);
#5605=VERTEX_POINT('',#16172);
#5606=VERTEX_POINT('',#16176);
#5607=VERTEX_POINT('',#16180);
#5608=VERTEX_POINT('',#16184);
#5609=VERTEX_POINT('',#16188);
#5610=VERTEX_POINT('',#16192);
#5611=VERTEX_POINT('',#16196);
#5612=VERTEX_POINT('',#16200);
#5613=VERTEX_POINT('',#16204);
#5614=VERTEX_POINT('',#16208);
#5615=VERTEX_POINT('',#16212);
#5616=VERTEX_POINT('',#16216);
#5617=VERTEX_POINT('',#16220);
#5618=VERTEX_POINT('',#16224);
#5619=VERTEX_POINT('',#16228);
#5620=VERTEX_POINT('',#16232);
#5621=VERTEX_POINT('',#16236);
#5622=VERTEX_POINT('',#16240);
#5623=VERTEX_POINT('',#16244);
#5624=VERTEX_POINT('',#16248);
#5625=VERTEX_POINT('',#16252);
#5626=VERTEX_POINT('',#16256);
#5627=VERTEX_POINT('',#16260);
#5628=VERTEX_POINT('',#16264);
#5629=VERTEX_POINT('',#16268);
#5630=VERTEX_POINT('',#16272);
#5631=VERTEX_POINT('',#16276);
#5632=VERTEX_POINT('',#16280);
#5633=VERTEX_POINT('',#16284);
#5634=VERTEX_POINT('',#16288);
#5635=VERTEX_POINT('',#16292);
#5636=VERTEX_POINT('',#16296);
#5637=VERTEX_POINT('',#16300);
#5638=VERTEX_POINT('',#16304);
#5639=VERTEX_POINT('',#16308);
#5640=VERTEX_POINT('',#16312);
#5641=VERTEX_POINT('',#16316);
#5642=VERTEX_POINT('',#16320);
#5643=VERTEX_POINT('',#16324);
#5644=VERTEX_POINT('',#16328);
#5645=VERTEX_POINT('',#16332);
#5646=VERTEX_POINT('',#16336);
#5647=VERTEX_POINT('',#16340);
#5648=VERTEX_POINT('',#16344);
#5649=VERTEX_POINT('',#16348);
#5650=VERTEX_POINT('',#16352);
#5651=VERTEX_POINT('',#16356);
#5652=VERTEX_POINT('',#16360);
#5653=VERTEX_POINT('',#16364);
#5654=VERTEX_POINT('',#16370);
#5655=VERTEX_POINT('',#16374);
#5656=VERTEX_POINT('',#16378);
#5657=VERTEX_POINT('',#16382);
#5658=VERTEX_POINT('',#16386);
#5659=VERTEX_POINT('',#16390);
#5660=VERTEX_POINT('',#16394);
#5661=VERTEX_POINT('',#16398);
#5662=VERTEX_POINT('',#16402);
#5663=VERTEX_POINT('',#16406);
#5664=VERTEX_POINT('',#16410);
#5665=VERTEX_POINT('',#16414);
#5666=VERTEX_POINT('',#16418);
#5667=VERTEX_POINT('',#16422);
#5668=VERTEX_POINT('',#16426);
#5669=VERTEX_POINT('',#16430);
#5670=VERTEX_POINT('',#16434);
#5671=VERTEX_POINT('',#16438);
#5672=VERTEX_POINT('',#16442);
#5673=VERTEX_POINT('',#16446);
#5674=VERTEX_POINT('',#16450);
#5675=VERTEX_POINT('',#16454);
#5676=VERTEX_POINT('',#16458);
#5677=VERTEX_POINT('',#16462);
#5678=VERTEX_POINT('',#16466);
#5679=VERTEX_POINT('',#16470);
#5680=VERTEX_POINT('',#16474);
#5681=VERTEX_POINT('',#16478);
#5682=VERTEX_POINT('',#16482);
#5683=VERTEX_POINT('',#16486);
#5684=VERTEX_POINT('',#16490);
#5685=VERTEX_POINT('',#16494);
#5686=VERTEX_POINT('',#16498);
#5687=VERTEX_POINT('',#16502);
#5688=VERTEX_POINT('',#16506);
#5689=VERTEX_POINT('',#16510);
#5690=VERTEX_POINT('',#16514);
#5691=VERTEX_POINT('',#16518);
#5692=VERTEX_POINT('',#16522);
#5693=VERTEX_POINT('',#16526);
#5694=VERTEX_POINT('',#16530);
#5695=VERTEX_POINT('',#16534);
#5696=VERTEX_POINT('',#16538);
#5697=VERTEX_POINT('',#16542);
#5698=VERTEX_POINT('',#16546);
#5699=VERTEX_POINT('',#16550);
#5700=VERTEX_POINT('',#16554);
#5701=VERTEX_POINT('',#16558);
#5702=VERTEX_POINT('',#16562);
#5703=VERTEX_POINT('',#16566);
#5704=VERTEX_POINT('',#16570);
#5705=VERTEX_POINT('',#16574);
#5706=VERTEX_POINT('',#16578);
#5707=VERTEX_POINT('',#16582);
#5708=VERTEX_POINT('',#16586);
#5709=VERTEX_POINT('',#16590);
#5710=VERTEX_POINT('',#16594);
#5711=VERTEX_POINT('',#16598);
#5712=VERTEX_POINT('',#16602);
#5713=VERTEX_POINT('',#16606);
#5714=VERTEX_POINT('',#16610);
#5715=VERTEX_POINT('',#16614);
#5716=VERTEX_POINT('',#16618);
#5717=VERTEX_POINT('',#16622);
#5718=VERTEX_POINT('',#16626);
#5719=VERTEX_POINT('',#16630);
#5720=VERTEX_POINT('',#16634);
#5721=VERTEX_POINT('',#16638);
#5722=VERTEX_POINT('',#16642);
#5723=VERTEX_POINT('',#16646);
#5724=VERTEX_POINT('',#16650);
#5725=VERTEX_POINT('',#16654);
#5726=VERTEX_POINT('',#16658);
#5727=VERTEX_POINT('',#16662);
#5728=VERTEX_POINT('',#16666);
#5729=VERTEX_POINT('',#16670);
#5730=VERTEX_POINT('',#16674);
#5731=VERTEX_POINT('',#16678);
#5732=VERTEX_POINT('',#16682);
#5733=VERTEX_POINT('',#16686);
#5734=VERTEX_POINT('',#16690);
#5735=VERTEX_POINT('',#16694);
#5736=VERTEX_POINT('',#16698);
#5737=VERTEX_POINT('',#16702);
#5738=VERTEX_POINT('',#16706);
#5739=VERTEX_POINT('',#16710);
#5740=VERTEX_POINT('',#16714);
#5741=VERTEX_POINT('',#16718);
#5742=VERTEX_POINT('',#16722);
#5743=VERTEX_POINT('',#16726);
#5744=VERTEX_POINT('',#16730);
#5745=VERTEX_POINT('',#16734);
#5746=VERTEX_POINT('',#16738);
#5747=VERTEX_POINT('',#16742);
#5748=VERTEX_POINT('',#16746);
#5749=VERTEX_POINT('',#16750);
#5750=VERTEX_POINT('',#16754);
#5751=VERTEX_POINT('',#16758);
#5752=VERTEX_POINT('',#16762);
#5753=VERTEX_POINT('',#16766);
#5754=VERTEX_POINT('',#16770);
#5755=VERTEX_POINT('',#16774);
#5756=VERTEX_POINT('',#16778);
#5757=VERTEX_POINT('',#16782);
#5758=VERTEX_POINT('',#16786);
#5759=VERTEX_POINT('',#16790);
#5760=VERTEX_POINT('',#16794);
#5761=VERTEX_POINT('',#16798);
#5762=VERTEX_POINT('',#16802);
#5763=VERTEX_POINT('',#16806);
#5764=VERTEX_POINT('',#16810);
#5765=VERTEX_POINT('',#16814);
#5766=VERTEX_POINT('',#16818);
#5767=VERTEX_POINT('',#16822);
#5768=VERTEX_POINT('',#16826);
#5769=VERTEX_POINT('',#16830);
#5770=VERTEX_POINT('',#16834);
#5771=VERTEX_POINT('',#16838);
#5772=VERTEX_POINT('',#16842);
#5773=VERTEX_POINT('',#16846);
#5774=VERTEX_POINT('',#16850);
#5775=VERTEX_POINT('',#16854);
#5776=VERTEX_POINT('',#16858);
#5777=VERTEX_POINT('',#16862);
#5778=VERTEX_POINT('',#16866);
#5779=VERTEX_POINT('',#16870);
#5780=VERTEX_POINT('',#16874);
#5781=VERTEX_POINT('',#16878);
#5782=VERTEX_POINT('',#16882);
#5783=VERTEX_POINT('',#16886);
#5784=VERTEX_POINT('',#16890);
#5785=VERTEX_POINT('',#16894);
#5786=VERTEX_POINT('',#16898);
#5787=VERTEX_POINT('',#16902);
#5788=VERTEX_POINT('',#16906);
#5789=VERTEX_POINT('',#16910);
#5790=VERTEX_POINT('',#16914);
#5791=VERTEX_POINT('',#16918);
#5792=VERTEX_POINT('',#16922);
#5793=VERTEX_POINT('',#16926);
#5794=VERTEX_POINT('',#16930);
#5795=VERTEX_POINT('',#16934);
#5796=VERTEX_POINT('',#16938);
#5797=VERTEX_POINT('',#16942);
#5798=VERTEX_POINT('',#16946);
#5799=VERTEX_POINT('',#16954);
#5800=VERTEX_POINT('',#16964);
#5801=VERTEX_POINT('',#16972);
#5802=VERTEX_POINT('',#16979);
#5803=VERTEX_POINT('',#16983);
#5804=VERTEX_POINT('',#16987);
#5805=VERTEX_POINT('',#16994);
#5806=VERTEX_POINT('',#16998);
#5807=VERTEX_POINT('',#17005);
#5808=VERTEX_POINT('',#17012);
#5809=VERTEX_POINT('',#17018);
#5810=VERTEX_POINT('',#17022);
#5811=VERTEX_POINT('',#17026);
#5812=VERTEX_POINT('',#17030);
#5813=VERTEX_POINT('',#17034);
#5814=VERTEX_POINT('',#17038);
#5815=VERTEX_POINT('',#17042);
#5816=VERTEX_POINT('',#17046);
#5817=VERTEX_POINT('',#17050);
#5818=VERTEX_POINT('',#17054);
#5819=VERTEX_POINT('',#17058);
#5820=VERTEX_POINT('',#17062);
#5821=VERTEX_POINT('',#17066);
#5822=LINE('',#14224,#7375);
#5823=LINE('',#14227,#7376);
#5824=LINE('',#14229,#7377);
#5825=LINE('',#14239,#7378);
#5826=LINE('',#14249,#7379);
#5827=LINE('',#14251,#7380);
#5828=LINE('',#14252,#7381);
#5829=LINE('',#14255,#7382);
#5830=LINE('',#14257,#7383);
#5831=LINE('',#14259,#7384);
#5832=LINE('',#14261,#7385);
#5833=LINE('',#14264,#7386);
#5834=LINE('',#14274,#7387);
#5835=LINE('',#14284,#7388);
#5836=LINE('',#14286,#7389);
#5837=LINE('',#14288,#7390);
#5838=LINE('',#14289,#7391);
#5839=LINE('',#14292,#7392);
#5840=LINE('',#14294,#7393);
#5841=LINE('',#14296,#7394);
#5842=LINE('',#14298,#7395);
#5843=LINE('',#14301,#7396);
#5844=LINE('',#14303,#7397);
#5845=LINE('',#14310,#7398);
#5846=LINE('',#14311,#7399);
#5847=LINE('',#14314,#7400);
#5848=LINE('',#14316,#7401);
#5849=LINE('',#14318,#7402);
#5850=LINE('',#14320,#7403);
#5851=LINE('',#14323,#7404);
#5852=LINE('',#14325,#7405);
#5853=LINE('',#14332,#7406);
#5854=LINE('',#14333,#7407);
#5855=LINE('',#14336,#7408);
#5856=LINE('',#14338,#7409);
#5857=LINE('',#14340,#7410);
#5858=LINE('',#14342,#7411);
#5859=LINE('',#14345,#7412);
#5860=LINE('',#14347,#7413);
#5861=LINE('',#14349,#7414);
#5862=LINE('',#14351,#7415);
#5863=LINE('',#14353,#7416);
#5864=LINE('',#14355,#7417);
#5865=LINE('',#14357,#7418);
#5866=LINE('',#14359,#7419);
#5867=LINE('',#14361,#7420);
#5868=LINE('',#14363,#7421);
#5869=LINE('',#14365,#7422);
#5870=LINE('',#14367,#7423);
#5871=LINE('',#14369,#7424);
#5872=LINE('',#14371,#7425);
#5873=LINE('',#14373,#7426);
#5874=LINE('',#14375,#7427);
#5875=LINE('',#14377,#7428);
#5876=LINE('',#14379,#7429);
#5877=LINE('',#14381,#7430);
#5878=LINE('',#14383,#7431);
#5879=LINE('',#14385,#7432);
#5880=LINE('',#14387,#7433);
#5881=LINE('',#14389,#7434);
#5882=LINE('',#14391,#7435);
#5883=LINE('',#14393,#7436);
#5884=LINE('',#14395,#7437);
#5885=LINE('',#14397,#7438);
#5886=LINE('',#14399,#7439);
#5887=LINE('',#14401,#7440);
#5888=LINE('',#14403,#7441);
#5889=LINE('',#14405,#7442);
#5890=LINE('',#14407,#7443);
#5891=LINE('',#14409,#7444);
#5892=LINE('',#14411,#7445);
#5893=LINE('',#14413,#7446);
#5894=LINE('',#14415,#7447);
#5895=LINE('',#14417,#7448);
#5896=LINE('',#14418,#7449);
#5897=LINE('',#14421,#7450);
#5898=LINE('',#14423,#7451);
#5899=LINE('',#14425,#7452);
#5900=LINE('',#14427,#7453);
#5901=LINE('',#14429,#7454);
#5902=LINE('',#14431,#7455);
#5903=LINE('',#14433,#7456);
#5904=LINE('',#14435,#7457);
#5905=LINE('',#14437,#7458);
#5906=LINE('',#14439,#7459);
#5907=LINE('',#14441,#7460);
#5908=LINE('',#14443,#7461);
#5909=LINE('',#14445,#7462);
#5910=LINE('',#14447,#7463);
#5911=LINE('',#14449,#7464);
#5912=LINE('',#14451,#7465);
#5913=LINE('',#14453,#7466);
#5914=LINE('',#14455,#7467);
#5915=LINE('',#14457,#7468);
#5916=LINE('',#14459,#7469);
#5917=LINE('',#14461,#7470);
#5918=LINE('',#14463,#7471);
#5919=LINE('',#14465,#7472);
#5920=LINE('',#14467,#7473);
#5921=LINE('',#14469,#7474);
#5922=LINE('',#14471,#7475);
#5923=LINE('',#14473,#7476);
#5924=LINE('',#14475,#7477);
#5925=LINE('',#14477,#7478);
#5926=LINE('',#14479,#7479);
#5927=LINE('',#14481,#7480);
#5928=LINE('',#14483,#7481);
#5929=LINE('',#14485,#7482);
#5930=LINE('',#14487,#7483);
#5931=LINE('',#14488,#7484);
#5932=LINE('',#14490,#7485);
#5933=LINE('',#14492,#7486);
#5934=LINE('',#14494,#7487);
#5935=LINE('',#14496,#7488);
#5936=LINE('',#14498,#7489);
#5937=LINE('',#14500,#7490);
#5938=LINE('',#14502,#7491);
#5939=LINE('',#14504,#7492);
#5940=LINE('',#14506,#7493);
#5941=LINE('',#14508,#7494);
#5942=LINE('',#14510,#7495);
#5943=LINE('',#14512,#7496);
#5944=LINE('',#14514,#7497);
#5945=LINE('',#14515,#7498);
#5946=LINE('',#14517,#7499);
#5947=LINE('',#14519,#7500);
#5948=LINE('',#14521,#7501);
#5949=LINE('',#14523,#7502);
#5950=LINE('',#14525,#7503);
#5951=LINE('',#14527,#7504);
#5952=LINE('',#14529,#7505);
#5953=LINE('',#14531,#7506);
#5954=LINE('',#14533,#7507);
#5955=LINE('',#14535,#7508);
#5956=LINE('',#14537,#7509);
#5957=LINE('',#14539,#7510);
#5958=LINE('',#14541,#7511);
#5959=LINE('',#14543,#7512);
#5960=LINE('',#14545,#7513);
#5961=LINE('',#14547,#7514);
#5962=LINE('',#14549,#7515);
#5963=LINE('',#14551,#7516);
#5964=LINE('',#14553,#7517);
#5965=LINE('',#14555,#7518);
#5966=LINE('',#14557,#7519);
#5967=LINE('',#14559,#7520);
#5968=LINE('',#14561,#7521);
#5969=LINE('',#14563,#7522);
#5970=LINE('',#14565,#7523);
#5971=LINE('',#14567,#7524);
#5972=LINE('',#14569,#7525);
#5973=LINE('',#14571,#7526);
#5974=LINE('',#14573,#7527);
#5975=LINE('',#14575,#7528);
#5976=LINE('',#14577,#7529);
#5977=LINE('',#14579,#7530);
#5978=LINE('',#14581,#7531);
#5979=LINE('',#14583,#7532);
#5980=LINE('',#14585,#7533);
#5981=LINE('',#14587,#7534);
#5982=LINE('',#14589,#7535);
#5983=LINE('',#14591,#7536);
#5984=LINE('',#14593,#7537);
#5985=LINE('',#14595,#7538);
#5986=LINE('',#14597,#7539);
#5987=LINE('',#14599,#7540);
#5988=LINE('',#14601,#7541);
#5989=LINE('',#14603,#7542);
#5990=LINE('',#14605,#7543);
#5991=LINE('',#14607,#7544);
#5992=LINE('',#14609,#7545);
#5993=LINE('',#14611,#7546);
#5994=LINE('',#14613,#7547);
#5995=LINE('',#14615,#7548);
#5996=LINE('',#14617,#7549);
#5997=LINE('',#14619,#7550);
#5998=LINE('',#14621,#7551);
#5999=LINE('',#14623,#7552);
#6000=LINE('',#14625,#7553);
#6001=LINE('',#14627,#7554);
#6002=LINE('',#14629,#7555);
#6003=LINE('',#14631,#7556);
#6004=LINE('',#14633,#7557);
#6005=LINE('',#14635,#7558);
#6006=LINE('',#14637,#7559);
#6007=LINE('',#14639,#7560);
#6008=LINE('',#14641,#7561);
#6009=LINE('',#14643,#7562);
#6010=LINE('',#14645,#7563);
#6011=LINE('',#14647,#7564);
#6012=LINE('',#14649,#7565);
#6013=LINE('',#14651,#7566);
#6014=LINE('',#14653,#7567);
#6015=LINE('',#14655,#7568);
#6016=LINE('',#14657,#7569);
#6017=LINE('',#14659,#7570);
#6018=LINE('',#14661,#7571);
#6019=LINE('',#14663,#7572);
#6020=LINE('',#14665,#7573);
#6021=LINE('',#14667,#7574);
#6022=LINE('',#14669,#7575);
#6023=LINE('',#14671,#7576);
#6024=LINE('',#14673,#7577);
#6025=LINE('',#14675,#7578);
#6026=LINE('',#14677,#7579);
#6027=LINE('',#14679,#7580);
#6028=LINE('',#14681,#7581);
#6029=LINE('',#14683,#7582);
#6030=LINE('',#14685,#7583);
#6031=LINE('',#14687,#7584);
#6032=LINE('',#14689,#7585);
#6033=LINE('',#14691,#7586);
#6034=LINE('',#14693,#7587);
#6035=LINE('',#14695,#7588);
#6036=LINE('',#14697,#7589);
#6037=LINE('',#14699,#7590);
#6038=LINE('',#14701,#7591);
#6039=LINE('',#14703,#7592);
#6040=LINE('',#14705,#7593);
#6041=LINE('',#14707,#7594);
#6042=LINE('',#14709,#7595);
#6043=LINE('',#14711,#7596);
#6044=LINE('',#14713,#7597);
#6045=LINE('',#14715,#7598);
#6046=LINE('',#14717,#7599);
#6047=LINE('',#14719,#7600);
#6048=LINE('',#14721,#7601);
#6049=LINE('',#14723,#7602);
#6050=LINE('',#14725,#7603);
#6051=LINE('',#14727,#7604);
#6052=LINE('',#14729,#7605);
#6053=LINE('',#14731,#7606);
#6054=LINE('',#14733,#7607);
#6055=LINE('',#14735,#7608);
#6056=LINE('',#14737,#7609);
#6057=LINE('',#14739,#7610);
#6058=LINE('',#14741,#7611);
#6059=LINE('',#14743,#7612);
#6060=LINE('',#14745,#7613);
#6061=LINE('',#14747,#7614);
#6062=LINE('',#14749,#7615);
#6063=LINE('',#14751,#7616);
#6064=LINE('',#14753,#7617);
#6065=LINE('',#14755,#7618);
#6066=LINE('',#14757,#7619);
#6067=LINE('',#14759,#7620);
#6068=LINE('',#14761,#7621);
#6069=LINE('',#14763,#7622);
#6070=LINE('',#14765,#7623);
#6071=LINE('',#14767,#7624);
#6072=LINE('',#14769,#7625);
#6073=LINE('',#14771,#7626);
#6074=LINE('',#14773,#7627);
#6075=LINE('',#14775,#7628);
#6076=LINE('',#14777,#7629);
#6077=LINE('',#14779,#7630);
#6078=LINE('',#14781,#7631);
#6079=LINE('',#14783,#7632);
#6080=LINE('',#14785,#7633);
#6081=LINE('',#14787,#7634);
#6082=LINE('',#14789,#7635);
#6083=LINE('',#14791,#7636);
#6084=LINE('',#14792,#7637);
#6085=LINE('',#14795,#7638);
#6086=LINE('',#14797,#7639);
#6087=LINE('',#14799,#7640);
#6088=LINE('',#14801,#7641);
#6089=LINE('',#14803,#7642);
#6090=LINE('',#14805,#7643);
#6091=LINE('',#14807,#7644);
#6092=LINE('',#14809,#7645);
#6093=LINE('',#14811,#7646);
#6094=LINE('',#14813,#7647);
#6095=LINE('',#14815,#7648);
#6096=LINE('',#14817,#7649);
#6097=LINE('',#14819,#7650);
#6098=LINE('',#14821,#7651);
#6099=LINE('',#14823,#7652);
#6100=LINE('',#14825,#7653);
#6101=LINE('',#14827,#7654);
#6102=LINE('',#14829,#7655);
#6103=LINE('',#14831,#7656);
#6104=LINE('',#14833,#7657);
#6105=LINE('',#14835,#7658);
#6106=LINE('',#14837,#7659);
#6107=LINE('',#14839,#7660);
#6108=LINE('',#14841,#7661);
#6109=LINE('',#14843,#7662);
#6110=LINE('',#14845,#7663);
#6111=LINE('',#14847,#7664);
#6112=LINE('',#14849,#7665);
#6113=LINE('',#14851,#7666);
#6114=LINE('',#14853,#7667);
#6115=LINE('',#14855,#7668);
#6116=LINE('',#14857,#7669);
#6117=LINE('',#14859,#7670);
#6118=LINE('',#14861,#7671);
#6119=LINE('',#14863,#7672);
#6120=LINE('',#14864,#7673);
#6121=LINE('',#14867,#7674);
#6122=LINE('',#14869,#7675);
#6123=LINE('',#14871,#7676);
#6124=LINE('',#14873,#7677);
#6125=LINE('',#14875,#7678);
#6126=LINE('',#14877,#7679);
#6127=LINE('',#14879,#7680);
#6128=LINE('',#14881,#7681);
#6129=LINE('',#14883,#7682);
#6130=LINE('',#14885,#7683);
#6131=LINE('',#14887,#7684);
#6132=LINE('',#14889,#7685);
#6133=LINE('',#14891,#7686);
#6134=LINE('',#14893,#7687);
#6135=LINE('',#14895,#7688);
#6136=LINE('',#14897,#7689);
#6137=LINE('',#14899,#7690);
#6138=LINE('',#14901,#7691);
#6139=LINE('',#14903,#7692);
#6140=LINE('',#14905,#7693);
#6141=LINE('',#14907,#7694);
#6142=LINE('',#14909,#7695);
#6143=LINE('',#14911,#7696);
#6144=LINE('',#14913,#7697);
#6145=LINE('',#14915,#7698);
#6146=LINE('',#14917,#7699);
#6147=LINE('',#14919,#7700);
#6148=LINE('',#14921,#7701);
#6149=LINE('',#14923,#7702);
#6150=LINE('',#14925,#7703);
#6151=LINE('',#14927,#7704);
#6152=LINE('',#14929,#7705);
#6153=LINE('',#14931,#7706);
#6154=LINE('',#14933,#7707);
#6155=LINE('',#14935,#7708);
#6156=LINE('',#14937,#7709);
#6157=LINE('',#14939,#7710);
#6158=LINE('',#14941,#7711);
#6159=LINE('',#14943,#7712);
#6160=LINE('',#14944,#7713);
#6161=LINE('',#14947,#7714);
#6162=LINE('',#14949,#7715);
#6163=LINE('',#14951,#7716);
#6164=LINE('',#14953,#7717);
#6165=LINE('',#14955,#7718);
#6166=LINE('',#14957,#7719);
#6167=LINE('',#14959,#7720);
#6168=LINE('',#14961,#7721);
#6169=LINE('',#14963,#7722);
#6170=LINE('',#14965,#7723);
#6171=LINE('',#14967,#7724);
#6172=LINE('',#14969,#7725);
#6173=LINE('',#14971,#7726);
#6174=LINE('',#14973,#7727);
#6175=LINE('',#14975,#7728);
#6176=LINE('',#14977,#7729);
#6177=LINE('',#14979,#7730);
#6178=LINE('',#14981,#7731);
#6179=LINE('',#14983,#7732);
#6180=LINE('',#14985,#7733);
#6181=LINE('',#14987,#7734);
#6182=LINE('',#14989,#7735);
#6183=LINE('',#14991,#7736);
#6184=LINE('',#14993,#7737);
#6185=LINE('',#14995,#7738);
#6186=LINE('',#14997,#7739);
#6187=LINE('',#14999,#7740);
#6188=LINE('',#15001,#7741);
#6189=LINE('',#15003,#7742);
#6190=LINE('',#15005,#7743);
#6191=LINE('',#15007,#7744);
#6192=LINE('',#15009,#7745);
#6193=LINE('',#15011,#7746);
#6194=LINE('',#15013,#7747);
#6195=LINE('',#15015,#7748);
#6196=LINE('',#15017,#7749);
#6197=LINE('',#15019,#7750);
#6198=LINE('',#15021,#7751);
#6199=LINE('',#15023,#7752);
#6200=LINE('',#15025,#7753);
#6201=LINE('',#15027,#7754);
#6202=LINE('',#15029,#7755);
#6203=LINE('',#15031,#7756);
#6204=LINE('',#15033,#7757);
#6205=LINE('',#15035,#7758);
#6206=LINE('',#15037,#7759);
#6207=LINE('',#15039,#7760);
#6208=LINE('',#15041,#7761);
#6209=LINE('',#15043,#7762);
#6210=LINE('',#15045,#7763);
#6211=LINE('',#15047,#7764);
#6212=LINE('',#15049,#7765);
#6213=LINE('',#15051,#7766);
#6214=LINE('',#15053,#7767);
#6215=LINE('',#15055,#7768);
#6216=LINE('',#15057,#7769);
#6217=LINE('',#15059,#7770);
#6218=LINE('',#15061,#7771);
#6219=LINE('',#15063,#7772);
#6220=LINE('',#15065,#7773);
#6221=LINE('',#15067,#7774);
#6222=LINE('',#15069,#7775);
#6223=LINE('',#15071,#7776);
#6224=LINE('',#15073,#7777);
#6225=LINE('',#15075,#7778);
#6226=LINE('',#15077,#7779);
#6227=LINE('',#15079,#7780);
#6228=LINE('',#15081,#7781);
#6229=LINE('',#15083,#7782);
#6230=LINE('',#15085,#7783);
#6231=LINE('',#15087,#7784);
#6232=LINE('',#15089,#7785);
#6233=LINE('',#15091,#7786);
#6234=LINE('',#15093,#7787);
#6235=LINE('',#15095,#7788);
#6236=LINE('',#15097,#7789);
#6237=LINE('',#15099,#7790);
#6238=LINE('',#15101,#7791);
#6239=LINE('',#15103,#7792);
#6240=LINE('',#15105,#7793);
#6241=LINE('',#15107,#7794);
#6242=LINE('',#15109,#7795);
#6243=LINE('',#15111,#7796);
#6244=LINE('',#15113,#7797);
#6245=LINE('',#15115,#7798);
#6246=LINE('',#15117,#7799);
#6247=LINE('',#15119,#7800);
#6248=LINE('',#15121,#7801);
#6249=LINE('',#15123,#7802);
#6250=LINE('',#15125,#7803);
#6251=LINE('',#15127,#7804);
#6252=LINE('',#15129,#7805);
#6253=LINE('',#15131,#7806);
#6254=LINE('',#15133,#7807);
#6255=LINE('',#15135,#7808);
#6256=LINE('',#15137,#7809);
#6257=LINE('',#15139,#7810);
#6258=LINE('',#15141,#7811);
#6259=LINE('',#15143,#7812);
#6260=LINE('',#15145,#7813);
#6261=LINE('',#15147,#7814);
#6262=LINE('',#15149,#7815);
#6263=LINE('',#15151,#7816);
#6264=LINE('',#15153,#7817);
#6265=LINE('',#15155,#7818);
#6266=LINE('',#15157,#7819);
#6267=LINE('',#15159,#7820);
#6268=LINE('',#15161,#7821);
#6269=LINE('',#15163,#7822);
#6270=LINE('',#15165,#7823);
#6271=LINE('',#15167,#7824);
#6272=LINE('',#15169,#7825);
#6273=LINE('',#15171,#7826);
#6274=LINE('',#15173,#7827);
#6275=LINE('',#15175,#7828);
#6276=LINE('',#15177,#7829);
#6277=LINE('',#15179,#7830);
#6278=LINE('',#15181,#7831);
#6279=LINE('',#15183,#7832);
#6280=LINE('',#15185,#7833);
#6281=LINE('',#15187,#7834);
#6282=LINE('',#15189,#7835);
#6283=LINE('',#15191,#7836);
#6284=LINE('',#15193,#7837);
#6285=LINE('',#15195,#7838);
#6286=LINE('',#15197,#7839);
#6287=LINE('',#15199,#7840);
#6288=LINE('',#15201,#7841);
#6289=LINE('',#15203,#7842);
#6290=LINE('',#15205,#7843);
#6291=LINE('',#15207,#7844);
#6292=LINE('',#15209,#7845);
#6293=LINE('',#15211,#7846);
#6294=LINE('',#15213,#7847);
#6295=LINE('',#15215,#7848);
#6296=LINE('',#15217,#7849);
#6297=LINE('',#15219,#7850);
#6298=LINE('',#15221,#7851);
#6299=LINE('',#15223,#7852);
#6300=LINE('',#15225,#7853);
#6301=LINE('',#15227,#7854);
#6302=LINE('',#15229,#7855);
#6303=LINE('',#15231,#7856);
#6304=LINE('',#15233,#7857);
#6305=LINE('',#15235,#7858);
#6306=LINE('',#15237,#7859);
#6307=LINE('',#15239,#7860);
#6308=LINE('',#15241,#7861);
#6309=LINE('',#15243,#7862);
#6310=LINE('',#15245,#7863);
#6311=LINE('',#15247,#7864);
#6312=LINE('',#15249,#7865);
#6313=LINE('',#15251,#7866);
#6314=LINE('',#15253,#7867);
#6315=LINE('',#15255,#7868);
#6316=LINE('',#15257,#7869);
#6317=LINE('',#15259,#7870);
#6318=LINE('',#15261,#7871);
#6319=LINE('',#15263,#7872);
#6320=LINE('',#15265,#7873);
#6321=LINE('',#15267,#7874);
#6322=LINE('',#15269,#7875);
#6323=LINE('',#15271,#7876);
#6324=LINE('',#15273,#7877);
#6325=LINE('',#15275,#7878);
#6326=LINE('',#15277,#7879);
#6327=LINE('',#15279,#7880);
#6328=LINE('',#15281,#7881);
#6329=LINE('',#15283,#7882);
#6330=LINE('',#15285,#7883);
#6331=LINE('',#15287,#7884);
#6332=LINE('',#15289,#7885);
#6333=LINE('',#15291,#7886);
#6334=LINE('',#15293,#7887);
#6335=LINE('',#15295,#7888);
#6336=LINE('',#15297,#7889);
#6337=LINE('',#15299,#7890);
#6338=LINE('',#15301,#7891);
#6339=LINE('',#15303,#7892);
#6340=LINE('',#15305,#7893);
#6341=LINE('',#15307,#7894);
#6342=LINE('',#15309,#7895);
#6343=LINE('',#15311,#7896);
#6344=LINE('',#15313,#7897);
#6345=LINE('',#15315,#7898);
#6346=LINE('',#15317,#7899);
#6347=LINE('',#15319,#7900);
#6348=LINE('',#15321,#7901);
#6349=LINE('',#15323,#7902);
#6350=LINE('',#15324,#7903);
#6351=LINE('',#15326,#7904);
#6352=LINE('',#15328,#7905);
#6353=LINE('',#15330,#7906);
#6354=LINE('',#15332,#7907);
#6355=LINE('',#15334,#7908);
#6356=LINE('',#15336,#7909);
#6357=LINE('',#15338,#7910);
#6358=LINE('',#15340,#7911);
#6359=LINE('',#15342,#7912);
#6360=LINE('',#15344,#7913);
#6361=LINE('',#15346,#7914);
#6362=LINE('',#15348,#7915);
#6363=LINE('',#15350,#7916);
#6364=LINE('',#15351,#7917);
#6365=LINE('',#15354,#7918);
#6366=LINE('',#15356,#7919);
#6367=LINE('',#15358,#7920);
#6368=LINE('',#15360,#7921);
#6369=LINE('',#15362,#7922);
#6370=LINE('',#15364,#7923);
#6371=LINE('',#15366,#7924);
#6372=LINE('',#15368,#7925);
#6373=LINE('',#15370,#7926);
#6374=LINE('',#15372,#7927);
#6375=LINE('',#15374,#7928);
#6376=LINE('',#15376,#7929);
#6377=LINE('',#15378,#7930);
#6378=LINE('',#15380,#7931);
#6379=LINE('',#15382,#7932);
#6380=LINE('',#15384,#7933);
#6381=LINE('',#15386,#7934);
#6382=LINE('',#15388,#7935);
#6383=LINE('',#15390,#7936);
#6384=LINE('',#15392,#7937);
#6385=LINE('',#15394,#7938);
#6386=LINE('',#15396,#7939);
#6387=LINE('',#15398,#7940);
#6388=LINE('',#15400,#7941);
#6389=LINE('',#15402,#7942);
#6390=LINE('',#15404,#7943);
#6391=LINE('',#15406,#7944);
#6392=LINE('',#15408,#7945);
#6393=LINE('',#15410,#7946);
#6394=LINE('',#15412,#7947);
#6395=LINE('',#15414,#7948);
#6396=LINE('',#15416,#7949);
#6397=LINE('',#15418,#7950);
#6398=LINE('',#15420,#7951);
#6399=LINE('',#15422,#7952);
#6400=LINE('',#15423,#7953);
#6401=LINE('',#15426,#7954);
#6402=LINE('',#15428,#7955);
#6403=LINE('',#15430,#7956);
#6404=LINE('',#15432,#7957);
#6405=LINE('',#15434,#7958);
#6406=LINE('',#15436,#7959);
#6407=LINE('',#15438,#7960);
#6408=LINE('',#15440,#7961);
#6409=LINE('',#15442,#7962);
#6410=LINE('',#15444,#7963);
#6411=LINE('',#15446,#7964);
#6412=LINE('',#15448,#7965);
#6413=LINE('',#15450,#7966);
#6414=LINE('',#15452,#7967);
#6415=LINE('',#15454,#7968);
#6416=LINE('',#15456,#7969);
#6417=LINE('',#15458,#7970);
#6418=LINE('',#15460,#7971);
#6419=LINE('',#15462,#7972);
#6420=LINE('',#15464,#7973);
#6421=LINE('',#15466,#7974);
#6422=LINE('',#15468,#7975);
#6423=LINE('',#15470,#7976);
#6424=LINE('',#15472,#7977);
#6425=LINE('',#15474,#7978);
#6426=LINE('',#15476,#7979);
#6427=LINE('',#15478,#7980);
#6428=LINE('',#15480,#7981);
#6429=LINE('',#15482,#7982);
#6430=LINE('',#15484,#7983);
#6431=LINE('',#15486,#7984);
#6432=LINE('',#15488,#7985);
#6433=LINE('',#15490,#7986);
#6434=LINE('',#15492,#7987);
#6435=LINE('',#15493,#7988);
#6436=LINE('',#15496,#7989);
#6437=LINE('',#15498,#7990);
#6438=LINE('',#15500,#7991);
#6439=LINE('',#15502,#7992);
#6440=LINE('',#15504,#7993);
#6441=LINE('',#15506,#7994);
#6442=LINE('',#15508,#7995);
#6443=LINE('',#15510,#7996);
#6444=LINE('',#15512,#7997);
#6445=LINE('',#15514,#7998);
#6446=LINE('',#15516,#7999);
#6447=LINE('',#15518,#8000);
#6448=LINE('',#15520,#8001);
#6449=LINE('',#15522,#8002);
#6450=LINE('',#15524,#8003);
#6451=LINE('',#15526,#8004);
#6452=LINE('',#15528,#8005);
#6453=LINE('',#15530,#8006);
#6454=LINE('',#15532,#8007);
#6455=LINE('',#15534,#8008);
#6456=LINE('',#15536,#8009);
#6457=LINE('',#15538,#8010);
#6458=LINE('',#15540,#8011);
#6459=LINE('',#15542,#8012);
#6460=LINE('',#15544,#8013);
#6461=LINE('',#15546,#8014);
#6462=LINE('',#15548,#8015);
#6463=LINE('',#15550,#8016);
#6464=LINE('',#15552,#8017);
#6465=LINE('',#15554,#8018);
#6466=LINE('',#15556,#8019);
#6467=LINE('',#15558,#8020);
#6468=LINE('',#15560,#8021);
#6469=LINE('',#15562,#8022);
#6470=LINE('',#15564,#8023);
#6471=LINE('',#15566,#8024);
#6472=LINE('',#15568,#8025);
#6473=LINE('',#15570,#8026);
#6474=LINE('',#15572,#8027);
#6475=LINE('',#15573,#8028);
#6476=LINE('',#15576,#8029);
#6477=LINE('',#15578,#8030);
#6478=LINE('',#15580,#8031);
#6479=LINE('',#15582,#8032);
#6480=LINE('',#15584,#8033);
#6481=LINE('',#15586,#8034);
#6482=LINE('',#15588,#8035);
#6483=LINE('',#15590,#8036);
#6484=LINE('',#15592,#8037);
#6485=LINE('',#15594,#8038);
#6486=LINE('',#15596,#8039);
#6487=LINE('',#15598,#8040);
#6488=LINE('',#15600,#8041);
#6489=LINE('',#15602,#8042);
#6490=LINE('',#15604,#8043);
#6491=LINE('',#15606,#8044);
#6492=LINE('',#15608,#8045);
#6493=LINE('',#15610,#8046);
#6494=LINE('',#15612,#8047);
#6495=LINE('',#15614,#8048);
#6496=LINE('',#15616,#8049);
#6497=LINE('',#15618,#8050);
#6498=LINE('',#15620,#8051);
#6499=LINE('',#15622,#8052);
#6500=LINE('',#15624,#8053);
#6501=LINE('',#15626,#8054);
#6502=LINE('',#15628,#8055);
#6503=LINE('',#15630,#8056);
#6504=LINE('',#15632,#8057);
#6505=LINE('',#15634,#8058);
#6506=LINE('',#15636,#8059);
#6507=LINE('',#15638,#8060);
#6508=LINE('',#15640,#8061);
#6509=LINE('',#15642,#8062);
#6510=LINE('',#15644,#8063);
#6511=LINE('',#15646,#8064);
#6512=LINE('',#15648,#8065);
#6513=LINE('',#15649,#8066);
#6514=LINE('',#15652,#8067);
#6515=LINE('',#15654,#8068);
#6516=LINE('',#15656,#8069);
#6517=LINE('',#15658,#8070);
#6518=LINE('',#15660,#8071);
#6519=LINE('',#15662,#8072);
#6520=LINE('',#15664,#8073);
#6521=LINE('',#15666,#8074);
#6522=LINE('',#15668,#8075);
#6523=LINE('',#15670,#8076);
#6524=LINE('',#15672,#8077);
#6525=LINE('',#15674,#8078);
#6526=LINE('',#15676,#8079);
#6527=LINE('',#15678,#8080);
#6528=LINE('',#15680,#8081);
#6529=LINE('',#15682,#8082);
#6530=LINE('',#15684,#8083);
#6531=LINE('',#15686,#8084);
#6532=LINE('',#15688,#8085);
#6533=LINE('',#15690,#8086);
#6534=LINE('',#15692,#8087);
#6535=LINE('',#15694,#8088);
#6536=LINE('',#15696,#8089);
#6537=LINE('',#15698,#8090);
#6538=LINE('',#15700,#8091);
#6539=LINE('',#15702,#8092);
#6540=LINE('',#15704,#8093);
#6541=LINE('',#15706,#8094);
#6542=LINE('',#15708,#8095);
#6543=LINE('',#15710,#8096);
#6544=LINE('',#15712,#8097);
#6545=LINE('',#15714,#8098);
#6546=LINE('',#15716,#8099);
#6547=LINE('',#15718,#8100);
#6548=LINE('',#15720,#8101);
#6549=LINE('',#15722,#8102);
#6550=LINE('',#15729,#8103);
#6551=LINE('',#15731,#8104);
#6552=LINE('',#15733,#8105);
#6553=LINE('',#15735,#8106);
#6554=LINE('',#15737,#8107);
#6555=LINE('',#15739,#8108);
#6556=LINE('',#15741,#8109);
#6557=LINE('',#15743,#8110);
#6558=LINE('',#15745,#8111);
#6559=LINE('',#15747,#8112);
#6560=LINE('',#15749,#8113);
#6561=LINE('',#15751,#8114);
#6562=LINE('',#15753,#8115);
#6563=LINE('',#15755,#8116);
#6564=LINE('',#15757,#8117);
#6565=LINE('',#15759,#8118);
#6566=LINE('',#15761,#8119);
#6567=LINE('',#15763,#8120);
#6568=LINE('',#15765,#8121);
#6569=LINE('',#15767,#8122);
#6570=LINE('',#15769,#8123);
#6571=LINE('',#15771,#8124);
#6572=LINE('',#15773,#8125);
#6573=LINE('',#15775,#8126);
#6574=LINE('',#15777,#8127);
#6575=LINE('',#15779,#8128);
#6576=LINE('',#15781,#8129);
#6577=LINE('',#15783,#8130);
#6578=LINE('',#15785,#8131);
#6579=LINE('',#15792,#8132);
#6580=LINE('',#15799,#8133);
#6581=LINE('',#15806,#8134);
#6582=LINE('',#15813,#8135);
#6583=LINE('',#15820,#8136);
#6584=LINE('',#15835,#8137);
#6585=LINE('',#15837,#8138);
#6586=LINE('',#15839,#8139);
#6587=LINE('',#15841,#8140);
#6588=LINE('',#15843,#8141);
#6589=LINE('',#15845,#8142);
#6590=LINE('',#15847,#8143);
#6591=LINE('',#15849,#8144);
#6592=LINE('',#15851,#8145);
#6593=LINE('',#15853,#8146);
#6594=LINE('',#15855,#8147);
#6595=LINE('',#15857,#8148);
#6596=LINE('',#15859,#8149);
#6597=LINE('',#15861,#8150);
#6598=LINE('',#15863,#8151);
#6599=LINE('',#15865,#8152);
#6600=LINE('',#15867,#8153);
#6601=LINE('',#15869,#8154);
#6602=LINE('',#15871,#8155);
#6603=LINE('',#15873,#8156);
#6604=LINE('',#15875,#8157);
#6605=LINE('',#15877,#8158);
#6606=LINE('',#15879,#8159);
#6607=LINE('',#15881,#8160);
#6608=LINE('',#15883,#8161);
#6609=LINE('',#15885,#8162);
#6610=LINE('',#15887,#8163);
#6611=LINE('',#15889,#8164);
#6612=LINE('',#15891,#8165);
#6613=LINE('',#15893,#8166);
#6614=LINE('',#15895,#8167);
#6615=LINE('',#15897,#8168);
#6616=LINE('',#15899,#8169);
#6617=LINE('',#15901,#8170);
#6618=LINE('',#15903,#8171);
#6619=LINE('',#15905,#8172);
#6620=LINE('',#15907,#8173);
#6621=LINE('',#15909,#8174);
#6622=LINE('',#15911,#8175);
#6623=LINE('',#15913,#8176);
#6624=LINE('',#15915,#8177);
#6625=LINE('',#15917,#8178);
#6626=LINE('',#15919,#8179);
#6627=LINE('',#15921,#8180);
#6628=LINE('',#15923,#8181);
#6629=LINE('',#15925,#8182);
#6630=LINE('',#15927,#8183);
#6631=LINE('',#15929,#8184);
#6632=LINE('',#15931,#8185);
#6633=LINE('',#15933,#8186);
#6634=LINE('',#15935,#8187);
#6635=LINE('',#15937,#8188);
#6636=LINE('',#15939,#8189);
#6637=LINE('',#15941,#8190);
#6638=LINE('',#15943,#8191);
#6639=LINE('',#15945,#8192);
#6640=LINE('',#15947,#8193);
#6641=LINE('',#15949,#8194);
#6642=LINE('',#15951,#8195);
#6643=LINE('',#15953,#8196);
#6644=LINE('',#15955,#8197);
#6645=LINE('',#15957,#8198);
#6646=LINE('',#15959,#8199);
#6647=LINE('',#15961,#8200);
#6648=LINE('',#15963,#8201);
#6649=LINE('',#15965,#8202);
#6650=LINE('',#15967,#8203);
#6651=LINE('',#15969,#8204);
#6652=LINE('',#15971,#8205);
#6653=LINE('',#15973,#8206);
#6654=LINE('',#15975,#8207);
#6655=LINE('',#15977,#8208);
#6656=LINE('',#15979,#8209);
#6657=LINE('',#15981,#8210);
#6658=LINE('',#15983,#8211);
#6659=LINE('',#15985,#8212);
#6660=LINE('',#15987,#8213);
#6661=LINE('',#15989,#8214);
#6662=LINE('',#15991,#8215);
#6663=LINE('',#15993,#8216);
#6664=LINE('',#15995,#8217);
#6665=LINE('',#15997,#8218);
#6666=LINE('',#15999,#8219);
#6667=LINE('',#16001,#8220);
#6668=LINE('',#16003,#8221);
#6669=LINE('',#16005,#8222);
#6670=LINE('',#16007,#8223);
#6671=LINE('',#16009,#8224);
#6672=LINE('',#16011,#8225);
#6673=LINE('',#16013,#8226);
#6674=LINE('',#16015,#8227);
#6675=LINE('',#16017,#8228);
#6676=LINE('',#16019,#8229);
#6677=LINE('',#16021,#8230);
#6678=LINE('',#16023,#8231);
#6679=LINE('',#16025,#8232);
#6680=LINE('',#16027,#8233);
#6681=LINE('',#16029,#8234);
#6682=LINE('',#16031,#8235);
#6683=LINE('',#16033,#8236);
#6684=LINE('',#16035,#8237);
#6685=LINE('',#16037,#8238);
#6686=LINE('',#16039,#8239);
#6687=LINE('',#16041,#8240);
#6688=LINE('',#16043,#8241);
#6689=LINE('',#16045,#8242);
#6690=LINE('',#16047,#8243);
#6691=LINE('',#16049,#8244);
#6692=LINE('',#16051,#8245);
#6693=LINE('',#16053,#8246);
#6694=LINE('',#16055,#8247);
#6695=LINE('',#16057,#8248);
#6696=LINE('',#16059,#8249);
#6697=LINE('',#16061,#8250);
#6698=LINE('',#16063,#8251);
#6699=LINE('',#16065,#8252);
#6700=LINE('',#16067,#8253);
#6701=LINE('',#16069,#8254);
#6702=LINE('',#16071,#8255);
#6703=LINE('',#16073,#8256);
#6704=LINE('',#16075,#8257);
#6705=LINE('',#16077,#8258);
#6706=LINE('',#16079,#8259);
#6707=LINE('',#16081,#8260);
#6708=LINE('',#16083,#8261);
#6709=LINE('',#16085,#8262);
#6710=LINE('',#16087,#8263);
#6711=LINE('',#16089,#8264);
#6712=LINE('',#16091,#8265);
#6713=LINE('',#16093,#8266);
#6714=LINE('',#16095,#8267);
#6715=LINE('',#16097,#8268);
#6716=LINE('',#16099,#8269);
#6717=LINE('',#16101,#8270);
#6718=LINE('',#16103,#8271);
#6719=LINE('',#16105,#8272);
#6720=LINE('',#16107,#8273);
#6721=LINE('',#16109,#8274);
#6722=LINE('',#16111,#8275);
#6723=LINE('',#16113,#8276);
#6724=LINE('',#16115,#8277);
#6725=LINE('',#16117,#8278);
#6726=LINE('',#16119,#8279);
#6727=LINE('',#16121,#8280);
#6728=LINE('',#16123,#8281);
#6729=LINE('',#16125,#8282);
#6730=LINE('',#16127,#8283);
#6731=LINE('',#16129,#8284);
#6732=LINE('',#16131,#8285);
#6733=LINE('',#16133,#8286);
#6734=LINE('',#16135,#8287);
#6735=LINE('',#16137,#8288);
#6736=LINE('',#16139,#8289);
#6737=LINE('',#16141,#8290);
#6738=LINE('',#16143,#8291);
#6739=LINE('',#16145,#8292);
#6740=LINE('',#16147,#8293);
#6741=LINE('',#16159,#8294);
#6742=LINE('',#16161,#8295);
#6743=LINE('',#16163,#8296);
#6744=LINE('',#16165,#8297);
#6745=LINE('',#16167,#8298);
#6746=LINE('',#16169,#8299);
#6747=LINE('',#16171,#8300);
#6748=LINE('',#16173,#8301);
#6749=LINE('',#16175,#8302);
#6750=LINE('',#16177,#8303);
#6751=LINE('',#16179,#8304);
#6752=LINE('',#16181,#8305);
#6753=LINE('',#16183,#8306);
#6754=LINE('',#16185,#8307);
#6755=LINE('',#16187,#8308);
#6756=LINE('',#16189,#8309);
#6757=LINE('',#16191,#8310);
#6758=LINE('',#16193,#8311);
#6759=LINE('',#16195,#8312);
#6760=LINE('',#16197,#8313);
#6761=LINE('',#16199,#8314);
#6762=LINE('',#16201,#8315);
#6763=LINE('',#16203,#8316);
#6764=LINE('',#16205,#8317);
#6765=LINE('',#16207,#8318);
#6766=LINE('',#16209,#8319);
#6767=LINE('',#16211,#8320);
#6768=LINE('',#16213,#8321);
#6769=LINE('',#16215,#8322);
#6770=LINE('',#16217,#8323);
#6771=LINE('',#16219,#8324);
#6772=LINE('',#16221,#8325);
#6773=LINE('',#16223,#8326);
#6774=LINE('',#16225,#8327);
#6775=LINE('',#16227,#8328);
#6776=LINE('',#16229,#8329);
#6777=LINE('',#16231,#8330);
#6778=LINE('',#16233,#8331);
#6779=LINE('',#16235,#8332);
#6780=LINE('',#16237,#8333);
#6781=LINE('',#16239,#8334);
#6782=LINE('',#16241,#8335);
#6783=LINE('',#16243,#8336);
#6784=LINE('',#16245,#8337);
#6785=LINE('',#16247,#8338);
#6786=LINE('',#16249,#8339);
#6787=LINE('',#16251,#8340);
#6788=LINE('',#16253,#8341);
#6789=LINE('',#16255,#8342);
#6790=LINE('',#16257,#8343);
#6791=LINE('',#16259,#8344);
#6792=LINE('',#16261,#8345);
#6793=LINE('',#16263,#8346);
#6794=LINE('',#16265,#8347);
#6795=LINE('',#16267,#8348);
#6796=LINE('',#16269,#8349);
#6797=LINE('',#16271,#8350);
#6798=LINE('',#16273,#8351);
#6799=LINE('',#16275,#8352);
#6800=LINE('',#16277,#8353);
#6801=LINE('',#16279,#8354);
#6802=LINE('',#16281,#8355);
#6803=LINE('',#16283,#8356);
#6804=LINE('',#16285,#8357);
#6805=LINE('',#16287,#8358);
#6806=LINE('',#16289,#8359);
#6807=LINE('',#16291,#8360);
#6808=LINE('',#16293,#8361);
#6809=LINE('',#16295,#8362);
#6810=LINE('',#16297,#8363);
#6811=LINE('',#16299,#8364);
#6812=LINE('',#16301,#8365);
#6813=LINE('',#16303,#8366);
#6814=LINE('',#16305,#8367);
#6815=LINE('',#16307,#8368);
#6816=LINE('',#16309,#8369);
#6817=LINE('',#16311,#8370);
#6818=LINE('',#16313,#8371);
#6819=LINE('',#16315,#8372);
#6820=LINE('',#16317,#8373);
#6821=LINE('',#16319,#8374);
#6822=LINE('',#16321,#8375);
#6823=LINE('',#16323,#8376);
#6824=LINE('',#16325,#8377);
#6825=LINE('',#16327,#8378);
#6826=LINE('',#16329,#8379);
#6827=LINE('',#16331,#8380);
#6828=LINE('',#16333,#8381);
#6829=LINE('',#16335,#8382);
#6830=LINE('',#16337,#8383);
#6831=LINE('',#16339,#8384);
#6832=LINE('',#16341,#8385);
#6833=LINE('',#16343,#8386);
#6834=LINE('',#16345,#8387);
#6835=LINE('',#16347,#8388);
#6836=LINE('',#16349,#8389);
#6837=LINE('',#16351,#8390);
#6838=LINE('',#16353,#8391);
#6839=LINE('',#16355,#8392);
#6840=LINE('',#16357,#8393);
#6841=LINE('',#16359,#8394);
#6842=LINE('',#16361,#8395);
#6843=LINE('',#16363,#8396);
#6844=LINE('',#16365,#8397);
#6845=LINE('',#16367,#8398);
#6846=LINE('',#16369,#8399);
#6847=LINE('',#16371,#8400);
#6848=LINE('',#16373,#8401);
#6849=LINE('',#16375,#8402);
#6850=LINE('',#16377,#8403);
#6851=LINE('',#16379,#8404);
#6852=LINE('',#16381,#8405);
#6853=LINE('',#16383,#8406);
#6854=LINE('',#16385,#8407);
#6855=LINE('',#16387,#8408);
#6856=LINE('',#16389,#8409);
#6857=LINE('',#16391,#8410);
#6858=LINE('',#16393,#8411);
#6859=LINE('',#16395,#8412);
#6860=LINE('',#16397,#8413);
#6861=LINE('',#16399,#8414);
#6862=LINE('',#16401,#8415);
#6863=LINE('',#16403,#8416);
#6864=LINE('',#16405,#8417);
#6865=LINE('',#16407,#8418);
#6866=LINE('',#16409,#8419);
#6867=LINE('',#16411,#8420);
#6868=LINE('',#16413,#8421);
#6869=LINE('',#16415,#8422);
#6870=LINE('',#16417,#8423);
#6871=LINE('',#16419,#8424);
#6872=LINE('',#16421,#8425);
#6873=LINE('',#16423,#8426);
#6874=LINE('',#16425,#8427);
#6875=LINE('',#16427,#8428);
#6876=LINE('',#16429,#8429);
#6877=LINE('',#16431,#8430);
#6878=LINE('',#16433,#8431);
#6879=LINE('',#16435,#8432);
#6880=LINE('',#16437,#8433);
#6881=LINE('',#16439,#8434);
#6882=LINE('',#16441,#8435);
#6883=LINE('',#16443,#8436);
#6884=LINE('',#16445,#8437);
#6885=LINE('',#16447,#8438);
#6886=LINE('',#16449,#8439);
#6887=LINE('',#16451,#8440);
#6888=LINE('',#16453,#8441);
#6889=LINE('',#16455,#8442);
#6890=LINE('',#16457,#8443);
#6891=LINE('',#16459,#8444);
#6892=LINE('',#16461,#8445);
#6893=LINE('',#16463,#8446);
#6894=LINE('',#16465,#8447);
#6895=LINE('',#16467,#8448);
#6896=LINE('',#16469,#8449);
#6897=LINE('',#16471,#8450);
#6898=LINE('',#16473,#8451);
#6899=LINE('',#16475,#8452);
#6900=LINE('',#16477,#8453);
#6901=LINE('',#16479,#8454);
#6902=LINE('',#16481,#8455);
#6903=LINE('',#16483,#8456);
#6904=LINE('',#16485,#8457);
#6905=LINE('',#16487,#8458);
#6906=LINE('',#16489,#8459);
#6907=LINE('',#16491,#8460);
#6908=LINE('',#16493,#8461);
#6909=LINE('',#16495,#8462);
#6910=LINE('',#16497,#8463);
#6911=LINE('',#16499,#8464);
#6912=LINE('',#16501,#8465);
#6913=LINE('',#16503,#8466);
#6914=LINE('',#16505,#8467);
#6915=LINE('',#16507,#8468);
#6916=LINE('',#16509,#8469);
#6917=LINE('',#16511,#8470);
#6918=LINE('',#16513,#8471);
#6919=LINE('',#16515,#8472);
#6920=LINE('',#16517,#8473);
#6921=LINE('',#16519,#8474);
#6922=LINE('',#16521,#8475);
#6923=LINE('',#16523,#8476);
#6924=LINE('',#16525,#8477);
#6925=LINE('',#16527,#8478);
#6926=LINE('',#16529,#8479);
#6927=LINE('',#16531,#8480);
#6928=LINE('',#16533,#8481);
#6929=LINE('',#16535,#8482);
#6930=LINE('',#16537,#8483);
#6931=LINE('',#16539,#8484);
#6932=LINE('',#16541,#8485);
#6933=LINE('',#16543,#8486);
#6934=LINE('',#16545,#8487);
#6935=LINE('',#16547,#8488);
#6936=LINE('',#16549,#8489);
#6937=LINE('',#16551,#8490);
#6938=LINE('',#16553,#8491);
#6939=LINE('',#16555,#8492);
#6940=LINE('',#16557,#8493);
#6941=LINE('',#16559,#8494);
#6942=LINE('',#16561,#8495);
#6943=LINE('',#16563,#8496);
#6944=LINE('',#16565,#8497);
#6945=LINE('',#16567,#8498);
#6946=LINE('',#16569,#8499);
#6947=LINE('',#16571,#8500);
#6948=LINE('',#16573,#8501);
#6949=LINE('',#16575,#8502);
#6950=LINE('',#16577,#8503);
#6951=LINE('',#16579,#8504);
#6952=LINE('',#16581,#8505);
#6953=LINE('',#16583,#8506);
#6954=LINE('',#16585,#8507);
#6955=LINE('',#16587,#8508);
#6956=LINE('',#16589,#8509);
#6957=LINE('',#16591,#8510);
#6958=LINE('',#16593,#8511);
#6959=LINE('',#16595,#8512);
#6960=LINE('',#16597,#8513);
#6961=LINE('',#16599,#8514);
#6962=LINE('',#16601,#8515);
#6963=LINE('',#16603,#8516);
#6964=LINE('',#16605,#8517);
#6965=LINE('',#16607,#8518);
#6966=LINE('',#16609,#8519);
#6967=LINE('',#16611,#8520);
#6968=LINE('',#16613,#8521);
#6969=LINE('',#16615,#8522);
#6970=LINE('',#16617,#8523);
#6971=LINE('',#16619,#8524);
#6972=LINE('',#16621,#8525);
#6973=LINE('',#16623,#8526);
#6974=LINE('',#16625,#8527);
#6975=LINE('',#16627,#8528);
#6976=LINE('',#16629,#8529);
#6977=LINE('',#16631,#8530);
#6978=LINE('',#16633,#8531);
#6979=LINE('',#16635,#8532);
#6980=LINE('',#16637,#8533);
#6981=LINE('',#16639,#8534);
#6982=LINE('',#16641,#8535);
#6983=LINE('',#16643,#8536);
#6984=LINE('',#16645,#8537);
#6985=LINE('',#16647,#8538);
#6986=LINE('',#16649,#8539);
#6987=LINE('',#16651,#8540);
#6988=LINE('',#16653,#8541);
#6989=LINE('',#16655,#8542);
#6990=LINE('',#16657,#8543);
#6991=LINE('',#16659,#8544);
#6992=LINE('',#16661,#8545);
#6993=LINE('',#16663,#8546);
#6994=LINE('',#16665,#8547);
#6995=LINE('',#16667,#8548);
#6996=LINE('',#16669,#8549);
#6997=LINE('',#16671,#8550);
#6998=LINE('',#16673,#8551);
#6999=LINE('',#16675,#8552);
#7000=LINE('',#16677,#8553);
#7001=LINE('',#16679,#8554);
#7002=LINE('',#16681,#8555);
#7003=LINE('',#16683,#8556);
#7004=LINE('',#16685,#8557);
#7005=LINE('',#16687,#8558);
#7006=LINE('',#16689,#8559);
#7007=LINE('',#16691,#8560);
#7008=LINE('',#16693,#8561);
#7009=LINE('',#16695,#8562);
#7010=LINE('',#16697,#8563);
#7011=LINE('',#16699,#8564);
#7012=LINE('',#16701,#8565);
#7013=LINE('',#16703,#8566);
#7014=LINE('',#16705,#8567);
#7015=LINE('',#16707,#8568);
#7016=LINE('',#16709,#8569);
#7017=LINE('',#16711,#8570);
#7018=LINE('',#16713,#8571);
#7019=LINE('',#16715,#8572);
#7020=LINE('',#16717,#8573);
#7021=LINE('',#16719,#8574);
#7022=LINE('',#16721,#8575);
#7023=LINE('',#16723,#8576);
#7024=LINE('',#16725,#8577);
#7025=LINE('',#16727,#8578);
#7026=LINE('',#16729,#8579);
#7027=LINE('',#16731,#8580);
#7028=LINE('',#16733,#8581);
#7029=LINE('',#16735,#8582);
#7030=LINE('',#16737,#8583);
#7031=LINE('',#16739,#8584);
#7032=LINE('',#16741,#8585);
#7033=LINE('',#16743,#8586);
#7034=LINE('',#16745,#8587);
#7035=LINE('',#16747,#8588);
#7036=LINE('',#16749,#8589);
#7037=LINE('',#16751,#8590);
#7038=LINE('',#16753,#8591);
#7039=LINE('',#16755,#8592);
#7040=LINE('',#16757,#8593);
#7041=LINE('',#16759,#8594);
#7042=LINE('',#16761,#8595);
#7043=LINE('',#16763,#8596);
#7044=LINE('',#16765,#8597);
#7045=LINE('',#16767,#8598);
#7046=LINE('',#16769,#8599);
#7047=LINE('',#16771,#8600);
#7048=LINE('',#16773,#8601);
#7049=LINE('',#16775,#8602);
#7050=LINE('',#16777,#8603);
#7051=LINE('',#16779,#8604);
#7052=LINE('',#16781,#8605);
#7053=LINE('',#16783,#8606);
#7054=LINE('',#16785,#8607);
#7055=LINE('',#16787,#8608);
#7056=LINE('',#16789,#8609);
#7057=LINE('',#16791,#8610);
#7058=LINE('',#16793,#8611);
#7059=LINE('',#16795,#8612);
#7060=LINE('',#16797,#8613);
#7061=LINE('',#16799,#8614);
#7062=LINE('',#16801,#8615);
#7063=LINE('',#16803,#8616);
#7064=LINE('',#16805,#8617);
#7065=LINE('',#16807,#8618);
#7066=LINE('',#16809,#8619);
#7067=LINE('',#16811,#8620);
#7068=LINE('',#16813,#8621);
#7069=LINE('',#16815,#8622);
#7070=LINE('',#16817,#8623);
#7071=LINE('',#16819,#8624);
#7072=LINE('',#16821,#8625);
#7073=LINE('',#16823,#8626);
#7074=LINE('',#16825,#8627);
#7075=LINE('',#16827,#8628);
#7076=LINE('',#16829,#8629);
#7077=LINE('',#16831,#8630);
#7078=LINE('',#16833,#8631);
#7079=LINE('',#16835,#8632);
#7080=LINE('',#16837,#8633);
#7081=LINE('',#16839,#8634);
#7082=LINE('',#16841,#8635);
#7083=LINE('',#16843,#8636);
#7084=LINE('',#16845,#8637);
#7085=LINE('',#16847,#8638);
#7086=LINE('',#16849,#8639);
#7087=LINE('',#16851,#8640);
#7088=LINE('',#16853,#8641);
#7089=LINE('',#16855,#8642);
#7090=LINE('',#16857,#8643);
#7091=LINE('',#16859,#8644);
#7092=LINE('',#16861,#8645);
#7093=LINE('',#16863,#8646);
#7094=LINE('',#16865,#8647);
#7095=LINE('',#16867,#8648);
#7096=LINE('',#16869,#8649);
#7097=LINE('',#16871,#8650);
#7098=LINE('',#16873,#8651);
#7099=LINE('',#16875,#8652);
#7100=LINE('',#16877,#8653);
#7101=LINE('',#16879,#8654);
#7102=LINE('',#16881,#8655);
#7103=LINE('',#16883,#8656);
#7104=LINE('',#16885,#8657);
#7105=LINE('',#16887,#8658);
#7106=LINE('',#16889,#8659);
#7107=LINE('',#16891,#8660);
#7108=LINE('',#16893,#8661);
#7109=LINE('',#16895,#8662);
#7110=LINE('',#16897,#8663);
#7111=LINE('',#16899,#8664);
#7112=LINE('',#16901,#8665);
#7113=LINE('',#16903,#8666);
#7114=LINE('',#16905,#8667);
#7115=LINE('',#16907,#8668);
#7116=LINE('',#16909,#8669);
#7117=LINE('',#16911,#8670);
#7118=LINE('',#16913,#8671);
#7119=LINE('',#16915,#8672);
#7120=LINE('',#16917,#8673);
#7121=LINE('',#16919,#8674);
#7122=LINE('',#16921,#8675);
#7123=LINE('',#16923,#8676);
#7124=LINE('',#16925,#8677);
#7125=LINE('',#16927,#8678);
#7126=LINE('',#16929,#8679);
#7127=LINE('',#16931,#8680);
#7128=LINE('',#16933,#8681);
#7129=LINE('',#16935,#8682);
#7130=LINE('',#16937,#8683);
#7131=LINE('',#16939,#8684);
#7132=LINE('',#16941,#8685);
#7133=LINE('',#16943,#8686);
#7134=LINE('',#16945,#8687);
#7135=LINE('',#16955,#8688);
#7136=LINE('',#16957,#8689);
#7137=LINE('',#16958,#8690);
#7138=LINE('',#16960,#8691);
#7139=LINE('',#16961,#8692);
#7140=LINE('',#16963,#8693);
#7141=LINE('',#16965,#8694);
#7142=LINE('',#16966,#8695);
#7143=LINE('',#16973,#8696);
#7144=LINE('',#16980,#8697);
#7145=LINE('',#16982,#8698);
#7146=LINE('',#16984,#8699);
#7147=LINE('',#16986,#8700);
#7148=LINE('',#16988,#8701);
#7149=LINE('',#16995,#8702);
#7150=LINE('',#16999,#8703);
#7151=LINE('',#17006,#8704);
#7152=LINE('',#17013,#8705);
#7153=LINE('',#17017,#8706);
#7154=LINE('',#17019,#8707);
#7155=LINE('',#17021,#8708);
#7156=LINE('',#17023,#8709);
#7157=LINE('',#17025,#8710);
#7158=LINE('',#17027,#8711);
#7159=LINE('',#17029,#8712);
#7160=LINE('',#17031,#8713);
#7161=LINE('',#17033,#8714);
#7162=LINE('',#17035,#8715);
#7163=LINE('',#17037,#8716);
#7164=LINE('',#17039,#8717);
#7165=LINE('',#17041,#8718);
#7166=LINE('',#17043,#8719);
#7167=LINE('',#17045,#8720);
#7168=LINE('',#17047,#8721);
#7169=LINE('',#17049,#8722);
#7170=LINE('',#17051,#8723);
#7171=LINE('',#17053,#8724);
#7172=LINE('',#17055,#8725);
#7173=LINE('',#17057,#8726);
#7174=LINE('',#17059,#8727);
#7175=LINE('',#17061,#8728);
#7176=LINE('',#17063,#8729);
#7177=LINE('',#17065,#8730);
#7178=LINE('',#17067,#8731);
#7179=LINE('',#17069,#8732);
#7180=LINE('',#17071,#8733);
#7181=LINE('',#17072,#8734);
#7182=LINE('',#17078,#8735);
#7183=LINE('',#17079,#8736);
#7184=LINE('',#17081,#8737);
#7185=LINE('',#17083,#8738);
#7186=LINE('',#17085,#8739);
#7187=LINE('',#17087,#8740);
#7188=LINE('',#17089,#8741);
#7189=LINE('',#17091,#8742);
#7190=LINE('',#17093,#8743);
#7191=LINE('',#17095,#8744);
#7192=LINE('',#17097,#8745);
#7193=LINE('',#17099,#8746);
#7194=LINE('',#17101,#8747);
#7195=LINE('',#17103,#8748);
#7196=LINE('',#17105,#8749);
#7197=LINE('',#17107,#8750);
#7198=LINE('',#17109,#8751);
#7199=LINE('',#17111,#8752);
#7200=LINE('',#17113,#8753);
#7201=LINE('',#17115,#8754);
#7202=LINE('',#17117,#8755);
#7203=LINE('',#17119,#8756);
#7204=LINE('',#17121,#8757);
#7205=LINE('',#17123,#8758);
#7206=LINE('',#17125,#8759);
#7207=LINE('',#17127,#8760);
#7208=LINE('',#17129,#8761);
#7209=LINE('',#17131,#8762);
#7210=LINE('',#17133,#8763);
#7211=LINE('',#17135,#8764);
#7212=LINE('',#17137,#8765);
#7213=LINE('',#17139,#8766);
#7214=LINE('',#17141,#8767);
#7215=LINE('',#17143,#8768);
#7216=LINE('',#17145,#8769);
#7217=LINE('',#17147,#8770);
#7218=LINE('',#17150,#8771);
#7219=LINE('',#17151,#8772);
#7220=LINE('',#17153,#8773);
#7221=LINE('',#17155,#8774);
#7222=LINE('',#17157,#8775);
#7223=LINE('',#17159,#8776);
#7224=LINE('',#17161,#8777);
#7225=LINE('',#17163,#8778);
#7226=LINE('',#17165,#8779);
#7227=LINE('',#17167,#8780);
#7228=LINE('',#17169,#8781);
#7229=LINE('',#17171,#8782);
#7230=LINE('',#17173,#8783);
#7231=LINE('',#17175,#8784);
#7232=LINE('',#17177,#8785);
#7233=LINE('',#17179,#8786);
#7234=LINE('',#17181,#8787);
#7235=LINE('',#17183,#8788);
#7236=LINE('',#17185,#8789);
#7237=LINE('',#17187,#8790);
#7238=LINE('',#17189,#8791);
#7239=LINE('',#17191,#8792);
#7240=LINE('',#17193,#8793);
#7241=LINE('',#17195,#8794);
#7242=LINE('',#17197,#8795);
#7243=LINE('',#17199,#8796);
#7244=LINE('',#17201,#8797);
#7245=LINE('',#17203,#8798);
#7246=LINE('',#17205,#8799);
#7247=LINE('',#17207,#8800);
#7248=LINE('',#17209,#8801);
#7249=LINE('',#17211,#8802);
#7250=LINE('',#17213,#8803);
#7251=LINE('',#17215,#8804);
#7252=LINE('',#17217,#8805);
#7253=LINE('',#17220,#8806);
#7254=LINE('',#17221,#8807);
#7255=LINE('',#17223,#8808);
#7256=LINE('',#17225,#8809);
#7257=LINE('',#17227,#8810);
#7258=LINE('',#17229,#8811);
#7259=LINE('',#17231,#8812);
#7260=LINE('',#17233,#8813);
#7261=LINE('',#17235,#8814);
#7262=LINE('',#17237,#8815);
#7263=LINE('',#17239,#8816);
#7264=LINE('',#17241,#8817);
#7265=LINE('',#17243,#8818);
#7266=LINE('',#17245,#8819);
#7267=LINE('',#17247,#8820);
#7268=LINE('',#17249,#8821);
#7269=LINE('',#17251,#8822);
#7270=LINE('',#17253,#8823);
#7271=LINE('',#17255,#8824);
#7272=LINE('',#17257,#8825);
#7273=LINE('',#17259,#8826);
#7274=LINE('',#17261,#8827);
#7275=LINE('',#17263,#8828);
#7276=LINE('',#17265,#8829);
#7277=LINE('',#17267,#8830);
#7278=LINE('',#17269,#8831);
#7279=LINE('',#17271,#8832);
#7280=LINE('',#17273,#8833);
#7281=LINE('',#17275,#8834);
#7282=LINE('',#17277,#8835);
#7283=LINE('',#17279,#8836);
#7284=LINE('',#17281,#8837);
#7285=LINE('',#17283,#8838);
#7286=LINE('',#17285,#8839);
#7287=LINE('',#17287,#8840);
#7288=LINE('',#17289,#8841);
#7289=LINE('',#17291,#8842);
#7290=LINE('',#17293,#8843);
#7291=LINE('',#17295,#8844);
#7292=LINE('',#17297,#8845);
#7293=LINE('',#17300,#8846);
#7294=LINE('',#17301,#8847);
#7295=LINE('',#17303,#8848);
#7296=LINE('',#17305,#8849);
#7297=LINE('',#17307,#8850);
#7298=LINE('',#17309,#8851);
#7299=LINE('',#17311,#8852);
#7300=LINE('',#17313,#8853);
#7301=LINE('',#17315,#8854);
#7302=LINE('',#17317,#8855);
#7303=LINE('',#17319,#8856);
#7304=LINE('',#17321,#8857);
#7305=LINE('',#17323,#8858);
#7306=LINE('',#17325,#8859);
#7307=LINE('',#17327,#8860);
#7308=LINE('',#17329,#8861);
#7309=LINE('',#17331,#8862);
#7310=LINE('',#17333,#8863);
#7311=LINE('',#17335,#8864);
#7312=LINE('',#17337,#8865);
#7313=LINE('',#17339,#8866);
#7314=LINE('',#17341,#8867);
#7315=LINE('',#17343,#8868);
#7316=LINE('',#17345,#8869);
#7317=LINE('',#17347,#8870);
#7318=LINE('',#17349,#8871);
#7319=LINE('',#17351,#8872);
#7320=LINE('',#17353,#8873);
#7321=LINE('',#17355,#8874);
#7322=LINE('',#17357,#8875);
#7323=LINE('',#17359,#8876);
#7324=LINE('',#17361,#8877);
#7325=LINE('',#17363,#8878);
#7326=LINE('',#17365,#8879);
#7327=LINE('',#17367,#8880);
#7328=LINE('',#17369,#8881);
#7329=LINE('',#17371,#8882);
#7330=LINE('',#17373,#8883);
#7331=LINE('',#17376,#8884);
#7332=LINE('',#17377,#8885);
#7333=LINE('',#17379,#8886);
#7334=LINE('',#17381,#8887);
#7335=LINE('',#17383,#8888);
#7336=LINE('',#17385,#8889);
#7337=LINE('',#17387,#8890);
#7338=LINE('',#17389,#8891);
#7339=LINE('',#17391,#8892);
#7340=LINE('',#17393,#8893);
#7341=LINE('',#17395,#8894);
#7342=LINE('',#17397,#8895);
#7343=LINE('',#17399,#8896);
#7344=LINE('',#17401,#8897);
#7345=LINE('',#17403,#8898);
#7346=LINE('',#17405,#8899);
#7347=LINE('',#17407,#8900);
#7348=LINE('',#17409,#8901);
#7349=LINE('',#17411,#8902);
#7350=LINE('',#17413,#8903);
#7351=LINE('',#17415,#8904);
#7352=LINE('',#17417,#8905);
#7353=LINE('',#17419,#8906);
#7354=LINE('',#17421,#8907);
#7355=LINE('',#17423,#8908);
#7356=LINE('',#17425,#8909);
#7357=LINE('',#17427,#8910);
#7358=LINE('',#17429,#8911);
#7359=LINE('',#17431,#8912);
#7360=LINE('',#17433,#8913);
#7361=LINE('',#17435,#8914);
#7362=LINE('',#17437,#8915);
#7363=LINE('',#17439,#8916);
#7364=LINE('',#17441,#8917);
#7365=LINE('',#17443,#8918);
#7366=LINE('',#17445,#8919);
#7367=LINE('',#17448,#8920);
#7368=LINE('',#17449,#8921);
#7369=LINE('',#17451,#8922);
#7370=LINE('',#17453,#8923);
#7371=LINE('',#17456,#8924);
#7372=LINE('',#17457,#8925);
#7373=LINE('',#17459,#8926);
#7374=LINE('',#17461,#8927);
#7375=VECTOR('',#11611,1.);
#7376=VECTOR('',#11612,1.);
#7377=VECTOR('',#11613,1.);
#7378=VECTOR('',#11614,1.);
#7379=VECTOR('',#11615,1.);
#7380=VECTOR('',#11616,1.);
#7381=VECTOR('',#11617,1.);
#7382=VECTOR('',#11618,1.);
#7383=VECTOR('',#11619,1.);
#7384=VECTOR('',#11620,1.);
#7385=VECTOR('',#11623,1.);
#7386=VECTOR('',#11624,1.);
#7387=VECTOR('',#11625,1.);
#7388=VECTOR('',#11626,1.);
#7389=VECTOR('',#11627,1.);
#7390=VECTOR('',#11628,1.);
#7391=VECTOR('',#11629,1.);
#7392=VECTOR('',#11630,1.);
#7393=VECTOR('',#11631,1.);
#7394=VECTOR('',#11632,1.);
#7395=VECTOR('',#11635,1.);
#7396=VECTOR('',#11636,1.);
#7397=VECTOR('',#11637,1.);
#7398=VECTOR('',#11638,1.);
#7399=VECTOR('',#11639,1.);
#7400=VECTOR('',#11640,1.);
#7401=VECTOR('',#11641,1.);
#7402=VECTOR('',#11642,1.);
#7403=VECTOR('',#11645,1.);
#7404=VECTOR('',#11646,1.);
#7405=VECTOR('',#11647,1.);
#7406=VECTOR('',#11648,1.);
#7407=VECTOR('',#11649,1.);
#7408=VECTOR('',#11650,1.);
#7409=VECTOR('',#11651,1.);
#7410=VECTOR('',#11652,1.);
#7411=VECTOR('',#11655,1.);
#7412=VECTOR('',#11656,1.);
#7413=VECTOR('',#11657,1.);
#7414=VECTOR('',#11658,1.);
#7415=VECTOR('',#11659,1.);
#7416=VECTOR('',#11660,1.);
#7417=VECTOR('',#11661,1.);
#7418=VECTOR('',#11662,1.);
#7419=VECTOR('',#11663,1.);
#7420=VECTOR('',#11664,1.);
#7421=VECTOR('',#11665,1.);
#7422=VECTOR('',#11666,1.);
#7423=VECTOR('',#11667,1.);
#7424=VECTOR('',#11668,1.);
#7425=VECTOR('',#11669,1.);
#7426=VECTOR('',#11670,1.);
#7427=VECTOR('',#11671,1.);
#7428=VECTOR('',#11672,1.);
#7429=VECTOR('',#11673,1.);
#7430=VECTOR('',#11674,1.);
#7431=VECTOR('',#11675,1.);
#7432=VECTOR('',#11676,1.);
#7433=VECTOR('',#11677,1.);
#7434=VECTOR('',#11678,1.);
#7435=VECTOR('',#11679,1.);
#7436=VECTOR('',#11680,1.);
#7437=VECTOR('',#11681,1.);
#7438=VECTOR('',#11682,1.);
#7439=VECTOR('',#11683,1.);
#7440=VECTOR('',#11684,1.);
#7441=VECTOR('',#11685,1.);
#7442=VECTOR('',#11686,1.);
#7443=VECTOR('',#11687,1.);
#7444=VECTOR('',#11688,1.);
#7445=VECTOR('',#11689,1.);
#7446=VECTOR('',#11690,1.);
#7447=VECTOR('',#11691,1.);
#7448=VECTOR('',#11692,1.);
#7449=VECTOR('',#11693,1.);
#7450=VECTOR('',#11694,1.);
#7451=VECTOR('',#11695,1.);
#7452=VECTOR('',#11696,1.);
#7453=VECTOR('',#11697,1.);
#7454=VECTOR('',#11698,1.);
#7455=VECTOR('',#11699,1.);
#7456=VECTOR('',#11700,1.);
#7457=VECTOR('',#11701,1.);
#7458=VECTOR('',#11702,1.);
#7459=VECTOR('',#11703,1.);
#7460=VECTOR('',#11704,1.);
#7461=VECTOR('',#11705,1.);
#7462=VECTOR('',#11706,1.);
#7463=VECTOR('',#11707,1.);
#7464=VECTOR('',#11708,1.);
#7465=VECTOR('',#11709,1.);
#7466=VECTOR('',#11710,1.);
#7467=VECTOR('',#11711,1.);
#7468=VECTOR('',#11712,1.);
#7469=VECTOR('',#11713,1.);
#7470=VECTOR('',#11714,1.);
#7471=VECTOR('',#11715,1.);
#7472=VECTOR('',#11716,1.);
#7473=VECTOR('',#11717,1.);
#7474=VECTOR('',#11718,1.);
#7475=VECTOR('',#11719,1.);
#7476=VECTOR('',#11720,1.);
#7477=VECTOR('',#11721,1.);
#7478=VECTOR('',#11722,1.);
#7479=VECTOR('',#11723,1.);
#7480=VECTOR('',#11724,1.);
#7481=VECTOR('',#11725,1.);
#7482=VECTOR('',#11726,1.);
#7483=VECTOR('',#11727,1.);
#7484=VECTOR('',#11728,1.);
#7485=VECTOR('',#11729,1.);
#7486=VECTOR('',#11730,1.);
#7487=VECTOR('',#11731,1.);
#7488=VECTOR('',#11732,1.);
#7489=VECTOR('',#11733,1.);
#7490=VECTOR('',#11734,1.);
#7491=VECTOR('',#11735,1.);
#7492=VECTOR('',#11736,1.);
#7493=VECTOR('',#11737,1.);
#7494=VECTOR('',#11738,1.);
#7495=VECTOR('',#11739,1.);
#7496=VECTOR('',#11740,1.);
#7497=VECTOR('',#11741,1.);
#7498=VECTOR('',#11742,1.);
#7499=VECTOR('',#11743,1.);
#7500=VECTOR('',#11744,1.);
#7501=VECTOR('',#11745,1.);
#7502=VECTOR('',#11746,1.);
#7503=VECTOR('',#11747,1.);
#7504=VECTOR('',#11748,1.);
#7505=VECTOR('',#11749,1.);
#7506=VECTOR('',#11750,1.);
#7507=VECTOR('',#11751,1.);
#7508=VECTOR('',#11752,1.);
#7509=VECTOR('',#11753,1.);
#7510=VECTOR('',#11754,1.);
#7511=VECTOR('',#11755,1.);
#7512=VECTOR('',#11756,1.);
#7513=VECTOR('',#11757,1.);
#7514=VECTOR('',#11758,1.);
#7515=VECTOR('',#11759,1.);
#7516=VECTOR('',#11760,1.);
#7517=VECTOR('',#11761,1.);
#7518=VECTOR('',#11762,1.);
#7519=VECTOR('',#11763,1.);
#7520=VECTOR('',#11764,1.);
#7521=VECTOR('',#11765,1.);
#7522=VECTOR('',#11766,1.);
#7523=VECTOR('',#11767,1.);
#7524=VECTOR('',#11768,1.);
#7525=VECTOR('',#11769,1.);
#7526=VECTOR('',#11770,1.);
#7527=VECTOR('',#11771,1.);
#7528=VECTOR('',#11772,1.);
#7529=VECTOR('',#11773,1.);
#7530=VECTOR('',#11774,1.);
#7531=VECTOR('',#11775,1.);
#7532=VECTOR('',#11776,1.);
#7533=VECTOR('',#11777,1.);
#7534=VECTOR('',#11778,1.);
#7535=VECTOR('',#11779,1.);
#7536=VECTOR('',#11780,1.);
#7537=VECTOR('',#11781,1.);
#7538=VECTOR('',#11782,1.);
#7539=VECTOR('',#11783,1.);
#7540=VECTOR('',#11784,1.);
#7541=VECTOR('',#11785,1.);
#7542=VECTOR('',#11786,1.);
#7543=VECTOR('',#11787,1.);
#7544=VECTOR('',#11788,1.);
#7545=VECTOR('',#11789,1.);
#7546=VECTOR('',#11790,1.);
#7547=VECTOR('',#11791,1.);
#7548=VECTOR('',#11792,1.);
#7549=VECTOR('',#11793,1.);
#7550=VECTOR('',#11794,1.);
#7551=VECTOR('',#11795,1.);
#7552=VECTOR('',#11796,1.);
#7553=VECTOR('',#11797,1.);
#7554=VECTOR('',#11798,1.);
#7555=VECTOR('',#11799,1.);
#7556=VECTOR('',#11800,1.);
#7557=VECTOR('',#11801,1.);
#7558=VECTOR('',#11802,1.);
#7559=VECTOR('',#11803,1.);
#7560=VECTOR('',#11804,1.);
#7561=VECTOR('',#11805,1.);
#7562=VECTOR('',#11806,1.);
#7563=VECTOR('',#11807,1.);
#7564=VECTOR('',#11808,1.);
#7565=VECTOR('',#11809,1.);
#7566=VECTOR('',#11810,1.);
#7567=VECTOR('',#11811,1.);
#7568=VECTOR('',#11812,1.);
#7569=VECTOR('',#11813,1.);
#7570=VECTOR('',#11814,1.);
#7571=VECTOR('',#11815,1.);
#7572=VECTOR('',#11816,1.);
#7573=VECTOR('',#11817,1.);
#7574=VECTOR('',#11818,1.);
#7575=VECTOR('',#11819,1.);
#7576=VECTOR('',#11820,1.);
#7577=VECTOR('',#11821,1.);
#7578=VECTOR('',#11822,1.);
#7579=VECTOR('',#11823,1.);
#7580=VECTOR('',#11824,1.);
#7581=VECTOR('',#11825,1.);
#7582=VECTOR('',#11826,1.);
#7583=VECTOR('',#11827,1.);
#7584=VECTOR('',#11828,1.);
#7585=VECTOR('',#11829,1.);
#7586=VECTOR('',#11830,1.);
#7587=VECTOR('',#11831,1.);
#7588=VECTOR('',#11832,1.);
#7589=VECTOR('',#11833,1.);
#7590=VECTOR('',#11834,1.);
#7591=VECTOR('',#11835,1.);
#7592=VECTOR('',#11836,1.);
#7593=VECTOR('',#11837,1.);
#7594=VECTOR('',#11838,1.);
#7595=VECTOR('',#11839,1.);
#7596=VECTOR('',#11840,1.);
#7597=VECTOR('',#11841,1.);
#7598=VECTOR('',#11842,1.);
#7599=VECTOR('',#11843,1.);
#7600=VECTOR('',#11844,1.);
#7601=VECTOR('',#11845,1.);
#7602=VECTOR('',#11846,1.);
#7603=VECTOR('',#11847,1.);
#7604=VECTOR('',#11848,1.);
#7605=VECTOR('',#11849,1.);
#7606=VECTOR('',#11850,1.);
#7607=VECTOR('',#11851,1.);
#7608=VECTOR('',#11852,1.);
#7609=VECTOR('',#11853,1.);
#7610=VECTOR('',#11854,1.);
#7611=VECTOR('',#11855,1.);
#7612=VECTOR('',#11856,1.);
#7613=VECTOR('',#11857,1.);
#7614=VECTOR('',#11858,1.);
#7615=VECTOR('',#11859,1.);
#7616=VECTOR('',#11860,1.);
#7617=VECTOR('',#11861,1.);
#7618=VECTOR('',#11862,1.);
#7619=VECTOR('',#11863,1.);
#7620=VECTOR('',#11864,1.);
#7621=VECTOR('',#11865,1.);
#7622=VECTOR('',#11866,1.);
#7623=VECTOR('',#11867,1.);
#7624=VECTOR('',#11868,1.);
#7625=VECTOR('',#11869,1.);
#7626=VECTOR('',#11870,1.);
#7627=VECTOR('',#11871,1.);
#7628=VECTOR('',#11872,1.);
#7629=VECTOR('',#11873,1.);
#7630=VECTOR('',#11874,1.);
#7631=VECTOR('',#11875,1.);
#7632=VECTOR('',#11876,1.);
#7633=VECTOR('',#11877,1.);
#7634=VECTOR('',#11878,1.);
#7635=VECTOR('',#11879,1.);
#7636=VECTOR('',#11880,1.);
#7637=VECTOR('',#11881,1.);
#7638=VECTOR('',#11882,1.);
#7639=VECTOR('',#11883,1.);
#7640=VECTOR('',#11884,1.);
#7641=VECTOR('',#11885,1.);
#7642=VECTOR('',#11886,1.);
#7643=VECTOR('',#11887,1.);
#7644=VECTOR('',#11888,1.);
#7645=VECTOR('',#11889,1.);
#7646=VECTOR('',#11890,1.);
#7647=VECTOR('',#11891,1.);
#7648=VECTOR('',#11892,1.);
#7649=VECTOR('',#11893,1.);
#7650=VECTOR('',#11894,1.);
#7651=VECTOR('',#11895,1.);
#7652=VECTOR('',#11896,1.);
#7653=VECTOR('',#11897,1.);
#7654=VECTOR('',#11898,1.);
#7655=VECTOR('',#11899,1.);
#7656=VECTOR('',#11900,1.);
#7657=VECTOR('',#11901,1.);
#7658=VECTOR('',#11902,1.);
#7659=VECTOR('',#11903,1.);
#7660=VECTOR('',#11904,1.);
#7661=VECTOR('',#11905,1.);
#7662=VECTOR('',#11906,1.);
#7663=VECTOR('',#11907,1.);
#7664=VECTOR('',#11908,1.);
#7665=VECTOR('',#11909,1.);
#7666=VECTOR('',#11910,1.);
#7667=VECTOR('',#11911,1.);
#7668=VECTOR('',#11912,1.);
#7669=VECTOR('',#11913,1.);
#7670=VECTOR('',#11914,1.);
#7671=VECTOR('',#11915,1.);
#7672=VECTOR('',#11916,1.);
#7673=VECTOR('',#11917,1.);
#7674=VECTOR('',#11918,1.);
#7675=VECTOR('',#11919,1.);
#7676=VECTOR('',#11920,1.);
#7677=VECTOR('',#11921,1.);
#7678=VECTOR('',#11922,1.);
#7679=VECTOR('',#11923,1.);
#7680=VECTOR('',#11924,1.);
#7681=VECTOR('',#11925,1.);
#7682=VECTOR('',#11926,1.);
#7683=VECTOR('',#11927,1.);
#7684=VECTOR('',#11928,1.);
#7685=VECTOR('',#11929,1.);
#7686=VECTOR('',#11930,1.);
#7687=VECTOR('',#11931,1.);
#7688=VECTOR('',#11932,1.);
#7689=VECTOR('',#11933,1.);
#7690=VECTOR('',#11934,1.);
#7691=VECTOR('',#11935,1.);
#7692=VECTOR('',#11936,1.);
#7693=VECTOR('',#11937,1.);
#7694=VECTOR('',#11938,1.);
#7695=VECTOR('',#11939,1.);
#7696=VECTOR('',#11940,1.);
#7697=VECTOR('',#11941,1.);
#7698=VECTOR('',#11942,1.);
#7699=VECTOR('',#11943,1.);
#7700=VECTOR('',#11944,1.);
#7701=VECTOR('',#11945,1.);
#7702=VECTOR('',#11946,1.);
#7703=VECTOR('',#11947,1.);
#7704=VECTOR('',#11948,1.);
#7705=VECTOR('',#11949,1.);
#7706=VECTOR('',#11950,1.);
#7707=VECTOR('',#11951,1.);
#7708=VECTOR('',#11952,1.);
#7709=VECTOR('',#11953,1.);
#7710=VECTOR('',#11954,1.);
#7711=VECTOR('',#11955,1.);
#7712=VECTOR('',#11956,1.);
#7713=VECTOR('',#11957,1.);
#7714=VECTOR('',#11958,1.);
#7715=VECTOR('',#11959,1.);
#7716=VECTOR('',#11960,1.);
#7717=VECTOR('',#11961,1.);
#7718=VECTOR('',#11962,1.);
#7719=VECTOR('',#11963,1.);
#7720=VECTOR('',#11964,1.);
#7721=VECTOR('',#11965,1.);
#7722=VECTOR('',#11966,1.);
#7723=VECTOR('',#11967,1.);
#7724=VECTOR('',#11968,1.);
#7725=VECTOR('',#11969,1.);
#7726=VECTOR('',#11970,1.);
#7727=VECTOR('',#11971,1.);
#7728=VECTOR('',#11972,1.);
#7729=VECTOR('',#11973,1.);
#7730=VECTOR('',#11974,1.);
#7731=VECTOR('',#11975,1.);
#7732=VECTOR('',#11976,1.);
#7733=VECTOR('',#11977,1.);
#7734=VECTOR('',#11978,1.);
#7735=VECTOR('',#11979,1.);
#7736=VECTOR('',#11980,1.);
#7737=VECTOR('',#11981,1.);
#7738=VECTOR('',#11982,1.);
#7739=VECTOR('',#11983,1.);
#7740=VECTOR('',#11984,1.);
#7741=VECTOR('',#11985,1.);
#7742=VECTOR('',#11986,1.);
#7743=VECTOR('',#11987,1.);
#7744=VECTOR('',#11988,1.);
#7745=VECTOR('',#11989,1.);
#7746=VECTOR('',#11990,1.);
#7747=VECTOR('',#11991,1.);
#7748=VECTOR('',#11992,1.);
#7749=VECTOR('',#11995,1.);
#7750=VECTOR('',#11996,1.);
#7751=VECTOR('',#11997,1.);
#7752=VECTOR('',#11998,1.);
#7753=VECTOR('',#11999,1.);
#7754=VECTOR('',#12000,1.);
#7755=VECTOR('',#12001,1.);
#7756=VECTOR('',#12002,1.);
#7757=VECTOR('',#12003,1.);
#7758=VECTOR('',#12004,1.);
#7759=VECTOR('',#12005,1.);
#7760=VECTOR('',#12006,1.);
#7761=VECTOR('',#12007,1.);
#7762=VECTOR('',#12008,1.);
#7763=VECTOR('',#12009,1.);
#7764=VECTOR('',#12010,1.);
#7765=VECTOR('',#12011,1.);
#7766=VECTOR('',#12012,1.);
#7767=VECTOR('',#12013,1.);
#7768=VECTOR('',#12014,1.);
#7769=VECTOR('',#12015,1.);
#7770=VECTOR('',#12016,1.);
#7771=VECTOR('',#12017,1.);
#7772=VECTOR('',#12018,1.);
#7773=VECTOR('',#12019,1.);
#7774=VECTOR('',#12020,1.);
#7775=VECTOR('',#12021,1.);
#7776=VECTOR('',#12022,1.);
#7777=VECTOR('',#12023,1.);
#7778=VECTOR('',#12024,1.);
#7779=VECTOR('',#12025,1.);
#7780=VECTOR('',#12026,1.);
#7781=VECTOR('',#12027,1.);
#7782=VECTOR('',#12028,1.);
#7783=VECTOR('',#12029,1.);
#7784=VECTOR('',#12030,1.);
#7785=VECTOR('',#12031,1.);
#7786=VECTOR('',#12032,1.);
#7787=VECTOR('',#12033,1.);
#7788=VECTOR('',#12034,1.);
#7789=VECTOR('',#12035,1.);
#7790=VECTOR('',#12036,1.);
#7791=VECTOR('',#12037,1.);
#7792=VECTOR('',#12038,1.);
#7793=VECTOR('',#12039,1.);
#7794=VECTOR('',#12040,1.);
#7795=VECTOR('',#12041,1.);
#7796=VECTOR('',#12042,1.);
#7797=VECTOR('',#12043,1.);
#7798=VECTOR('',#12044,1.);
#7799=VECTOR('',#12045,1.);
#7800=VECTOR('',#12046,1.);
#7801=VECTOR('',#12047,1.);
#7802=VECTOR('',#12048,1.);
#7803=VECTOR('',#12049,1.);
#7804=VECTOR('',#12050,1.);
#7805=VECTOR('',#12051,1.);
#7806=VECTOR('',#12052,1.);
#7807=VECTOR('',#12053,1.);
#7808=VECTOR('',#12054,1.);
#7809=VECTOR('',#12055,1.);
#7810=VECTOR('',#12056,1.);
#7811=VECTOR('',#12057,1.);
#7812=VECTOR('',#12058,1.);
#7813=VECTOR('',#12059,1.);
#7814=VECTOR('',#12060,1.);
#7815=VECTOR('',#12061,1.);
#7816=VECTOR('',#12062,1.);
#7817=VECTOR('',#12063,1.);
#7818=VECTOR('',#12064,1.);
#7819=VECTOR('',#12065,1.);
#7820=VECTOR('',#12066,1.);
#7821=VECTOR('',#12067,1.);
#7822=VECTOR('',#12068,1.);
#7823=VECTOR('',#12069,1.);
#7824=VECTOR('',#12070,1.);
#7825=VECTOR('',#12071,1.);
#7826=VECTOR('',#12072,1.);
#7827=VECTOR('',#12073,1.);
#7828=VECTOR('',#12074,1.);
#7829=VECTOR('',#12075,1.);
#7830=VECTOR('',#12076,1.);
#7831=VECTOR('',#12077,1.);
#7832=VECTOR('',#12078,1.);
#7833=VECTOR('',#12079,1.);
#7834=VECTOR('',#12080,1.);
#7835=VECTOR('',#12081,1.);
#7836=VECTOR('',#12082,1.);
#7837=VECTOR('',#12083,1.);
#7838=VECTOR('',#12084,1.);
#7839=VECTOR('',#12085,1.);
#7840=VECTOR('',#12086,1.);
#7841=VECTOR('',#12087,1.);
#7842=VECTOR('',#12088,1.);
#7843=VECTOR('',#12089,1.);
#7844=VECTOR('',#12090,1.);
#7845=VECTOR('',#12091,1.);
#7846=VECTOR('',#12092,1.);
#7847=VECTOR('',#12093,1.);
#7848=VECTOR('',#12094,1.);
#7849=VECTOR('',#12095,1.);
#7850=VECTOR('',#12096,1.);
#7851=VECTOR('',#12097,1.);
#7852=VECTOR('',#12098,1.);
#7853=VECTOR('',#12099,1.);
#7854=VECTOR('',#12100,1.);
#7855=VECTOR('',#12101,1.);
#7856=VECTOR('',#12102,1.);
#7857=VECTOR('',#12103,1.);
#7858=VECTOR('',#12104,1.);
#7859=VECTOR('',#12105,1.);
#7860=VECTOR('',#12106,1.);
#7861=VECTOR('',#12107,1.);
#7862=VECTOR('',#12108,1.);
#7863=VECTOR('',#12109,1.);
#7864=VECTOR('',#12110,1.);
#7865=VECTOR('',#12111,1.);
#7866=VECTOR('',#12112,1.);
#7867=VECTOR('',#12113,1.);
#7868=VECTOR('',#12114,1.);
#7869=VECTOR('',#12115,1.);
#7870=VECTOR('',#12116,1.);
#7871=VECTOR('',#12117,1.);
#7872=VECTOR('',#12118,1.);
#7873=VECTOR('',#12119,1.);
#7874=VECTOR('',#12120,1.);
#7875=VECTOR('',#12121,1.);
#7876=VECTOR('',#12122,1.);
#7877=VECTOR('',#12123,1.);
#7878=VECTOR('',#12124,1.);
#7879=VECTOR('',#12125,1.);
#7880=VECTOR('',#12126,1.);
#7881=VECTOR('',#12127,1.);
#7882=VECTOR('',#12128,1.);
#7883=VECTOR('',#12129,1.);
#7884=VECTOR('',#12130,1.);
#7885=VECTOR('',#12131,1.);
#7886=VECTOR('',#12132,1.);
#7887=VECTOR('',#12133,1.);
#7888=VECTOR('',#12134,1.);
#7889=VECTOR('',#12135,1.);
#7890=VECTOR('',#12136,1.);
#7891=VECTOR('',#12137,1.);
#7892=VECTOR('',#12138,1.);
#7893=VECTOR('',#12139,1.);
#7894=VECTOR('',#12140,1.);
#7895=VECTOR('',#12141,1.);
#7896=VECTOR('',#12142,1.);
#7897=VECTOR('',#12143,1.);
#7898=VECTOR('',#12144,1.);
#7899=VECTOR('',#12145,1.);
#7900=VECTOR('',#12146,1.);
#7901=VECTOR('',#12147,1.);
#7902=VECTOR('',#12148,1.);
#7903=VECTOR('',#12149,1.);
#7904=VECTOR('',#12150,1.);
#7905=VECTOR('',#12151,1.);
#7906=VECTOR('',#12152,1.);
#7907=VECTOR('',#12153,1.);
#7908=VECTOR('',#12154,1.);
#7909=VECTOR('',#12155,1.);
#7910=VECTOR('',#12156,1.);
#7911=VECTOR('',#12157,1.);
#7912=VECTOR('',#12158,1.);
#7913=VECTOR('',#12159,1.);
#7914=VECTOR('',#12160,1.);
#7915=VECTOR('',#12161,1.);
#7916=VECTOR('',#12162,1.);
#7917=VECTOR('',#12163,1.);
#7918=VECTOR('',#12164,1.);
#7919=VECTOR('',#12165,1.);
#7920=VECTOR('',#12166,1.);
#7921=VECTOR('',#12167,1.);
#7922=VECTOR('',#12168,1.);
#7923=VECTOR('',#12169,1.);
#7924=VECTOR('',#12170,1.);
#7925=VECTOR('',#12171,1.);
#7926=VECTOR('',#12172,1.);
#7927=VECTOR('',#12173,1.);
#7928=VECTOR('',#12174,1.);
#7929=VECTOR('',#12175,1.);
#7930=VECTOR('',#12176,1.);
#7931=VECTOR('',#12177,1.);
#7932=VECTOR('',#12178,1.);
#7933=VECTOR('',#12179,1.);
#7934=VECTOR('',#12180,1.);
#7935=VECTOR('',#12181,1.);
#7936=VECTOR('',#12182,1.);
#7937=VECTOR('',#12183,1.);
#7938=VECTOR('',#12184,1.);
#7939=VECTOR('',#12185,1.);
#7940=VECTOR('',#12186,1.);
#7941=VECTOR('',#12187,1.);
#7942=VECTOR('',#12188,1.);
#7943=VECTOR('',#12189,1.);
#7944=VECTOR('',#12190,1.);
#7945=VECTOR('',#12191,1.);
#7946=VECTOR('',#12192,1.);
#7947=VECTOR('',#12193,1.);
#7948=VECTOR('',#12194,1.);
#7949=VECTOR('',#12195,1.);
#7950=VECTOR('',#12196,1.);
#7951=VECTOR('',#12197,1.);
#7952=VECTOR('',#12198,1.);
#7953=VECTOR('',#12199,1.);
#7954=VECTOR('',#12200,1.);
#7955=VECTOR('',#12201,1.);
#7956=VECTOR('',#12202,1.);
#7957=VECTOR('',#12203,1.);
#7958=VECTOR('',#12204,1.);
#7959=VECTOR('',#12205,1.);
#7960=VECTOR('',#12206,1.);
#7961=VECTOR('',#12207,1.);
#7962=VECTOR('',#12208,1.);
#7963=VECTOR('',#12209,1.);
#7964=VECTOR('',#12210,1.);
#7965=VECTOR('',#12211,1.);
#7966=VECTOR('',#12212,1.);
#7967=VECTOR('',#12213,1.);
#7968=VECTOR('',#12214,1.);
#7969=VECTOR('',#12215,1.);
#7970=VECTOR('',#12216,1.);
#7971=VECTOR('',#12217,1.);
#7972=VECTOR('',#12218,1.);
#7973=VECTOR('',#12219,1.);
#7974=VECTOR('',#12220,1.);
#7975=VECTOR('',#12221,1.);
#7976=VECTOR('',#12222,1.);
#7977=VECTOR('',#12223,1.);
#7978=VECTOR('',#12224,1.);
#7979=VECTOR('',#12225,1.);
#7980=VECTOR('',#12226,1.);
#7981=VECTOR('',#12227,1.);
#7982=VECTOR('',#12228,1.);
#7983=VECTOR('',#12229,1.);
#7984=VECTOR('',#12230,1.);
#7985=VECTOR('',#12231,1.);
#7986=VECTOR('',#12232,1.);
#7987=VECTOR('',#12233,1.);
#7988=VECTOR('',#12234,1.);
#7989=VECTOR('',#12235,1.);
#7990=VECTOR('',#12236,1.);
#7991=VECTOR('',#12237,1.);
#7992=VECTOR('',#12238,1.);
#7993=VECTOR('',#12239,1.);
#7994=VECTOR('',#12240,1.);
#7995=VECTOR('',#12241,1.);
#7996=VECTOR('',#12242,1.);
#7997=VECTOR('',#12243,1.);
#7998=VECTOR('',#12244,1.);
#7999=VECTOR('',#12245,1.);
#8000=VECTOR('',#12246,1.);
#8001=VECTOR('',#12247,1.);
#8002=VECTOR('',#12248,1.);
#8003=VECTOR('',#12249,1.);
#8004=VECTOR('',#12250,1.);
#8005=VECTOR('',#12251,1.);
#8006=VECTOR('',#12252,1.);
#8007=VECTOR('',#12253,1.);
#8008=VECTOR('',#12254,1.);
#8009=VECTOR('',#12255,1.);
#8010=VECTOR('',#12256,1.);
#8011=VECTOR('',#12257,1.);
#8012=VECTOR('',#12258,1.);
#8013=VECTOR('',#12259,1.);
#8014=VECTOR('',#12260,1.);
#8015=VECTOR('',#12261,1.);
#8016=VECTOR('',#12262,1.);
#8017=VECTOR('',#12263,1.);
#8018=VECTOR('',#12264,1.);
#8019=VECTOR('',#12265,1.);
#8020=VECTOR('',#12266,1.);
#8021=VECTOR('',#12267,1.);
#8022=VECTOR('',#12268,1.);
#8023=VECTOR('',#12269,1.);
#8024=VECTOR('',#12270,1.);
#8025=VECTOR('',#12271,1.);
#8026=VECTOR('',#12272,1.);
#8027=VECTOR('',#12273,1.);
#8028=VECTOR('',#12274,1.);
#8029=VECTOR('',#12275,1.);
#8030=VECTOR('',#12276,1.);
#8031=VECTOR('',#12277,1.);
#8032=VECTOR('',#12278,1.);
#8033=VECTOR('',#12279,1.);
#8034=VECTOR('',#12280,1.);
#8035=VECTOR('',#12281,1.);
#8036=VECTOR('',#12282,1.);
#8037=VECTOR('',#12283,1.);
#8038=VECTOR('',#12284,1.);
#8039=VECTOR('',#12285,1.);
#8040=VECTOR('',#12286,1.);
#8041=VECTOR('',#12287,1.);
#8042=VECTOR('',#12288,1.);
#8043=VECTOR('',#12289,1.);
#8044=VECTOR('',#12290,1.);
#8045=VECTOR('',#12291,1.);
#8046=VECTOR('',#12292,1.);
#8047=VECTOR('',#12293,1.);
#8048=VECTOR('',#12294,1.);
#8049=VECTOR('',#12295,1.);
#8050=VECTOR('',#12296,1.);
#8051=VECTOR('',#12297,1.);
#8052=VECTOR('',#12298,1.);
#8053=VECTOR('',#12299,1.);
#8054=VECTOR('',#12300,1.);
#8055=VECTOR('',#12301,1.);
#8056=VECTOR('',#12302,1.);
#8057=VECTOR('',#12303,1.);
#8058=VECTOR('',#12304,1.);
#8059=VECTOR('',#12305,1.);
#8060=VECTOR('',#12306,1.);
#8061=VECTOR('',#12307,1.);
#8062=VECTOR('',#12308,1.);
#8063=VECTOR('',#12309,1.);
#8064=VECTOR('',#12310,1.);
#8065=VECTOR('',#12311,1.);
#8066=VECTOR('',#12312,1.);
#8067=VECTOR('',#12313,1.);
#8068=VECTOR('',#12314,1.);
#8069=VECTOR('',#12315,1.);
#8070=VECTOR('',#12316,1.);
#8071=VECTOR('',#12317,1.);
#8072=VECTOR('',#12318,1.);
#8073=VECTOR('',#12319,1.);
#8074=VECTOR('',#12320,1.);
#8075=VECTOR('',#12321,1.);
#8076=VECTOR('',#12322,1.);
#8077=VECTOR('',#12323,1.);
#8078=VECTOR('',#12324,1.);
#8079=VECTOR('',#12325,1.);
#8080=VECTOR('',#12326,1.);
#8081=VECTOR('',#12327,1.);
#8082=VECTOR('',#12328,1.);
#8083=VECTOR('',#12329,1.);
#8084=VECTOR('',#12330,1.);
#8085=VECTOR('',#12331,1.);
#8086=VECTOR('',#12332,1.);
#8087=VECTOR('',#12333,1.);
#8088=VECTOR('',#12334,1.);
#8089=VECTOR('',#12335,1.);
#8090=VECTOR('',#12336,1.);
#8091=VECTOR('',#12337,1.);
#8092=VECTOR('',#12338,1.);
#8093=VECTOR('',#12339,1.);
#8094=VECTOR('',#12340,1.);
#8095=VECTOR('',#12341,1.);
#8096=VECTOR('',#12342,1.);
#8097=VECTOR('',#12343,1.);
#8098=VECTOR('',#12344,1.);
#8099=VECTOR('',#12345,1.);
#8100=VECTOR('',#12346,1.);
#8101=VECTOR('',#12347,1.);
#8102=VECTOR('',#12350,1.);
#8103=VECTOR('',#12351,1.);
#8104=VECTOR('',#12352,1.);
#8105=VECTOR('',#12355,1.);
#8106=VECTOR('',#12356,1.);
#8107=VECTOR('',#12359,1.);
#8108=VECTOR('',#12360,1.);
#8109=VECTOR('',#12363,1.);
#8110=VECTOR('',#12364,1.);
#8111=VECTOR('',#12367,1.);
#8112=VECTOR('',#12368,1.);
#8113=VECTOR('',#12371,1.);
#8114=VECTOR('',#12372,1.);
#8115=VECTOR('',#12375,1.);
#8116=VECTOR('',#12376,1.);
#8117=VECTOR('',#12379,1.);
#8118=VECTOR('',#12380,1.);
#8119=VECTOR('',#12383,1.);
#8120=VECTOR('',#12384,1.);
#8121=VECTOR('',#12387,1.);
#8122=VECTOR('',#12388,1.);
#8123=VECTOR('',#12391,1.);
#8124=VECTOR('',#12392,1.);
#8125=VECTOR('',#12395,1.);
#8126=VECTOR('',#12396,1.);
#8127=VECTOR('',#12399,1.);
#8128=VECTOR('',#12400,1.);
#8129=VECTOR('',#12403,1.);
#8130=VECTOR('',#12404,1.);
#8131=VECTOR('',#12407,1.);
#8132=VECTOR('',#12410,1.);
#8133=VECTOR('',#12413,1.);
#8134=VECTOR('',#12416,1.);
#8135=VECTOR('',#12419,1.);
#8136=VECTOR('',#12422,1.);
#8137=VECTOR('',#12427,1.);
#8138=VECTOR('',#12428,1.);
#8139=VECTOR('',#12431,1.);
#8140=VECTOR('',#12432,1.);
#8141=VECTOR('',#12435,1.);
#8142=VECTOR('',#12436,1.);
#8143=VECTOR('',#12439,1.);
#8144=VECTOR('',#12440,1.);
#8145=VECTOR('',#12443,1.);
#8146=VECTOR('',#12444,1.);
#8147=VECTOR('',#12447,1.);
#8148=VECTOR('',#12448,1.);
#8149=VECTOR('',#12451,1.);
#8150=VECTOR('',#12452,1.);
#8151=VECTOR('',#12455,1.);
#8152=VECTOR('',#12456,1.);
#8153=VECTOR('',#12459,1.);
#8154=VECTOR('',#12460,1.);
#8155=VECTOR('',#12463,1.);
#8156=VECTOR('',#12464,1.);
#8157=VECTOR('',#12467,1.);
#8158=VECTOR('',#12468,1.);
#8159=VECTOR('',#12471,1.);
#8160=VECTOR('',#12472,1.);
#8161=VECTOR('',#12475,1.);
#8162=VECTOR('',#12476,1.);
#8163=VECTOR('',#12479,1.);
#8164=VECTOR('',#12480,1.);
#8165=VECTOR('',#12483,1.);
#8166=VECTOR('',#12484,1.);
#8167=VECTOR('',#12487,1.);
#8168=VECTOR('',#12488,1.);
#8169=VECTOR('',#12491,1.);
#8170=VECTOR('',#12492,1.);
#8171=VECTOR('',#12495,1.);
#8172=VECTOR('',#12496,1.);
#8173=VECTOR('',#12499,1.);
#8174=VECTOR('',#12500,1.);
#8175=VECTOR('',#12503,1.);
#8176=VECTOR('',#12504,1.);
#8177=VECTOR('',#12507,1.);
#8178=VECTOR('',#12508,1.);
#8179=VECTOR('',#12511,1.);
#8180=VECTOR('',#12512,1.);
#8181=VECTOR('',#12515,1.);
#8182=VECTOR('',#12516,1.);
#8183=VECTOR('',#12519,1.);
#8184=VECTOR('',#12520,1.);
#8185=VECTOR('',#12523,1.);
#8186=VECTOR('',#12524,1.);
#8187=VECTOR('',#12527,1.);
#8188=VECTOR('',#12528,1.);
#8189=VECTOR('',#12531,1.);
#8190=VECTOR('',#12532,1.);
#8191=VECTOR('',#12535,1.);
#8192=VECTOR('',#12536,1.);
#8193=VECTOR('',#12539,1.);
#8194=VECTOR('',#12540,1.);
#8195=VECTOR('',#12543,1.);
#8196=VECTOR('',#12544,1.);
#8197=VECTOR('',#12547,1.);
#8198=VECTOR('',#12548,1.);
#8199=VECTOR('',#12551,1.);
#8200=VECTOR('',#12552,1.);
#8201=VECTOR('',#12555,1.);
#8202=VECTOR('',#12556,1.);
#8203=VECTOR('',#12559,1.);
#8204=VECTOR('',#12560,1.);
#8205=VECTOR('',#12563,1.);
#8206=VECTOR('',#12564,1.);
#8207=VECTOR('',#12567,1.);
#8208=VECTOR('',#12568,1.);
#8209=VECTOR('',#12571,1.);
#8210=VECTOR('',#12572,1.);
#8211=VECTOR('',#12575,1.);
#8212=VECTOR('',#12576,1.);
#8213=VECTOR('',#12579,1.);
#8214=VECTOR('',#12580,1.);
#8215=VECTOR('',#12583,1.);
#8216=VECTOR('',#12584,1.);
#8217=VECTOR('',#12587,1.);
#8218=VECTOR('',#12588,1.);
#8219=VECTOR('',#12591,1.);
#8220=VECTOR('',#12592,1.);
#8221=VECTOR('',#12595,1.);
#8222=VECTOR('',#12596,1.);
#8223=VECTOR('',#12599,1.);
#8224=VECTOR('',#12600,1.);
#8225=VECTOR('',#12603,1.);
#8226=VECTOR('',#12604,1.);
#8227=VECTOR('',#12607,1.);
#8228=VECTOR('',#12608,1.);
#8229=VECTOR('',#12611,1.);
#8230=VECTOR('',#12612,1.);
#8231=VECTOR('',#12615,1.);
#8232=VECTOR('',#12616,1.);
#8233=VECTOR('',#12619,1.);
#8234=VECTOR('',#12620,1.);
#8235=VECTOR('',#12623,1.);
#8236=VECTOR('',#12624,1.);
#8237=VECTOR('',#12627,1.);
#8238=VECTOR('',#12628,1.);
#8239=VECTOR('',#12631,1.);
#8240=VECTOR('',#12632,1.);
#8241=VECTOR('',#12635,1.);
#8242=VECTOR('',#12636,1.);
#8243=VECTOR('',#12639,1.);
#8244=VECTOR('',#12640,1.);
#8245=VECTOR('',#12643,1.);
#8246=VECTOR('',#12644,1.);
#8247=VECTOR('',#12647,1.);
#8248=VECTOR('',#12648,1.);
#8249=VECTOR('',#12651,1.);
#8250=VECTOR('',#12652,1.);
#8251=VECTOR('',#12655,1.);
#8252=VECTOR('',#12656,1.);
#8253=VECTOR('',#12659,1.);
#8254=VECTOR('',#12660,1.);
#8255=VECTOR('',#12663,1.);
#8256=VECTOR('',#12664,1.);
#8257=VECTOR('',#12667,1.);
#8258=VECTOR('',#12668,1.);
#8259=VECTOR('',#12671,1.);
#8260=VECTOR('',#12672,1.);
#8261=VECTOR('',#12675,1.);
#8262=VECTOR('',#12676,1.);
#8263=VECTOR('',#12679,1.);
#8264=VECTOR('',#12680,1.);
#8265=VECTOR('',#12683,1.);
#8266=VECTOR('',#12684,1.);
#8267=VECTOR('',#12687,1.);
#8268=VECTOR('',#12688,1.);
#8269=VECTOR('',#12691,1.);
#8270=VECTOR('',#12692,1.);
#8271=VECTOR('',#12695,1.);
#8272=VECTOR('',#12696,1.);
#8273=VECTOR('',#12699,1.);
#8274=VECTOR('',#12700,1.);
#8275=VECTOR('',#12703,1.);
#8276=VECTOR('',#12704,1.);
#8277=VECTOR('',#12707,1.);
#8278=VECTOR('',#12708,1.);
#8279=VECTOR('',#12711,1.);
#8280=VECTOR('',#12712,1.);
#8281=VECTOR('',#12715,1.);
#8282=VECTOR('',#12716,1.);
#8283=VECTOR('',#12719,1.);
#8284=VECTOR('',#12720,1.);
#8285=VECTOR('',#12723,1.);
#8286=VECTOR('',#12724,1.);
#8287=VECTOR('',#12727,1.);
#8288=VECTOR('',#12728,1.);
#8289=VECTOR('',#12731,1.);
#8290=VECTOR('',#12732,1.);
#8291=VECTOR('',#12735,1.);
#8292=VECTOR('',#12736,1.);
#8293=VECTOR('',#12739,1.);
#8294=VECTOR('',#12742,1.);
#8295=VECTOR('',#12743,1.);
#8296=VECTOR('',#12746,1.);
#8297=VECTOR('',#12747,1.);
#8298=VECTOR('',#12750,1.);
#8299=VECTOR('',#12751,1.);
#8300=VECTOR('',#12754,1.);
#8301=VECTOR('',#12755,1.);
#8302=VECTOR('',#12758,1.);
#8303=VECTOR('',#12759,1.);
#8304=VECTOR('',#12762,1.);
#8305=VECTOR('',#12763,1.);
#8306=VECTOR('',#12766,1.);
#8307=VECTOR('',#12767,1.);
#8308=VECTOR('',#12770,1.);
#8309=VECTOR('',#12771,1.);
#8310=VECTOR('',#12774,1.);
#8311=VECTOR('',#12775,1.);
#8312=VECTOR('',#12778,1.);
#8313=VECTOR('',#12779,1.);
#8314=VECTOR('',#12782,1.);
#8315=VECTOR('',#12783,1.);
#8316=VECTOR('',#12786,1.);
#8317=VECTOR('',#12787,1.);
#8318=VECTOR('',#12790,1.);
#8319=VECTOR('',#12791,1.);
#8320=VECTOR('',#12794,1.);
#8321=VECTOR('',#12795,1.);
#8322=VECTOR('',#12798,1.);
#8323=VECTOR('',#12799,1.);
#8324=VECTOR('',#12802,1.);
#8325=VECTOR('',#12803,1.);
#8326=VECTOR('',#12806,1.);
#8327=VECTOR('',#12807,1.);
#8328=VECTOR('',#12810,1.);
#8329=VECTOR('',#12811,1.);
#8330=VECTOR('',#12814,1.);
#8331=VECTOR('',#12815,1.);
#8332=VECTOR('',#12818,1.);
#8333=VECTOR('',#12819,1.);
#8334=VECTOR('',#12822,1.);
#8335=VECTOR('',#12823,1.);
#8336=VECTOR('',#12826,1.);
#8337=VECTOR('',#12827,1.);
#8338=VECTOR('',#12830,1.);
#8339=VECTOR('',#12831,1.);
#8340=VECTOR('',#12834,1.);
#8341=VECTOR('',#12835,1.);
#8342=VECTOR('',#12838,1.);
#8343=VECTOR('',#12839,1.);
#8344=VECTOR('',#12842,1.);
#8345=VECTOR('',#12843,1.);
#8346=VECTOR('',#12846,1.);
#8347=VECTOR('',#12847,1.);
#8348=VECTOR('',#12850,1.);
#8349=VECTOR('',#12851,1.);
#8350=VECTOR('',#12854,1.);
#8351=VECTOR('',#12855,1.);
#8352=VECTOR('',#12858,1.);
#8353=VECTOR('',#12859,1.);
#8354=VECTOR('',#12862,1.);
#8355=VECTOR('',#12863,1.);
#8356=VECTOR('',#12866,1.);
#8357=VECTOR('',#12867,1.);
#8358=VECTOR('',#12870,1.);
#8359=VECTOR('',#12871,1.);
#8360=VECTOR('',#12874,1.);
#8361=VECTOR('',#12875,1.);
#8362=VECTOR('',#12878,1.);
#8363=VECTOR('',#12879,1.);
#8364=VECTOR('',#12882,1.);
#8365=VECTOR('',#12883,1.);
#8366=VECTOR('',#12886,1.);
#8367=VECTOR('',#12887,1.);
#8368=VECTOR('',#12890,1.);
#8369=VECTOR('',#12891,1.);
#8370=VECTOR('',#12894,1.);
#8371=VECTOR('',#12895,1.);
#8372=VECTOR('',#12898,1.);
#8373=VECTOR('',#12899,1.);
#8374=VECTOR('',#12902,1.);
#8375=VECTOR('',#12903,1.);
#8376=VECTOR('',#12906,1.);
#8377=VECTOR('',#12907,1.);
#8378=VECTOR('',#12910,1.);
#8379=VECTOR('',#12911,1.);
#8380=VECTOR('',#12914,1.);
#8381=VECTOR('',#12915,1.);
#8382=VECTOR('',#12918,1.);
#8383=VECTOR('',#12919,1.);
#8384=VECTOR('',#12922,1.);
#8385=VECTOR('',#12923,1.);
#8386=VECTOR('',#12926,1.);
#8387=VECTOR('',#12927,1.);
#8388=VECTOR('',#12930,1.);
#8389=VECTOR('',#12931,1.);
#8390=VECTOR('',#12934,1.);
#8391=VECTOR('',#12935,1.);
#8392=VECTOR('',#12938,1.);
#8393=VECTOR('',#12939,1.);
#8394=VECTOR('',#12942,1.);
#8395=VECTOR('',#12943,1.);
#8396=VECTOR('',#12946,1.);
#8397=VECTOR('',#12947,1.);
#8398=VECTOR('',#12950,1.);
#8399=VECTOR('',#12953,1.);
#8400=VECTOR('',#12954,1.);
#8401=VECTOR('',#12957,1.);
#8402=VECTOR('',#12958,1.);
#8403=VECTOR('',#12961,1.);
#8404=VECTOR('',#12962,1.);
#8405=VECTOR('',#12965,1.);
#8406=VECTOR('',#12966,1.);
#8407=VECTOR('',#12969,1.);
#8408=VECTOR('',#12970,1.);
#8409=VECTOR('',#12973,1.);
#8410=VECTOR('',#12974,1.);
#8411=VECTOR('',#12977,1.);
#8412=VECTOR('',#12978,1.);
#8413=VECTOR('',#12981,1.);
#8414=VECTOR('',#12982,1.);
#8415=VECTOR('',#12985,1.);
#8416=VECTOR('',#12986,1.);
#8417=VECTOR('',#12989,1.);
#8418=VECTOR('',#12990,1.);
#8419=VECTOR('',#12993,1.);
#8420=VECTOR('',#12994,1.);
#8421=VECTOR('',#12997,1.);
#8422=VECTOR('',#12998,1.);
#8423=VECTOR('',#13001,1.);
#8424=VECTOR('',#13002,1.);
#8425=VECTOR('',#13005,1.);
#8426=VECTOR('',#13006,1.);
#8427=VECTOR('',#13009,1.);
#8428=VECTOR('',#13010,1.);
#8429=VECTOR('',#13013,1.);
#8430=VECTOR('',#13014,1.);
#8431=VECTOR('',#13017,1.);
#8432=VECTOR('',#13018,1.);
#8433=VECTOR('',#13021,1.);
#8434=VECTOR('',#13022,1.);
#8435=VECTOR('',#13025,1.);
#8436=VECTOR('',#13026,1.);
#8437=VECTOR('',#13029,1.);
#8438=VECTOR('',#13030,1.);
#8439=VECTOR('',#13033,1.);
#8440=VECTOR('',#13034,1.);
#8441=VECTOR('',#13037,1.);
#8442=VECTOR('',#13038,1.);
#8443=VECTOR('',#13041,1.);
#8444=VECTOR('',#13042,1.);
#8445=VECTOR('',#13045,1.);
#8446=VECTOR('',#13046,1.);
#8447=VECTOR('',#13049,1.);
#8448=VECTOR('',#13050,1.);
#8449=VECTOR('',#13053,1.);
#8450=VECTOR('',#13054,1.);
#8451=VECTOR('',#13057,1.);
#8452=VECTOR('',#13058,1.);
#8453=VECTOR('',#13061,1.);
#8454=VECTOR('',#13062,1.);
#8455=VECTOR('',#13065,1.);
#8456=VECTOR('',#13066,1.);
#8457=VECTOR('',#13069,1.);
#8458=VECTOR('',#13070,1.);
#8459=VECTOR('',#13073,1.);
#8460=VECTOR('',#13074,1.);
#8461=VECTOR('',#13077,1.);
#8462=VECTOR('',#13078,1.);
#8463=VECTOR('',#13081,1.);
#8464=VECTOR('',#13082,1.);
#8465=VECTOR('',#13085,1.);
#8466=VECTOR('',#13086,1.);
#8467=VECTOR('',#13089,1.);
#8468=VECTOR('',#13090,1.);
#8469=VECTOR('',#13093,1.);
#8470=VECTOR('',#13094,1.);
#8471=VECTOR('',#13097,1.);
#8472=VECTOR('',#13098,1.);
#8473=VECTOR('',#13101,1.);
#8474=VECTOR('',#13102,1.);
#8475=VECTOR('',#13105,1.);
#8476=VECTOR('',#13106,1.);
#8477=VECTOR('',#13109,1.);
#8478=VECTOR('',#13110,1.);
#8479=VECTOR('',#13113,1.);
#8480=VECTOR('',#13114,1.);
#8481=VECTOR('',#13117,1.);
#8482=VECTOR('',#13118,1.);
#8483=VECTOR('',#13121,1.);
#8484=VECTOR('',#13122,1.);
#8485=VECTOR('',#13125,1.);
#8486=VECTOR('',#13126,1.);
#8487=VECTOR('',#13129,1.);
#8488=VECTOR('',#13130,1.);
#8489=VECTOR('',#13133,1.);
#8490=VECTOR('',#13134,1.);
#8491=VECTOR('',#13137,1.);
#8492=VECTOR('',#13138,1.);
#8493=VECTOR('',#13141,1.);
#8494=VECTOR('',#13142,1.);
#8495=VECTOR('',#13145,1.);
#8496=VECTOR('',#13146,1.);
#8497=VECTOR('',#13149,1.);
#8498=VECTOR('',#13150,1.);
#8499=VECTOR('',#13153,1.);
#8500=VECTOR('',#13154,1.);
#8501=VECTOR('',#13157,1.);
#8502=VECTOR('',#13158,1.);
#8503=VECTOR('',#13161,1.);
#8504=VECTOR('',#13162,1.);
#8505=VECTOR('',#13165,1.);
#8506=VECTOR('',#13166,1.);
#8507=VECTOR('',#13169,1.);
#8508=VECTOR('',#13170,1.);
#8509=VECTOR('',#13173,1.);
#8510=VECTOR('',#13174,1.);
#8511=VECTOR('',#13177,1.);
#8512=VECTOR('',#13178,1.);
#8513=VECTOR('',#13181,1.);
#8514=VECTOR('',#13182,1.);
#8515=VECTOR('',#13185,1.);
#8516=VECTOR('',#13186,1.);
#8517=VECTOR('',#13189,1.);
#8518=VECTOR('',#13190,1.);
#8519=VECTOR('',#13193,1.);
#8520=VECTOR('',#13194,1.);
#8521=VECTOR('',#13197,1.);
#8522=VECTOR('',#13198,1.);
#8523=VECTOR('',#13201,1.);
#8524=VECTOR('',#13202,1.);
#8525=VECTOR('',#13205,1.);
#8526=VECTOR('',#13206,1.);
#8527=VECTOR('',#13209,1.);
#8528=VECTOR('',#13210,1.);
#8529=VECTOR('',#13213,1.);
#8530=VECTOR('',#13214,1.);
#8531=VECTOR('',#13217,1.);
#8532=VECTOR('',#13218,1.);
#8533=VECTOR('',#13221,1.);
#8534=VECTOR('',#13222,1.);
#8535=VECTOR('',#13225,1.);
#8536=VECTOR('',#13226,1.);
#8537=VECTOR('',#13229,1.);
#8538=VECTOR('',#13230,1.);
#8539=VECTOR('',#13233,1.);
#8540=VECTOR('',#13234,1.);
#8541=VECTOR('',#13237,1.);
#8542=VECTOR('',#13238,1.);
#8543=VECTOR('',#13241,1.);
#8544=VECTOR('',#13242,1.);
#8545=VECTOR('',#13245,1.);
#8546=VECTOR('',#13246,1.);
#8547=VECTOR('',#13249,1.);
#8548=VECTOR('',#13250,1.);
#8549=VECTOR('',#13253,1.);
#8550=VECTOR('',#13254,1.);
#8551=VECTOR('',#13257,1.);
#8552=VECTOR('',#13258,1.);
#8553=VECTOR('',#13261,1.);
#8554=VECTOR('',#13262,1.);
#8555=VECTOR('',#13265,1.);
#8556=VECTOR('',#13266,1.);
#8557=VECTOR('',#13269,1.);
#8558=VECTOR('',#13270,1.);
#8559=VECTOR('',#13273,1.);
#8560=VECTOR('',#13274,1.);
#8561=VECTOR('',#13277,1.);
#8562=VECTOR('',#13278,1.);
#8563=VECTOR('',#13281,1.);
#8564=VECTOR('',#13282,1.);
#8565=VECTOR('',#13285,1.);
#8566=VECTOR('',#13286,1.);
#8567=VECTOR('',#13289,1.);
#8568=VECTOR('',#13290,1.);
#8569=VECTOR('',#13293,1.);
#8570=VECTOR('',#13294,1.);
#8571=VECTOR('',#13297,1.);
#8572=VECTOR('',#13298,1.);
#8573=VECTOR('',#13301,1.);
#8574=VECTOR('',#13302,1.);
#8575=VECTOR('',#13305,1.);
#8576=VECTOR('',#13306,1.);
#8577=VECTOR('',#13309,1.);
#8578=VECTOR('',#13310,1.);
#8579=VECTOR('',#13313,1.);
#8580=VECTOR('',#13314,1.);
#8581=VECTOR('',#13317,1.);
#8582=VECTOR('',#13318,1.);
#8583=VECTOR('',#13321,1.);
#8584=VECTOR('',#13322,1.);
#8585=VECTOR('',#13325,1.);
#8586=VECTOR('',#13326,1.);
#8587=VECTOR('',#13329,1.);
#8588=VECTOR('',#13330,1.);
#8589=VECTOR('',#13333,1.);
#8590=VECTOR('',#13334,1.);
#8591=VECTOR('',#13337,1.);
#8592=VECTOR('',#13338,1.);
#8593=VECTOR('',#13341,1.);
#8594=VECTOR('',#13342,1.);
#8595=VECTOR('',#13345,1.);
#8596=VECTOR('',#13346,1.);
#8597=VECTOR('',#13349,1.);
#8598=VECTOR('',#13350,1.);
#8599=VECTOR('',#13353,1.);
#8600=VECTOR('',#13354,1.);
#8601=VECTOR('',#13357,1.);
#8602=VECTOR('',#13358,1.);
#8603=VECTOR('',#13361,1.);
#8604=VECTOR('',#13362,1.);
#8605=VECTOR('',#13365,1.);
#8606=VECTOR('',#13366,1.);
#8607=VECTOR('',#13369,1.);
#8608=VECTOR('',#13370,1.);
#8609=VECTOR('',#13373,1.);
#8610=VECTOR('',#13374,1.);
#8611=VECTOR('',#13377,1.);
#8612=VECTOR('',#13378,1.);
#8613=VECTOR('',#13381,1.);
#8614=VECTOR('',#13382,1.);
#8615=VECTOR('',#13385,1.);
#8616=VECTOR('',#13386,1.);
#8617=VECTOR('',#13389,1.);
#8618=VECTOR('',#13390,1.);
#8619=VECTOR('',#13393,1.);
#8620=VECTOR('',#13394,1.);
#8621=VECTOR('',#13397,1.);
#8622=VECTOR('',#13398,1.);
#8623=VECTOR('',#13401,1.);
#8624=VECTOR('',#13402,1.);
#8625=VECTOR('',#13405,1.);
#8626=VECTOR('',#13406,1.);
#8627=VECTOR('',#13409,1.);
#8628=VECTOR('',#13410,1.);
#8629=VECTOR('',#13413,1.);
#8630=VECTOR('',#13414,1.);
#8631=VECTOR('',#13417,1.);
#8632=VECTOR('',#13418,1.);
#8633=VECTOR('',#13421,1.);
#8634=VECTOR('',#13422,1.);
#8635=VECTOR('',#13425,1.);
#8636=VECTOR('',#13426,1.);
#8637=VECTOR('',#13429,1.);
#8638=VECTOR('',#13430,1.);
#8639=VECTOR('',#13433,1.);
#8640=VECTOR('',#13434,1.);
#8641=VECTOR('',#13437,1.);
#8642=VECTOR('',#13438,1.);
#8643=VECTOR('',#13441,1.);
#8644=VECTOR('',#13442,1.);
#8645=VECTOR('',#13445,1.);
#8646=VECTOR('',#13446,1.);
#8647=VECTOR('',#13449,1.);
#8648=VECTOR('',#13450,1.);
#8649=VECTOR('',#13453,1.);
#8650=VECTOR('',#13454,1.);
#8651=VECTOR('',#13457,1.);
#8652=VECTOR('',#13458,1.);
#8653=VECTOR('',#13461,1.);
#8654=VECTOR('',#13462,1.);
#8655=VECTOR('',#13465,1.);
#8656=VECTOR('',#13466,1.);
#8657=VECTOR('',#13469,1.);
#8658=VECTOR('',#13470,1.);
#8659=VECTOR('',#13473,1.);
#8660=VECTOR('',#13474,1.);
#8661=VECTOR('',#13477,1.);
#8662=VECTOR('',#13478,1.);
#8663=VECTOR('',#13481,1.);
#8664=VECTOR('',#13482,1.);
#8665=VECTOR('',#13485,1.);
#8666=VECTOR('',#13486,1.);
#8667=VECTOR('',#13489,1.);
#8668=VECTOR('',#13490,1.);
#8669=VECTOR('',#13493,1.);
#8670=VECTOR('',#13494,1.);
#8671=VECTOR('',#13497,1.);
#8672=VECTOR('',#13498,1.);
#8673=VECTOR('',#13501,1.);
#8674=VECTOR('',#13502,1.);
#8675=VECTOR('',#13505,1.);
#8676=VECTOR('',#13506,1.);
#8677=VECTOR('',#13509,1.);
#8678=VECTOR('',#13510,1.);
#8679=VECTOR('',#13513,1.);
#8680=VECTOR('',#13514,1.);
#8681=VECTOR('',#13517,1.);
#8682=VECTOR('',#13518,1.);
#8683=VECTOR('',#13521,1.);
#8684=VECTOR('',#13522,1.);
#8685=VECTOR('',#13525,1.);
#8686=VECTOR('',#13526,1.);
#8687=VECTOR('',#13529,1.);
#8688=VECTOR('',#13530,1.);
#8689=VECTOR('',#13533,1.);
#8690=VECTOR('',#13534,1.);
#8691=VECTOR('',#13537,1.);
#8692=VECTOR('',#13538,1.);
#8693=VECTOR('',#13541,1.);
#8694=VECTOR('',#13542,1.);
#8695=VECTOR('',#13543,1.);
#8696=VECTOR('',#13546,1.);
#8697=VECTOR('',#13549,1.);
#8698=VECTOR('',#13552,1.);
#8699=VECTOR('',#13553,1.);
#8700=VECTOR('',#13556,1.);
#8701=VECTOR('',#13557,1.);
#8702=VECTOR('',#13560,1.);
#8703=VECTOR('',#13565,1.);
#8704=VECTOR('',#13568,1.);
#8705=VECTOR('',#13571,1.);
#8706=VECTOR('',#13578,1.);
#8707=VECTOR('',#13579,1.);
#8708=VECTOR('',#13582,1.);
#8709=VECTOR('',#13583,1.);
#8710=VECTOR('',#13586,1.);
#8711=VECTOR('',#13587,1.);
#8712=VECTOR('',#13590,1.);
#8713=VECTOR('',#13591,1.);
#8714=VECTOR('',#13594,1.);
#8715=VECTOR('',#13595,1.);
#8716=VECTOR('',#13598,1.);
#8717=VECTOR('',#13599,1.);
#8718=VECTOR('',#13602,1.);
#8719=VECTOR('',#13603,1.);
#8720=VECTOR('',#13606,1.);
#8721=VECTOR('',#13607,1.);
#8722=VECTOR('',#13610,1.);
#8723=VECTOR('',#13611,1.);
#8724=VECTOR('',#13614,1.);
#8725=VECTOR('',#13615,1.);
#8726=VECTOR('',#13618,1.);
#8727=VECTOR('',#13619,1.);
#8728=VECTOR('',#13622,1.);
#8729=VECTOR('',#13623,1.);
#8730=VECTOR('',#13626,1.);
#8731=VECTOR('',#13627,1.);
#8732=VECTOR('',#13630,1.);
#8733=VECTOR('',#13633,1.);
#8734=VECTOR('',#13634,1.);
#8735=VECTOR('',#13645,1.);
#8736=VECTOR('',#13646,1.);
#8737=VECTOR('',#13649,1.);
#8738=VECTOR('',#13652,1.);
#8739=VECTOR('',#13655,1.);
#8740=VECTOR('',#13658,1.);
#8741=VECTOR('',#13661,1.);
#8742=VECTOR('',#13664,1.);
#8743=VECTOR('',#13667,1.);
#8744=VECTOR('',#13670,1.);
#8745=VECTOR('',#13673,1.);
#8746=VECTOR('',#13676,1.);
#8747=VECTOR('',#13679,1.);
#8748=VECTOR('',#13682,1.);
#8749=VECTOR('',#13685,1.);
#8750=VECTOR('',#13688,1.);
#8751=VECTOR('',#13691,1.);
#8752=VECTOR('',#13694,1.);
#8753=VECTOR('',#13697,1.);
#8754=VECTOR('',#13700,1.);
#8755=VECTOR('',#13703,1.);
#8756=VECTOR('',#13706,1.);
#8757=VECTOR('',#13709,1.);
#8758=VECTOR('',#13712,1.);
#8759=VECTOR('',#13715,1.);
#8760=VECTOR('',#13718,1.);
#8761=VECTOR('',#13721,1.);
#8762=VECTOR('',#13724,1.);
#8763=VECTOR('',#13727,1.);
#8764=VECTOR('',#13730,1.);
#8765=VECTOR('',#13733,1.);
#8766=VECTOR('',#13736,1.);
#8767=VECTOR('',#13739,1.);
#8768=VECTOR('',#13742,1.);
#8769=VECTOR('',#13745,1.);
#8770=VECTOR('',#13748,1.);
#8771=VECTOR('',#13753,1.);
#8772=VECTOR('',#13754,1.);
#8773=VECTOR('',#13757,1.);
#8774=VECTOR('',#13760,1.);
#8775=VECTOR('',#13763,1.);
#8776=VECTOR('',#13766,1.);
#8777=VECTOR('',#13769,1.);
#8778=VECTOR('',#13772,1.);
#8779=VECTOR('',#13775,1.);
#8780=VECTOR('',#13778,1.);
#8781=VECTOR('',#13781,1.);
#8782=VECTOR('',#13784,1.);
#8783=VECTOR('',#13787,1.);
#8784=VECTOR('',#13790,1.);
#8785=VECTOR('',#13793,1.);
#8786=VECTOR('',#13796,1.);
#8787=VECTOR('',#13799,1.);
#8788=VECTOR('',#13802,1.);
#8789=VECTOR('',#13805,1.);
#8790=VECTOR('',#13808,1.);
#8791=VECTOR('',#13811,1.);
#8792=VECTOR('',#13814,1.);
#8793=VECTOR('',#13817,1.);
#8794=VECTOR('',#13820,1.);
#8795=VECTOR('',#13823,1.);
#8796=VECTOR('',#13826,1.);
#8797=VECTOR('',#13829,1.);
#8798=VECTOR('',#13832,1.);
#8799=VECTOR('',#13835,1.);
#8800=VECTOR('',#13838,1.);
#8801=VECTOR('',#13841,1.);
#8802=VECTOR('',#13844,1.);
#8803=VECTOR('',#13847,1.);
#8804=VECTOR('',#13850,1.);
#8805=VECTOR('',#13853,1.);
#8806=VECTOR('',#13858,1.);
#8807=VECTOR('',#13859,1.);
#8808=VECTOR('',#13862,1.);
#8809=VECTOR('',#13865,1.);
#8810=VECTOR('',#13868,1.);
#8811=VECTOR('',#13871,1.);
#8812=VECTOR('',#13874,1.);
#8813=VECTOR('',#13877,1.);
#8814=VECTOR('',#13880,1.);
#8815=VECTOR('',#13883,1.);
#8816=VECTOR('',#13886,1.);
#8817=VECTOR('',#13889,1.);
#8818=VECTOR('',#13892,1.);
#8819=VECTOR('',#13895,1.);
#8820=VECTOR('',#13898,1.);
#8821=VECTOR('',#13901,1.);
#8822=VECTOR('',#13904,1.);
#8823=VECTOR('',#13907,1.);
#8824=VECTOR('',#13910,1.);
#8825=VECTOR('',#13913,1.);
#8826=VECTOR('',#13916,1.);
#8827=VECTOR('',#13919,1.);
#8828=VECTOR('',#13922,1.);
#8829=VECTOR('',#13925,1.);
#8830=VECTOR('',#13928,1.);
#8831=VECTOR('',#13931,1.);
#8832=VECTOR('',#13934,1.);
#8833=VECTOR('',#13937,1.);
#8834=VECTOR('',#13940,1.);
#8835=VECTOR('',#13943,1.);
#8836=VECTOR('',#13946,1.);
#8837=VECTOR('',#13949,1.);
#8838=VECTOR('',#13952,1.);
#8839=VECTOR('',#13955,1.);
#8840=VECTOR('',#13958,1.);
#8841=VECTOR('',#13961,1.);
#8842=VECTOR('',#13964,1.);
#8843=VECTOR('',#13967,1.);
#8844=VECTOR('',#13970,1.);
#8845=VECTOR('',#13973,1.);
#8846=VECTOR('',#13978,1.);
#8847=VECTOR('',#13979,1.);
#8848=VECTOR('',#13982,1.);
#8849=VECTOR('',#13985,1.);
#8850=VECTOR('',#13988,1.);
#8851=VECTOR('',#13991,1.);
#8852=VECTOR('',#13994,1.);
#8853=VECTOR('',#13997,1.);
#8854=VECTOR('',#14000,1.);
#8855=VECTOR('',#14003,1.);
#8856=VECTOR('',#14006,1.);
#8857=VECTOR('',#14009,1.);
#8858=VECTOR('',#14012,1.);
#8859=VECTOR('',#14015,1.);
#8860=VECTOR('',#14018,1.);
#8861=VECTOR('',#14021,1.);
#8862=VECTOR('',#14024,1.);
#8863=VECTOR('',#14027,1.);
#8864=VECTOR('',#14030,1.);
#8865=VECTOR('',#14033,1.);
#8866=VECTOR('',#14036,1.);
#8867=VECTOR('',#14039,1.);
#8868=VECTOR('',#14042,1.);
#8869=VECTOR('',#14045,1.);
#8870=VECTOR('',#14048,1.);
#8871=VECTOR('',#14051,1.);
#8872=VECTOR('',#14054,1.);
#8873=VECTOR('',#14057,1.);
#8874=VECTOR('',#14060,1.);
#8875=VECTOR('',#14063,1.);
#8876=VECTOR('',#14066,1.);
#8877=VECTOR('',#14069,1.);
#8878=VECTOR('',#14072,1.);
#8879=VECTOR('',#14075,1.);
#8880=VECTOR('',#14078,1.);
#8881=VECTOR('',#14081,1.);
#8882=VECTOR('',#14084,1.);
#8883=VECTOR('',#14087,1.);
#8884=VECTOR('',#14092,1.);
#8885=VECTOR('',#14093,1.);
#8886=VECTOR('',#14096,1.);
#8887=VECTOR('',#14099,1.);
#8888=VECTOR('',#14102,1.);
#8889=VECTOR('',#14105,1.);
#8890=VECTOR('',#14108,1.);
#8891=VECTOR('',#14111,1.);
#8892=VECTOR('',#14114,1.);
#8893=VECTOR('',#14117,1.);
#8894=VECTOR('',#14120,1.);
#8895=VECTOR('',#14123,1.);
#8896=VECTOR('',#14126,1.);
#8897=VECTOR('',#14129,1.);
#8898=VECTOR('',#14132,1.);
#8899=VECTOR('',#14135,1.);
#8900=VECTOR('',#14138,1.);
#8901=VECTOR('',#14141,1.);
#8902=VECTOR('',#14144,1.);
#8903=VECTOR('',#14147,1.);
#8904=VECTOR('',#14150,1.);
#8905=VECTOR('',#14153,1.);
#8906=VECTOR('',#14156,1.);
#8907=VECTOR('',#14159,1.);
#8908=VECTOR('',#14162,1.);
#8909=VECTOR('',#14165,1.);
#8910=VECTOR('',#14168,1.);
#8911=VECTOR('',#14171,1.);
#8912=VECTOR('',#14174,1.);
#8913=VECTOR('',#14177,1.);
#8914=VECTOR('',#14180,1.);
#8915=VECTOR('',#14183,1.);
#8916=VECTOR('',#14186,1.);
#8917=VECTOR('',#14189,1.);
#8918=VECTOR('',#14192,1.);
#8919=VECTOR('',#14195,1.);
#8920=VECTOR('',#14200,1.);
#8921=VECTOR('',#14201,1.);
#8922=VECTOR('',#14204,1.);
#8923=VECTOR('',#14207,1.);
#8924=VECTOR('',#14212,1.);
#8925=VECTOR('',#14213,1.);
#8926=VECTOR('',#14216,1.);
#8927=VECTOR('',#14219,1.);
#8928=EDGE_LOOP('',(#40,#41,#42,#43,#44,#45,#46,#47));
#8929=EDGE_LOOP('',(#48,#49,#50,#51));
#8930=EDGE_LOOP('',(#52,#53,#54,#55,#56,#57,#58,#59));
#8931=EDGE_LOOP('',(#60,#61,#62,#63));
#8932=EDGE_LOOP('',(#64,#65,#66,#67,#68));
#8933=EDGE_LOOP('',(#69,#70,#71,#72));
#8934=EDGE_LOOP('',(#73,#74,#75,#76,#77));
#8935=EDGE_LOOP('',(#78,#79,#80,#81));
#8936=EDGE_LOOP('',(#82,#83,#84,#85,#86,#87,#88,#89,#90,#91,#92,#93,#94,
#95,#96,#97,#98,#99,#100,#101,#102,#103,#104,#105,#106,#107,#108,#109,#110,
#111,#112,#113,#114,#115,#116,#117,#118,#119));
#8937=EDGE_LOOP('',(#120,#121,#122,#123,#124,#125,#126,#127,#128,#129,#130,
#131,#132,#133,#134,#135,#136,#137,#138,#139,#140,#141,#142,#143,#144,#145,
#146,#147,#148,#149,#150,#151,#152,#153,#154));
#8938=EDGE_LOOP('',(#155,#156,#157,#158,#159,#160,#161,#162,#163,#164,#165,
#166,#167,#168,#169,#170,#171,#172,#173,#174,#175,#176,#177,#178,#179,#180,
#181,#182,#183,#184,#185,#186,#187,#188,#189,#190,#191,#192,#193,#194,#195,
#196,#197,#198,#199,#200,#201,#202,#203,#204,#205,#206,#207,#208,#209,#210,
#211,#212,#213,#214,#215,#216,#217,#218,#219,#220,#221,#222,#223,#224,#225,
#226,#227,#228,#229,#230,#231,#232,#233,#234,#235,#236,#237,#238,#239,#240,
#241,#242,#243,#244,#245,#246,#247,#248,#249,#250,#251,#252,#253,#254,#255,
#256,#257,#258,#259,#260,#261,#262,#263,#264,#265,#266,#267,#268,#269,#270,
#271,#272,#273,#274,#275,#276,#277,#278,#279,#280,#281,#282,#283,#284,#285,
#286,#287,#288,#289,#290,#291,#292,#293,#294,#295,#296,#297,#298,#299,#300,
#301,#302,#303,#304,#305,#306,#307,#308,#309));
#8939=EDGE_LOOP('',(#310,#311,#312,#313,#314,#315,#316,#317,#318,#319,#320,
#321,#322,#323,#324,#325,#326,#327,#328,#329,#330,#331,#332,#333,#334,#335,
#336,#337,#338,#339,#340,#341,#342,#343,#344,#345));
#8940=EDGE_LOOP('',(#346,#347,#348,#349,#350,#351,#352,#353,#354,#355,#356,
#357,#358,#359,#360,#361,#362,#363,#364,#365,#366,#367,#368,#369,#370,#371,
#372,#373,#374,#375,#376,#377,#378,#379,#380,#381,#382,#383,#384,#385));
#8941=EDGE_LOOP('',(#386,#387,#388,#389,#390,#391,#392,#393,#394,#395,#396,
#397,#398,#399,#400,#401,#402,#403,#404,#405,#406,#407,#408,#409,#410,#411,
#412,#413,#414,#415,#416,#417,#418,#419,#420,#421));
#8942=EDGE_LOOP('',(#422,#423,#424,#425,#426,#427,#428,#429,#430,#431,#432,
#433,#434,#435,#436,#437,#438,#439,#440,#441,#442,#443,#444,#445,#446,#447,
#448,#449,#450,#451,#452,#453,#454,#455,#456,#457,#458,#459,#460,#461,#462,
#463,#464,#465,#466,#467,#468,#469,#470,#471,#472,#473,#474,#475,#476,#477,
#478,#479,#480,#481,#482,#483,#484,#485,#486,#487,#488,#489,#490,#491,#492,
#493,#494,#495,#496,#497,#498,#499,#500,#501,#502,#503,#504,#505,#506,#507,
#508,#509,#510,#511,#512,#513,#514,#515,#516,#517,#518,#519,#520,#521,#522,
#523,#524,#525,#526,#527,#528,#529,#530,#531,#532,#533,#534,#535,#536,#537,
#538,#539,#540,#541,#542,#543,#544,#545,#546,#547,#548,#549,#550,#551,#552,
#553,#554,#555,#556,#557,#558,#559,#560,#561,#562,#563,#564,#565,#566,#567,
#568,#569,#570,#571,#572,#573,#574,#575,#576,#577,#578,#579,#580,#581,#582,
#583,#584,#585,#586,#587,#588,#589,#590,#591));
#8943=EDGE_LOOP('',(#592,#593,#594,#595,#596,#597,#598,#599,#600,#601,#602,
#603,#604,#605,#606,#607,#608,#609,#610,#611,#612,#613,#614,#615,#616,#617,
#618,#619,#620,#621,#622,#623,#624,#625,#626,#627));
#8944=EDGE_LOOP('',(#628,#629,#630,#631,#632,#633,#634,#635,#636,#637,#638,
#639,#640,#641,#642,#643,#644,#645,#646,#647,#648,#649,#650,#651,#652,#653,
#654,#655,#656,#657,#658,#659,#660,#661,#662));
#8945=EDGE_LOOP('',(#663,#664,#665,#666,#667,#668,#669,#670,#671,#672,#673,
#674,#675,#676,#677,#678,#679,#680,#681,#682,#683,#684,#685,#686,#687,#688,
#689,#690,#691,#692,#693,#694,#695,#696,#697,#698,#699,#700,#701,#702));
#8946=EDGE_LOOP('',(#703,#704,#705,#706,#707,#708,#709,#710,#711,#712,#713,
#714,#715,#716,#717,#718,#719,#720,#721,#722,#723,#724,#725,#726,#727,#728,
#729,#730,#731,#732,#733,#734,#735,#736,#737,#738,#739,#740));
#8947=EDGE_LOOP('',(#741,#742,#743,#744,#745,#746,#747,#748,#749,#750,#751,
#752,#753,#754,#755,#756,#757,#758,#759,#760,#761,#762,#763,#764,#765,#766,
#767,#768,#769,#770,#771,#772,#773,#774,#775,#776));
#8948=EDGE_LOOP('',(#777,#778,#779,#780,#781));
#8949=EDGE_LOOP('',(#782,#783,#784,#785));
#8950=EDGE_LOOP('',(#786,#787,#788,#789));
#8951=EDGE_LOOP('',(#790,#791,#792,#793));
#8952=EDGE_LOOP('',(#794,#795,#796,#797));
#8953=EDGE_LOOP('',(#798,#799,#800,#801));
#8954=EDGE_LOOP('',(#802,#803,#804,#805));
#8955=EDGE_LOOP('',(#806,#807,#808,#809));
#8956=EDGE_LOOP('',(#810,#811,#812,#813));
#8957=EDGE_LOOP('',(#814,#815,#816,#817));
#8958=EDGE_LOOP('',(#818,#819,#820,#821));
#8959=EDGE_LOOP('',(#822,#823,#824,#825));
#8960=EDGE_LOOP('',(#826,#827,#828,#829));
#8961=EDGE_LOOP('',(#830,#831,#832,#833));
#8962=EDGE_LOOP('',(#834,#835,#836,#837));
#8963=EDGE_LOOP('',(#838,#839,#840,#841));
#8964=EDGE_LOOP('',(#842,#843,#844,#845));
#8965=EDGE_LOOP('',(#846,#847,#848,#849));
#8966=EDGE_LOOP('',(#850,#851,#852,#853));
#8967=EDGE_LOOP('',(#854,#855,#856,#857));
#8968=EDGE_LOOP('',(#858,#859,#860,#861));
#8969=EDGE_LOOP('',(#862,#863,#864,#865,#866));
#8970=EDGE_LOOP('',(#867,#868,#869,#870));
#8971=EDGE_LOOP('',(#871,#872,#873,#874));
#8972=EDGE_LOOP('',(#875,#876,#877,#878));
#8973=EDGE_LOOP('',(#879,#880,#881,#882));
#8974=EDGE_LOOP('',(#883,#884,#885,#886));
#8975=EDGE_LOOP('',(#887,#888,#889,#890));
#8976=EDGE_LOOP('',(#891,#892,#893,#894));
#8977=EDGE_LOOP('',(#895,#896,#897,#898));
#8978=EDGE_LOOP('',(#899,#900,#901,#902));
#8979=EDGE_LOOP('',(#903,#904,#905,#906));
#8980=EDGE_LOOP('',(#907,#908,#909,#910));
#8981=EDGE_LOOP('',(#911,#912,#913,#914));
#8982=EDGE_LOOP('',(#915,#916,#917,#918));
#8983=EDGE_LOOP('',(#919,#920,#921,#922));
#8984=EDGE_LOOP('',(#923,#924,#925,#926));
#8985=EDGE_LOOP('',(#927,#928,#929,#930));
#8986=EDGE_LOOP('',(#931,#932,#933,#934));
#8987=EDGE_LOOP('',(#935,#936,#937,#938));
#8988=EDGE_LOOP('',(#939,#940,#941,#942));
#8989=EDGE_LOOP('',(#943,#944,#945,#946));
#8990=EDGE_LOOP('',(#947,#948,#949,#950));
#8991=EDGE_LOOP('',(#951,#952,#953,#954));
#8992=EDGE_LOOP('',(#955,#956,#957,#958));
#8993=EDGE_LOOP('',(#959,#960,#961,#962));
#8994=EDGE_LOOP('',(#963,#964,#965,#966));
#8995=EDGE_LOOP('',(#967,#968,#969,#970));
#8996=EDGE_LOOP('',(#971,#972,#973,#974));
#8997=EDGE_LOOP('',(#975,#976,#977,#978));
#8998=EDGE_LOOP('',(#979,#980,#981,#982));
#8999=EDGE_LOOP('',(#983,#984,#985,#986));
#9000=EDGE_LOOP('',(#987,#988,#989,#990));
#9001=EDGE_LOOP('',(#991,#992,#993,#994));
#9002=EDGE_LOOP('',(#995,#996,#997,#998));
#9003=EDGE_LOOP('',(#999,#1000,#1001,#1002));
#9004=EDGE_LOOP('',(#1003,#1004,#1005,#1006));
#9005=EDGE_LOOP('',(#1007,#1008,#1009,#1010));
#9006=EDGE_LOOP('',(#1011,#1012,#1013,#1014));
#9007=EDGE_LOOP('',(#1015,#1016,#1017,#1018));
#9008=EDGE_LOOP('',(#1019,#1020,#1021,#1022));
#9009=EDGE_LOOP('',(#1023,#1024,#1025,#1026));
#9010=EDGE_LOOP('',(#1027,#1028,#1029,#1030));
#9011=EDGE_LOOP('',(#1031,#1032,#1033,#1034));
#9012=EDGE_LOOP('',(#1035,#1036,#1037,#1038));
#9013=EDGE_LOOP('',(#1039,#1040,#1041,#1042));
#9014=EDGE_LOOP('',(#1043,#1044,#1045,#1046));
#9015=EDGE_LOOP('',(#1047,#1048,#1049,#1050));
#9016=EDGE_LOOP('',(#1051,#1052,#1053,#1054));
#9017=EDGE_LOOP('',(#1055,#1056,#1057,#1058));
#9018=EDGE_LOOP('',(#1059,#1060,#1061,#1062));
#9019=EDGE_LOOP('',(#1063,#1064,#1065,#1066));
#9020=EDGE_LOOP('',(#1067,#1068,#1069,#1070));
#9021=EDGE_LOOP('',(#1071,#1072,#1073,#1074));
#9022=EDGE_LOOP('',(#1075,#1076,#1077,#1078));
#9023=EDGE_LOOP('',(#1079,#1080,#1081,#1082));
#9024=EDGE_LOOP('',(#1083,#1084,#1085,#1086));
#9025=EDGE_LOOP('',(#1087,#1088,#1089,#1090));
#9026=EDGE_LOOP('',(#1091,#1092,#1093,#1094));
#9027=EDGE_LOOP('',(#1095,#1096,#1097,#1098));
#9028=EDGE_LOOP('',(#1099,#1100,#1101,#1102));
#9029=EDGE_LOOP('',(#1103,#1104,#1105,#1106));
#9030=EDGE_LOOP('',(#1107,#1108,#1109,#1110));
#9031=EDGE_LOOP('',(#1111,#1112,#1113,#1114));
#9032=EDGE_LOOP('',(#1115,#1116,#1117,#1118));
#9033=EDGE_LOOP('',(#1119,#1120,#1121,#1122));
#9034=EDGE_LOOP('',(#1123,#1124,#1125,#1126));
#9035=EDGE_LOOP('',(#1127,#1128,#1129,#1130));
#9036=EDGE_LOOP('',(#1131,#1132,#1133,#1134));
#9037=EDGE_LOOP('',(#1135,#1136,#1137,#1138));
#9038=EDGE_LOOP('',(#1139,#1140,#1141,#1142));
#9039=EDGE_LOOP('',(#1143,#1144,#1145,#1146));
#9040=EDGE_LOOP('',(#1147,#1148,#1149,#1150));
#9041=EDGE_LOOP('',(#1151,#1152,#1153,#1154));
#9042=EDGE_LOOP('',(#1155,#1156,#1157,#1158));
#9043=EDGE_LOOP('',(#1159,#1160,#1161,#1162));
#9044=EDGE_LOOP('',(#1163,#1164,#1165,#1166));
#9045=EDGE_LOOP('',(#1167,#1168,#1169,#1170));
#9046=EDGE_LOOP('',(#1171,#1172,#1173,#1174));
#9047=EDGE_LOOP('',(#1175,#1176,#1177,#1178,#1179));
#9048=EDGE_LOOP('',(#1180,#1181,#1182,#1183,#1184));
#9049=EDGE_LOOP('',(#1185,#1186,#1187,#1188));
#9050=EDGE_LOOP('',(#1189,#1190,#1191,#1192));
#9051=EDGE_LOOP('',(#1193,#1194,#1195,#1196));
#9052=EDGE_LOOP('',(#1197,#1198,#1199,#1200));
#9053=EDGE_LOOP('',(#1201,#1202,#1203,#1204));
#9054=EDGE_LOOP('',(#1205,#1206,#1207,#1208));
#9055=EDGE_LOOP('',(#1209,#1210,#1211,#1212));
#9056=EDGE_LOOP('',(#1213,#1214,#1215,#1216));
#9057=EDGE_LOOP('',(#1217,#1218,#1219,#1220));
#9058=EDGE_LOOP('',(#1221,#1222,#1223,#1224));
#9059=EDGE_LOOP('',(#1225,#1226,#1227,#1228));
#9060=EDGE_LOOP('',(#1229,#1230,#1231,#1232));
#9061=EDGE_LOOP('',(#1233,#1234,#1235,#1236));
#9062=EDGE_LOOP('',(#1237,#1238,#1239,#1240));
#9063=EDGE_LOOP('',(#1241,#1242,#1243,#1244));
#9064=EDGE_LOOP('',(#1245,#1246,#1247,#1248));
#9065=EDGE_LOOP('',(#1249,#1250,#1251,#1252));
#9066=EDGE_LOOP('',(#1253,#1254,#1255,#1256));
#9067=EDGE_LOOP('',(#1257,#1258,#1259,#1260));
#9068=EDGE_LOOP('',(#1261,#1262,#1263,#1264));
#9069=EDGE_LOOP('',(#1265,#1266,#1267,#1268));
#9070=EDGE_LOOP('',(#1269,#1270,#1271,#1272));
#9071=EDGE_LOOP('',(#1273,#1274,#1275,#1276));
#9072=EDGE_LOOP('',(#1277,#1278,#1279,#1280));
#9073=EDGE_LOOP('',(#1281,#1282,#1283,#1284));
#9074=EDGE_LOOP('',(#1285,#1286,#1287,#1288));
#9075=EDGE_LOOP('',(#1289,#1290,#1291,#1292));
#9076=EDGE_LOOP('',(#1293,#1294,#1295,#1296));
#9077=EDGE_LOOP('',(#1297,#1298,#1299,#1300));
#9078=EDGE_LOOP('',(#1301,#1302,#1303,#1304));
#9079=EDGE_LOOP('',(#1305,#1306,#1307,#1308));
#9080=EDGE_LOOP('',(#1309,#1310,#1311,#1312));
#9081=EDGE_LOOP('',(#1313,#1314,#1315,#1316));
#9082=EDGE_LOOP('',(#1317,#1318,#1319,#1320));
#9083=EDGE_LOOP('',(#1321,#1322,#1323,#1324));
#9084=EDGE_LOOP('',(#1325,#1326,#1327,#1328));
#9085=EDGE_LOOP('',(#1329,#1330,#1331,#1332));
#9086=EDGE_LOOP('',(#1333,#1334,#1335,#1336));
#9087=EDGE_LOOP('',(#1337,#1338,#1339,#1340));
#9088=EDGE_LOOP('',(#1341,#1342,#1343,#1344));
#9089=EDGE_LOOP('',(#1345,#1346,#1347,#1348));
#9090=EDGE_LOOP('',(#1349,#1350,#1351,#1352));
#9091=EDGE_LOOP('',(#1353,#1354,#1355,#1356));
#9092=EDGE_LOOP('',(#1357,#1358,#1359,#1360));
#9093=EDGE_LOOP('',(#1361,#1362,#1363,#1364));
#9094=EDGE_LOOP('',(#1365,#1366,#1367,#1368));
#9095=EDGE_LOOP('',(#1369,#1370,#1371,#1372));
#9096=EDGE_LOOP('',(#1373,#1374,#1375,#1376));
#9097=EDGE_LOOP('',(#1377,#1378,#1379,#1380));
#9098=EDGE_LOOP('',(#1381,#1382,#1383,#1384));
#9099=EDGE_LOOP('',(#1385,#1386,#1387,#1388));
#9100=EDGE_LOOP('',(#1389,#1390,#1391,#1392));
#9101=EDGE_LOOP('',(#1393,#1394,#1395,#1396));
#9102=EDGE_LOOP('',(#1397,#1398,#1399,#1400));
#9103=EDGE_LOOP('',(#1401,#1402,#1403,#1404));
#9104=EDGE_LOOP('',(#1405,#1406,#1407,#1408));
#9105=EDGE_LOOP('',(#1409,#1410,#1411,#1412));
#9106=EDGE_LOOP('',(#1413,#1414,#1415,#1416));
#9107=EDGE_LOOP('',(#1417,#1418,#1419,#1420));
#9108=EDGE_LOOP('',(#1421,#1422,#1423,#1424));
#9109=EDGE_LOOP('',(#1425,#1426,#1427,#1428));
#9110=EDGE_LOOP('',(#1429,#1430,#1431,#1432));
#9111=EDGE_LOOP('',(#1433,#1434,#1435,#1436));
#9112=EDGE_LOOP('',(#1437,#1438,#1439,#1440));
#9113=EDGE_LOOP('',(#1441,#1442,#1443,#1444));
#9114=EDGE_LOOP('',(#1445,#1446,#1447,#1448));
#9115=EDGE_LOOP('',(#1449,#1450,#1451,#1452));
#9116=EDGE_LOOP('',(#1453,#1454,#1455,#1456));
#9117=EDGE_LOOP('',(#1457,#1458,#1459,#1460));
#9118=EDGE_LOOP('',(#1461,#1462,#1463,#1464));
#9119=EDGE_LOOP('',(#1465,#1466,#1467,#1468));
#9120=EDGE_LOOP('',(#1469,#1470,#1471,#1472));
#9121=EDGE_LOOP('',(#1473,#1474,#1475,#1476));
#9122=EDGE_LOOP('',(#1477,#1478,#1479,#1480));
#9123=EDGE_LOOP('',(#1481,#1482,#1483,#1484));
#9124=EDGE_LOOP('',(#1485,#1486,#1487,#1488));
#9125=EDGE_LOOP('',(#1489,#1490,#1491,#1492));
#9126=EDGE_LOOP('',(#1493,#1494,#1495,#1496));
#9127=EDGE_LOOP('',(#1497,#1498,#1499,#1500));
#9128=EDGE_LOOP('',(#1501,#1502,#1503,#1504));
#9129=EDGE_LOOP('',(#1505,#1506,#1507,#1508));
#9130=EDGE_LOOP('',(#1509,#1510,#1511,#1512));
#9131=EDGE_LOOP('',(#1513,#1514,#1515,#1516));
#9132=EDGE_LOOP('',(#1517,#1518,#1519,#1520));
#9133=EDGE_LOOP('',(#1521,#1522,#1523,#1524));
#9134=EDGE_LOOP('',(#1525,#1526,#1527,#1528));
#9135=EDGE_LOOP('',(#1529,#1530,#1531,#1532));
#9136=EDGE_LOOP('',(#1533,#1534,#1535,#1536));
#9137=EDGE_LOOP('',(#1537,#1538,#1539,#1540));
#9138=EDGE_LOOP('',(#1541,#1542,#1543,#1544));
#9139=EDGE_LOOP('',(#1545,#1546,#1547,#1548));
#9140=EDGE_LOOP('',(#1549,#1550,#1551,#1552));
#9141=EDGE_LOOP('',(#1553,#1554,#1555,#1556));
#9142=EDGE_LOOP('',(#1557,#1558,#1559,#1560));
#9143=EDGE_LOOP('',(#1561,#1562,#1563,#1564));
#9144=EDGE_LOOP('',(#1565,#1566,#1567,#1568));
#9145=EDGE_LOOP('',(#1569,#1570,#1571,#1572));
#9146=EDGE_LOOP('',(#1573,#1574,#1575,#1576));
#9147=EDGE_LOOP('',(#1577,#1578,#1579,#1580));
#9148=EDGE_LOOP('',(#1581,#1582,#1583,#1584));
#9149=EDGE_LOOP('',(#1585,#1586,#1587,#1588));
#9150=EDGE_LOOP('',(#1589,#1590,#1591,#1592));
#9151=EDGE_LOOP('',(#1593,#1594,#1595,#1596));
#9152=EDGE_LOOP('',(#1597,#1598,#1599,#1600));
#9153=EDGE_LOOP('',(#1601,#1602,#1603,#1604));
#9154=EDGE_LOOP('',(#1605,#1606,#1607,#1608));
#9155=EDGE_LOOP('',(#1609,#1610,#1611,#1612));
#9156=EDGE_LOOP('',(#1613,#1614,#1615,#1616));
#9157=EDGE_LOOP('',(#1617,#1618,#1619,#1620));
#9158=EDGE_LOOP('',(#1621,#1622,#1623,#1624));
#9159=EDGE_LOOP('',(#1625,#1626,#1627,#1628));
#9160=EDGE_LOOP('',(#1629,#1630,#1631,#1632));
#9161=EDGE_LOOP('',(#1633,#1634,#1635,#1636));
#9162=EDGE_LOOP('',(#1637,#1638,#1639,#1640));
#9163=EDGE_LOOP('',(#1641,#1642,#1643,#1644));
#9164=EDGE_LOOP('',(#1645,#1646,#1647,#1648));
#9165=EDGE_LOOP('',(#1649,#1650,#1651,#1652));
#9166=EDGE_LOOP('',(#1653,#1654,#1655,#1656));
#9167=EDGE_LOOP('',(#1657,#1658,#1659,#1660));
#9168=EDGE_LOOP('',(#1661,#1662,#1663,#1664));
#9169=EDGE_LOOP('',(#1665,#1666,#1667,#1668));
#9170=EDGE_LOOP('',(#1669,#1670,#1671,#1672));
#9171=EDGE_LOOP('',(#1673,#1674,#1675,#1676));
#9172=EDGE_LOOP('',(#1677,#1678,#1679,#1680));
#9173=EDGE_LOOP('',(#1681,#1682,#1683,#1684));
#9174=EDGE_LOOP('',(#1685,#1686,#1687,#1688));
#9175=EDGE_LOOP('',(#1689,#1690,#1691,#1692));
#9176=EDGE_LOOP('',(#1693,#1694,#1695,#1696));
#9177=EDGE_LOOP('',(#1697,#1698,#1699,#1700));
#9178=EDGE_LOOP('',(#1701,#1702,#1703,#1704));
#9179=EDGE_LOOP('',(#1705,#1706,#1707,#1708));
#9180=EDGE_LOOP('',(#1709,#1710,#1711,#1712));
#9181=EDGE_LOOP('',(#1713,#1714,#1715,#1716));
#9182=EDGE_LOOP('',(#1717,#1718,#1719,#1720));
#9183=EDGE_LOOP('',(#1721,#1722,#1723,#1724));
#9184=EDGE_LOOP('',(#1725,#1726,#1727,#1728));
#9185=EDGE_LOOP('',(#1729,#1730,#1731,#1732));
#9186=EDGE_LOOP('',(#1733,#1734,#1735,#1736));
#9187=EDGE_LOOP('',(#1737,#1738,#1739,#1740));
#9188=EDGE_LOOP('',(#1741,#1742,#1743,#1744));
#9189=EDGE_LOOP('',(#1745,#1746,#1747,#1748));
#9190=EDGE_LOOP('',(#1749,#1750,#1751,#1752));
#9191=EDGE_LOOP('',(#1753,#1754,#1755,#1756));
#9192=EDGE_LOOP('',(#1757,#1758,#1759,#1760));
#9193=EDGE_LOOP('',(#1761,#1762,#1763,#1764));
#9194=EDGE_LOOP('',(#1765,#1766,#1767,#1768));
#9195=EDGE_LOOP('',(#1769,#1770,#1771,#1772));
#9196=EDGE_LOOP('',(#1773,#1774,#1775,#1776));
#9197=EDGE_LOOP('',(#1777,#1778,#1779,#1780));
#9198=EDGE_LOOP('',(#1781,#1782,#1783,#1784));
#9199=EDGE_LOOP('',(#1785,#1786,#1787,#1788));
#9200=EDGE_LOOP('',(#1789,#1790,#1791,#1792));
#9201=EDGE_LOOP('',(#1793,#1794,#1795,#1796));
#9202=EDGE_LOOP('',(#1797,#1798,#1799,#1800));
#9203=EDGE_LOOP('',(#1801,#1802,#1803,#1804));
#9204=EDGE_LOOP('',(#1805,#1806,#1807,#1808));
#9205=EDGE_LOOP('',(#1809,#1810,#1811,#1812));
#9206=EDGE_LOOP('',(#1813,#1814,#1815,#1816));
#9207=EDGE_LOOP('',(#1817,#1818,#1819,#1820));
#9208=EDGE_LOOP('',(#1821,#1822,#1823,#1824));
#9209=EDGE_LOOP('',(#1825,#1826,#1827,#1828));
#9210=EDGE_LOOP('',(#1829,#1830,#1831,#1832));
#9211=EDGE_LOOP('',(#1833,#1834,#1835,#1836));
#9212=EDGE_LOOP('',(#1837,#1838,#1839,#1840));
#9213=EDGE_LOOP('',(#1841,#1842,#1843,#1844));
#9214=EDGE_LOOP('',(#1845,#1846,#1847,#1848));
#9215=EDGE_LOOP('',(#1849,#1850,#1851,#1852));
#9216=EDGE_LOOP('',(#1853,#1854,#1855,#1856));
#9217=EDGE_LOOP('',(#1857,#1858,#1859,#1860));
#9218=EDGE_LOOP('',(#1861,#1862,#1863,#1864));
#9219=EDGE_LOOP('',(#1865,#1866,#1867,#1868));
#9220=EDGE_LOOP('',(#1869,#1870,#1871,#1872));
#9221=EDGE_LOOP('',(#1873,#1874,#1875,#1876));
#9222=EDGE_LOOP('',(#1877,#1878,#1879,#1880));
#9223=EDGE_LOOP('',(#1881,#1882,#1883,#1884));
#9224=EDGE_LOOP('',(#1885,#1886,#1887,#1888));
#9225=EDGE_LOOP('',(#1889,#1890,#1891,#1892));
#9226=EDGE_LOOP('',(#1893,#1894,#1895,#1896));
#9227=EDGE_LOOP('',(#1897,#1898,#1899,#1900));
#9228=EDGE_LOOP('',(#1901,#1902,#1903,#1904));
#9229=EDGE_LOOP('',(#1905,#1906,#1907,#1908));
#9230=EDGE_LOOP('',(#1909,#1910,#1911,#1912));
#9231=EDGE_LOOP('',(#1913,#1914,#1915,#1916));
#9232=EDGE_LOOP('',(#1917,#1918,#1919,#1920));
#9233=EDGE_LOOP('',(#1921,#1922,#1923,#1924));
#9234=EDGE_LOOP('',(#1925,#1926,#1927,#1928));
#9235=EDGE_LOOP('',(#1929,#1930,#1931,#1932));
#9236=EDGE_LOOP('',(#1933,#1934,#1935,#1936));
#9237=EDGE_LOOP('',(#1937,#1938,#1939,#1940));
#9238=EDGE_LOOP('',(#1941,#1942,#1943,#1944));
#9239=EDGE_LOOP('',(#1945,#1946,#1947,#1948));
#9240=EDGE_LOOP('',(#1949,#1950,#1951,#1952));
#9241=EDGE_LOOP('',(#1953,#1954,#1955,#1956));
#9242=EDGE_LOOP('',(#1957,#1958,#1959,#1960));
#9243=EDGE_LOOP('',(#1961,#1962,#1963,#1964));
#9244=EDGE_LOOP('',(#1965,#1966,#1967,#1968));
#9245=EDGE_LOOP('',(#1969,#1970,#1971,#1972,#1973));
#9246=EDGE_LOOP('',(#1974,#1975,#1976,#1977,#1978,#1979,#1980,#1981,#1982,
#1983,#1984,#1985,#1986,#1987,#1988,#1989,#1990,#1991,#1992,#1993,#1994,
#1995,#1996,#1997,#1998,#1999,#2000,#2001,#2002,#2003,#2004,#2005,#2006,
#2007,#2008,#2009,#2010,#2011,#2012,#2013,#2014,#2015,#2016,#2017,#2018,
#2019,#2020,#2021,#2022,#2023,#2024,#2025,#2026,#2027,#2028,#2029,#2030,
#2031,#2032,#2033,#2034,#2035,#2036,#2037,#2038,#2039,#2040,#2041,#2042,
#2043,#2044,#2045,#2046,#2047,#2048,#2049,#2050,#2051,#2052,#2053,#2054,
#2055,#2056,#2057,#2058,#2059,#2060,#2061,#2062,#2063,#2064,#2065,#2066,
#2067,#2068,#2069,#2070,#2071,#2072,#2073,#2074,#2075,#2076,#2077,#2078,
#2079,#2080,#2081,#2082,#2083,#2084,#2085,#2086,#2087,#2088,#2089,#2090,
#2091,#2092,#2093,#2094,#2095,#2096,#2097,#2098,#2099,#2100,#2101,#2102,
#2103,#2104,#2105,#2106,#2107,#2108,#2109,#2110,#2111,#2112,#2113,#2114,
#2115,#2116,#2117,#2118,#2119,#2120,#2121,#2122,#2123,#2124,#2125,#2126,
#2127,#2128,#2129,#2130,#2131,#2132,#2133,#2134,#2135,#2136,#2137,#2138,
#2139,#2140,#2141,#2142,#2143,#2144,#2145,#2146,#2147,#2148,#2149,#2150,
#2151,#2152,#2153,#2154,#2155,#2156,#2157,#2158,#2159,#2160,#2161,#2162,
#2163,#2164,#2165,#2166,#2167,#2168,#2169,#2170,#2171,#2172,#2173,#2174,
#2175,#2176,#2177,#2178,#2179,#2180,#2181,#2182,#2183,#2184,#2185,#2186,
#2187,#2188,#2189,#2190,#2191,#2192,#2193,#2194,#2195,#2196,#2197,#2198,
#2199,#2200,#2201,#2202,#2203,#2204,#2205,#2206,#2207,#2208,#2209,#2210,
#2211,#2212,#2213,#2214,#2215,#2216,#2217,#2218,#2219,#2220,#2221,#2222,
#2223,#2224,#2225,#2226,#2227,#2228,#2229,#2230,#2231,#2232,#2233,#2234,
#2235,#2236,#2237,#2238,#2239,#2240,#2241,#2242,#2243,#2244,#2245,#2246,
#2247,#2248,#2249,#2250,#2251,#2252,#2253,#2254));
#9247=EDGE_LOOP('',(#2255,#2256,#2257,#2258));
#9248=EDGE_LOOP('',(#2259,#2260,#2261,#2262));
#9249=EDGE_LOOP('',(#2263,#2264,#2265,#2266,#2267));
#9250=EDGE_LOOP('',(#2268,#2269,#2270,#2271));
#9251=EDGE_LOOP('',(#2272,#2273,#2274,#2275));
#9252=EDGE_LOOP('',(#2276,#2277,#2278,#2279));
#9253=EDGE_LOOP('',(#2280,#2281,#2282,#2283));
#9254=EDGE_LOOP('',(#2284,#2285,#2286,#2287));
#9255=EDGE_LOOP('',(#2288,#2289,#2290,#2291));
#9256=EDGE_LOOP('',(#2292,#2293,#2294,#2295));
#9257=EDGE_LOOP('',(#2296,#2297,#2298,#2299));
#9258=EDGE_LOOP('',(#2300,#2301,#2302,#2303));
#9259=EDGE_LOOP('',(#2304,#2305,#2306,#2307));
#9260=EDGE_LOOP('',(#2308,#2309,#2310,#2311));
#9261=EDGE_LOOP('',(#2312,#2313,#2314,#2315));
#9262=EDGE_LOOP('',(#2316,#2317,#2318,#2319));
#9263=EDGE_LOOP('',(#2320,#2321,#2322,#2323));
#9264=EDGE_LOOP('',(#2324,#2325,#2326,#2327));
#9265=EDGE_LOOP('',(#2328,#2329,#2330,#2331));
#9266=EDGE_LOOP('',(#2332,#2333,#2334,#2335));
#9267=EDGE_LOOP('',(#2336,#2337,#2338,#2339));
#9268=EDGE_LOOP('',(#2340,#2341,#2342,#2343));
#9269=EDGE_LOOP('',(#2344,#2345,#2346,#2347));
#9270=EDGE_LOOP('',(#2348,#2349,#2350,#2351));
#9271=EDGE_LOOP('',(#2352,#2353,#2354,#2355));
#9272=EDGE_LOOP('',(#2356,#2357,#2358,#2359,#2360,#2361,#2362,#2363,#2364,
#2365,#2366,#2367,#2368,#2369,#2370,#2371,#2372,#2373,#2374,#2375,#2376,
#2377,#2378,#2379,#2380,#2381,#2382,#2383,#2384,#2385,#2386,#2387,#2388,
#2389));
#9273=EDGE_LOOP('',(#2390,#2391,#2392,#2393));
#9274=EDGE_LOOP('',(#2394,#2395,#2396,#2397));
#9275=EDGE_LOOP('',(#2398,#2399,#2400,#2401));
#9276=EDGE_LOOP('',(#2402,#2403,#2404,#2405,#2406,#2407,#2408,#2409,#2410,
#2411,#2412,#2413,#2414,#2415,#2416,#2417,#2418,#2419,#2420,#2421));
#9277=EDGE_LOOP('',(#2422,#2423,#2424,#2425));
#9278=EDGE_LOOP('',(#2426,#2427,#2428,#2429));
#9279=EDGE_LOOP('',(#2430,#2431,#2432,#2433));
#9280=EDGE_LOOP('',(#2434,#2435,#2436,#2437));
#9281=EDGE_LOOP('',(#2438,#2439,#2440,#2441));
#9282=EDGE_LOOP('',(#2442,#2443,#2444,#2445));
#9283=EDGE_LOOP('',(#2446,#2447,#2448,#2449));
#9284=EDGE_LOOP('',(#2450,#2451,#2452,#2453));
#9285=EDGE_LOOP('',(#2454,#2455,#2456,#2457));
#9286=EDGE_LOOP('',(#2458,#2459,#2460,#2461));
#9287=EDGE_LOOP('',(#2462,#2463,#2464,#2465));
#9288=EDGE_LOOP('',(#2466,#2467,#2468,#2469));
#9289=EDGE_LOOP('',(#2470,#2471,#2472,#2473));
#9290=EDGE_LOOP('',(#2474,#2475,#2476,#2477));
#9291=EDGE_LOOP('',(#2478,#2479,#2480,#2481));
#9292=EDGE_LOOP('',(#2482,#2483,#2484,#2485));
#9293=EDGE_LOOP('',(#2486,#2487,#2488,#2489));
#9294=EDGE_LOOP('',(#2490,#2491,#2492,#2493));
#9295=EDGE_LOOP('',(#2494,#2495,#2496,#2497));
#9296=EDGE_LOOP('',(#2498,#2499,#2500,#2501));
#9297=EDGE_LOOP('',(#2502,#2503,#2504,#2505));
#9298=EDGE_LOOP('',(#2506,#2507,#2508,#2509));
#9299=EDGE_LOOP('',(#2510,#2511,#2512,#2513));
#9300=EDGE_LOOP('',(#2514,#2515,#2516,#2517));
#9301=EDGE_LOOP('',(#2518,#2519,#2520,#2521));
#9302=EDGE_LOOP('',(#2522,#2523,#2524,#2525));
#9303=EDGE_LOOP('',(#2526,#2527,#2528,#2529));
#9304=EDGE_LOOP('',(#2530,#2531,#2532,#2533));
#9305=EDGE_LOOP('',(#2534,#2535,#2536,#2537));
#9306=EDGE_LOOP('',(#2538,#2539,#2540,#2541));
#9307=EDGE_LOOP('',(#2542,#2543,#2544,#2545));
#9308=EDGE_LOOP('',(#2546,#2547,#2548,#2549));
#9309=EDGE_LOOP('',(#2550,#2551,#2552,#2553));
#9310=EDGE_LOOP('',(#2554,#2555,#2556,#2557));
#9311=EDGE_LOOP('',(#2558,#2559,#2560,#2561));
#9312=EDGE_LOOP('',(#2562,#2563,#2564,#2565));
#9313=EDGE_LOOP('',(#2566,#2567,#2568,#2569));
#9314=EDGE_LOOP('',(#2570,#2571,#2572,#2573));
#9315=EDGE_LOOP('',(#2574,#2575,#2576,#2577));
#9316=EDGE_LOOP('',(#2578,#2579,#2580,#2581));
#9317=EDGE_LOOP('',(#2582,#2583,#2584,#2585));
#9318=EDGE_LOOP('',(#2586,#2587,#2588,#2589));
#9319=EDGE_LOOP('',(#2590,#2591,#2592,#2593));
#9320=EDGE_LOOP('',(#2594,#2595,#2596,#2597));
#9321=EDGE_LOOP('',(#2598,#2599,#2600,#2601));
#9322=EDGE_LOOP('',(#2602,#2603,#2604,#2605));
#9323=EDGE_LOOP('',(#2606,#2607,#2608,#2609));
#9324=EDGE_LOOP('',(#2610,#2611,#2612,#2613));
#9325=EDGE_LOOP('',(#2614,#2615,#2616,#2617));
#9326=EDGE_LOOP('',(#2618,#2619,#2620,#2621));
#9327=EDGE_LOOP('',(#2622,#2623,#2624,#2625));
#9328=EDGE_LOOP('',(#2626,#2627,#2628,#2629));
#9329=EDGE_LOOP('',(#2630,#2631,#2632,#2633));
#9330=EDGE_LOOP('',(#2634,#2635,#2636,#2637));
#9331=EDGE_LOOP('',(#2638,#2639,#2640,#2641));
#9332=EDGE_LOOP('',(#2642,#2643,#2644,#2645));
#9333=EDGE_LOOP('',(#2646,#2647,#2648,#2649));
#9334=EDGE_LOOP('',(#2650,#2651,#2652,#2653));
#9335=EDGE_LOOP('',(#2654,#2655,#2656,#2657));
#9336=EDGE_LOOP('',(#2658,#2659,#2660,#2661));
#9337=EDGE_LOOP('',(#2662,#2663,#2664,#2665));
#9338=EDGE_LOOP('',(#2666,#2667,#2668,#2669));
#9339=EDGE_LOOP('',(#2670,#2671,#2672,#2673));
#9340=EDGE_LOOP('',(#2674,#2675,#2676,#2677));
#9341=EDGE_LOOP('',(#2678,#2679,#2680,#2681));
#9342=EDGE_LOOP('',(#2682,#2683,#2684,#2685));
#9343=EDGE_LOOP('',(#2686,#2687,#2688,#2689));
#9344=EDGE_LOOP('',(#2690,#2691,#2692,#2693));
#9345=EDGE_LOOP('',(#2694,#2695,#2696,#2697));
#9346=EDGE_LOOP('',(#2698,#2699,#2700,#2701));
#9347=EDGE_LOOP('',(#2702,#2703,#2704,#2705));
#9348=EDGE_LOOP('',(#2706,#2707,#2708,#2709));
#9349=EDGE_LOOP('',(#2710,#2711,#2712,#2713));
#9350=EDGE_LOOP('',(#2714,#2715,#2716,#2717));
#9351=EDGE_LOOP('',(#2718,#2719,#2720,#2721));
#9352=EDGE_LOOP('',(#2722,#2723,#2724,#2725));
#9353=EDGE_LOOP('',(#2726,#2727,#2728,#2729));
#9354=EDGE_LOOP('',(#2730,#2731,#2732,#2733));
#9355=EDGE_LOOP('',(#2734,#2735,#2736,#2737));
#9356=EDGE_LOOP('',(#2738,#2739,#2740,#2741));
#9357=EDGE_LOOP('',(#2742,#2743,#2744,#2745));
#9358=EDGE_LOOP('',(#2746,#2747,#2748,#2749));
#9359=EDGE_LOOP('',(#2750,#2751,#2752,#2753));
#9360=EDGE_LOOP('',(#2754,#2755,#2756,#2757));
#9361=EDGE_LOOP('',(#2758,#2759,#2760,#2761));
#9362=EDGE_LOOP('',(#2762,#2763,#2764,#2765));
#9363=EDGE_LOOP('',(#2766,#2767,#2768,#2769));
#9364=EDGE_LOOP('',(#2770,#2771,#2772,#2773));
#9365=EDGE_LOOP('',(#2774,#2775,#2776,#2777));
#9366=EDGE_LOOP('',(#2778,#2779,#2780,#2781));
#9367=EDGE_LOOP('',(#2782,#2783,#2784,#2785));
#9368=EDGE_LOOP('',(#2786,#2787,#2788,#2789));
#9369=EDGE_LOOP('',(#2790,#2791,#2792,#2793));
#9370=EDGE_LOOP('',(#2794,#2795,#2796,#2797));
#9371=EDGE_LOOP('',(#2798,#2799,#2800,#2801));
#9372=EDGE_LOOP('',(#2802,#2803,#2804,#2805));
#9373=EDGE_LOOP('',(#2806,#2807,#2808,#2809));
#9374=EDGE_LOOP('',(#2810,#2811,#2812,#2813));
#9375=EDGE_LOOP('',(#2814,#2815,#2816,#2817));
#9376=EDGE_LOOP('',(#2818,#2819,#2820,#2821));
#9377=EDGE_LOOP('',(#2822,#2823,#2824,#2825));
#9378=EDGE_LOOP('',(#2826,#2827,#2828,#2829));
#9379=EDGE_LOOP('',(#2830,#2831,#2832,#2833));
#9380=EDGE_LOOP('',(#2834,#2835,#2836,#2837));
#9381=EDGE_LOOP('',(#2838,#2839,#2840,#2841));
#9382=EDGE_LOOP('',(#2842,#2843,#2844,#2845));
#9383=EDGE_LOOP('',(#2846,#2847,#2848,#2849));
#9384=EDGE_LOOP('',(#2850,#2851,#2852,#2853));
#9385=EDGE_LOOP('',(#2854,#2855,#2856,#2857));
#9386=EDGE_LOOP('',(#2858,#2859,#2860,#2861));
#9387=EDGE_LOOP('',(#2862,#2863,#2864,#2865));
#9388=EDGE_LOOP('',(#2866,#2867,#2868,#2869));
#9389=EDGE_LOOP('',(#2870,#2871,#2872,#2873));
#9390=EDGE_LOOP('',(#2874,#2875,#2876,#2877));
#9391=EDGE_LOOP('',(#2878,#2879,#2880,#2881));
#9392=EDGE_LOOP('',(#2882,#2883,#2884,#2885));
#9393=EDGE_LOOP('',(#2886,#2887,#2888,#2889));
#9394=EDGE_LOOP('',(#2890,#2891,#2892,#2893));
#9395=EDGE_LOOP('',(#2894,#2895,#2896,#2897));
#9396=EDGE_LOOP('',(#2898,#2899,#2900,#2901));
#9397=EDGE_LOOP('',(#2902,#2903,#2904,#2905));
#9398=EDGE_LOOP('',(#2906,#2907,#2908,#2909));
#9399=EDGE_LOOP('',(#2910,#2911,#2912,#2913));
#9400=EDGE_LOOP('',(#2914,#2915,#2916,#2917));
#9401=EDGE_LOOP('',(#2918,#2919,#2920,#2921));
#9402=EDGE_LOOP('',(#2922,#2923,#2924,#2925));
#9403=EDGE_LOOP('',(#2926,#2927,#2928,#2929));
#9404=EDGE_LOOP('',(#2930,#2931,#2932,#2933));
#9405=EDGE_LOOP('',(#2934,#2935,#2936,#2937));
#9406=EDGE_LOOP('',(#2938,#2939,#2940,#2941));
#9407=EDGE_LOOP('',(#2942,#2943,#2944,#2945));
#9408=EDGE_LOOP('',(#2946,#2947,#2948,#2949));
#9409=EDGE_LOOP('',(#2950,#2951,#2952,#2953));
#9410=EDGE_LOOP('',(#2954,#2955,#2956,#2957));
#9411=EDGE_LOOP('',(#2958,#2959,#2960,#2961));
#9412=EDGE_LOOP('',(#2962,#2963,#2964,#2965));
#9413=EDGE_LOOP('',(#2966,#2967,#2968,#2969));
#9414=EDGE_LOOP('',(#2970,#2971,#2972,#2973));
#9415=EDGE_LOOP('',(#2974,#2975,#2976,#2977));
#9416=EDGE_LOOP('',(#2978,#2979,#2980,#2981));
#9417=EDGE_LOOP('',(#2982,#2983,#2984,#2985));
#9418=EDGE_LOOP('',(#2986,#2987,#2988,#2989));
#9419=EDGE_LOOP('',(#2990,#2991,#2992,#2993));
#9420=EDGE_LOOP('',(#2994,#2995,#2996,#2997));
#9421=EDGE_LOOP('',(#2998,#2999,#3000,#3001));
#9422=EDGE_LOOP('',(#3002,#3003,#3004,#3005));
#9423=EDGE_LOOP('',(#3006,#3007,#3008,#3009));
#9424=EDGE_LOOP('',(#3010,#3011,#3012,#3013));
#9425=EDGE_LOOP('',(#3014,#3015,#3016,#3017));
#9426=EDGE_LOOP('',(#3018,#3019,#3020,#3021));
#9427=EDGE_LOOP('',(#3022,#3023,#3024,#3025));
#9428=EDGE_LOOP('',(#3026,#3027,#3028,#3029));
#9429=EDGE_LOOP('',(#3030,#3031,#3032,#3033));
#9430=EDGE_LOOP('',(#3034,#3035,#3036,#3037));
#9431=EDGE_LOOP('',(#3038,#3039,#3040,#3041));
#9432=EDGE_LOOP('',(#3042,#3043,#3044,#3045));
#9433=EDGE_LOOP('',(#3046,#3047,#3048,#3049));
#9434=EDGE_LOOP('',(#3050,#3051,#3052,#3053));
#9435=EDGE_LOOP('',(#3054,#3055,#3056,#3057));
#9436=EDGE_LOOP('',(#3058,#3059,#3060,#3061));
#9437=EDGE_LOOP('',(#3062,#3063,#3064,#3065));
#9438=EDGE_LOOP('',(#3066,#3067,#3068,#3069));
#9439=EDGE_LOOP('',(#3070,#3071,#3072,#3073));
#9440=EDGE_LOOP('',(#3074,#3075,#3076,#3077));
#9441=EDGE_LOOP('',(#3078,#3079,#3080,#3081));
#9442=EDGE_LOOP('',(#3082,#3083,#3084,#3085));
#9443=EDGE_LOOP('',(#3086,#3087,#3088,#3089));
#9444=EDGE_LOOP('',(#3090,#3091,#3092,#3093));
#9445=EDGE_LOOP('',(#3094,#3095,#3096,#3097));
#9446=EDGE_LOOP('',(#3098,#3099,#3100,#3101));
#9447=EDGE_LOOP('',(#3102,#3103,#3104,#3105));
#9448=EDGE_LOOP('',(#3106,#3107,#3108,#3109));
#9449=EDGE_LOOP('',(#3110,#3111,#3112,#3113));
#9450=EDGE_LOOP('',(#3114,#3115,#3116,#3117));
#9451=EDGE_LOOP('',(#3118,#3119,#3120,#3121));
#9452=EDGE_LOOP('',(#3122,#3123,#3124,#3125));
#9453=EDGE_LOOP('',(#3126,#3127,#3128,#3129));
#9454=EDGE_LOOP('',(#3130,#3131,#3132,#3133));
#9455=EDGE_LOOP('',(#3134,#3135,#3136,#3137));
#9456=EDGE_LOOP('',(#3138,#3139,#3140,#3141));
#9457=EDGE_LOOP('',(#3142,#3143,#3144,#3145));
#9458=EDGE_LOOP('',(#3146,#3147,#3148,#3149));
#9459=EDGE_LOOP('',(#3150,#3151,#3152,#3153));
#9460=EDGE_LOOP('',(#3154,#3155,#3156,#3157));
#9461=EDGE_LOOP('',(#3158,#3159,#3160,#3161));
#9462=EDGE_LOOP('',(#3162,#3163,#3164,#3165));
#9463=EDGE_LOOP('',(#3166,#3167,#3168,#3169));
#9464=EDGE_LOOP('',(#3170,#3171,#3172,#3173));
#9465=EDGE_LOOP('',(#3174,#3175,#3176,#3177));
#9466=EDGE_LOOP('',(#3178,#3179,#3180,#3181));
#9467=EDGE_LOOP('',(#3182,#3183,#3184,#3185));
#9468=EDGE_LOOP('',(#3186,#3187,#3188,#3189));
#9469=EDGE_LOOP('',(#3190,#3191,#3192,#3193));
#9470=FACE_BOUND('',#8928,.T.);
#9471=FACE_BOUND('',#8929,.T.);
#9472=FACE_BOUND('',#8930,.T.);
#9473=FACE_BOUND('',#8931,.T.);
#9474=FACE_BOUND('',#8932,.T.);
#9475=FACE_BOUND('',#8933,.T.);
#9476=FACE_BOUND('',#8934,.T.);
#9477=FACE_BOUND('',#8935,.T.);
#9478=FACE_BOUND('',#8936,.T.);
#9479=FACE_BOUND('',#8937,.T.);
#9480=FACE_BOUND('',#8938,.T.);
#9481=FACE_BOUND('',#8939,.T.);
#9482=FACE_BOUND('',#8940,.T.);
#9483=FACE_BOUND('',#8941,.T.);
#9484=FACE_BOUND('',#8942,.T.);
#9485=FACE_BOUND('',#8943,.T.);
#9486=FACE_BOUND('',#8944,.T.);
#9487=FACE_BOUND('',#8945,.T.);
#9488=FACE_BOUND('',#8946,.T.);
#9489=FACE_BOUND('',#8947,.T.);
#9490=FACE_BOUND('',#8948,.T.);
#9491=FACE_BOUND('',#8949,.T.);
#9492=FACE_BOUND('',#8950,.T.);
#9493=FACE_BOUND('',#8951,.T.);
#9494=FACE_BOUND('',#8952,.T.);
#9495=FACE_BOUND('',#8953,.T.);
#9496=FACE_BOUND('',#8954,.T.);
#9497=FACE_BOUND('',#8955,.T.);
#9498=FACE_BOUND('',#8956,.T.);
#9499=FACE_BOUND('',#8957,.T.);
#9500=FACE_BOUND('',#8958,.T.);
#9501=FACE_BOUND('',#8959,.T.);
#9502=FACE_BOUND('',#8960,.T.);
#9503=FACE_BOUND('',#8961,.T.);
#9504=FACE_BOUND('',#8962,.T.);
#9505=FACE_BOUND('',#8963,.T.);
#9506=FACE_BOUND('',#8964,.T.);
#9507=FACE_BOUND('',#8965,.T.);
#9508=FACE_BOUND('',#8966,.T.);
#9509=FACE_BOUND('',#8967,.T.);
#9510=FACE_BOUND('',#8968,.T.);
#9511=FACE_BOUND('',#8969,.T.);
#9512=FACE_BOUND('',#8970,.T.);
#9513=FACE_BOUND('',#8971,.T.);
#9514=FACE_BOUND('',#8972,.T.);
#9515=FACE_BOUND('',#8973,.T.);
#9516=FACE_BOUND('',#8974,.T.);
#9517=FACE_BOUND('',#8975,.T.);
#9518=FACE_BOUND('',#8976,.T.);
#9519=FACE_BOUND('',#8977,.T.);
#9520=FACE_BOUND('',#8978,.T.);
#9521=FACE_BOUND('',#8979,.T.);
#9522=FACE_BOUND('',#8980,.T.);
#9523=FACE_BOUND('',#8981,.T.);
#9524=FACE_BOUND('',#8982,.T.);
#9525=FACE_BOUND('',#8983,.T.);
#9526=FACE_BOUND('',#8984,.T.);
#9527=FACE_BOUND('',#8985,.T.);
#9528=FACE_BOUND('',#8986,.T.);
#9529=FACE_BOUND('',#8987,.T.);
#9530=FACE_BOUND('',#8988,.T.);
#9531=FACE_BOUND('',#8989,.T.);
#9532=FACE_BOUND('',#8990,.T.);
#9533=FACE_BOUND('',#8991,.T.);
#9534=FACE_BOUND('',#8992,.T.);
#9535=FACE_BOUND('',#8993,.T.);
#9536=FACE_BOUND('',#8994,.T.);
#9537=FACE_BOUND('',#8995,.T.);
#9538=FACE_BOUND('',#8996,.T.);
#9539=FACE_BOUND('',#8997,.T.);
#9540=FACE_BOUND('',#8998,.T.);
#9541=FACE_BOUND('',#8999,.T.);
#9542=FACE_BOUND('',#9000,.T.);
#9543=FACE_BOUND('',#9001,.T.);
#9544=FACE_BOUND('',#9002,.T.);
#9545=FACE_BOUND('',#9003,.T.);
#9546=FACE_BOUND('',#9004,.T.);
#9547=FACE_BOUND('',#9005,.T.);
#9548=FACE_BOUND('',#9006,.T.);
#9549=FACE_BOUND('',#9007,.T.);
#9550=FACE_BOUND('',#9008,.T.);
#9551=FACE_BOUND('',#9009,.T.);
#9552=FACE_BOUND('',#9010,.T.);
#9553=FACE_BOUND('',#9011,.T.);
#9554=FACE_BOUND('',#9012,.T.);
#9555=FACE_BOUND('',#9013,.T.);
#9556=FACE_BOUND('',#9014,.T.);
#9557=FACE_BOUND('',#9015,.T.);
#9558=FACE_BOUND('',#9016,.T.);
#9559=FACE_BOUND('',#9017,.T.);
#9560=FACE_BOUND('',#9018,.T.);
#9561=FACE_BOUND('',#9019,.T.);
#9562=FACE_BOUND('',#9020,.T.);
#9563=FACE_BOUND('',#9021,.T.);
#9564=FACE_BOUND('',#9022,.T.);
#9565=FACE_BOUND('',#9023,.T.);
#9566=FACE_BOUND('',#9024,.T.);
#9567=FACE_BOUND('',#9025,.T.);
#9568=FACE_BOUND('',#9026,.T.);
#9569=FACE_BOUND('',#9027,.T.);
#9570=FACE_BOUND('',#9028,.T.);
#9571=FACE_BOUND('',#9029,.T.);
#9572=FACE_BOUND('',#9030,.T.);
#9573=FACE_BOUND('',#9031,.T.);
#9574=FACE_BOUND('',#9032,.T.);
#9575=FACE_BOUND('',#9033,.T.);
#9576=FACE_BOUND('',#9034,.T.);
#9577=FACE_BOUND('',#9035,.T.);
#9578=FACE_BOUND('',#9036,.T.);
#9579=FACE_BOUND('',#9037,.T.);
#9580=FACE_BOUND('',#9038,.T.);
#9581=FACE_BOUND('',#9039,.T.);
#9582=FACE_BOUND('',#9040,.T.);
#9583=FACE_BOUND('',#9041,.T.);
#9584=FACE_BOUND('',#9042,.T.);
#9585=FACE_BOUND('',#9043,.T.);
#9586=FACE_BOUND('',#9044,.T.);
#9587=FACE_BOUND('',#9045,.T.);
#9588=FACE_BOUND('',#9046,.T.);
#9589=FACE_BOUND('',#9047,.T.);
#9590=FACE_BOUND('',#9048,.T.);
#9591=FACE_BOUND('',#9049,.T.);
#9592=FACE_BOUND('',#9050,.T.);
#9593=FACE_BOUND('',#9051,.T.);
#9594=FACE_BOUND('',#9052,.T.);
#9595=FACE_BOUND('',#9053,.T.);
#9596=FACE_BOUND('',#9054,.T.);
#9597=FACE_BOUND('',#9055,.T.);
#9598=FACE_BOUND('',#9056,.T.);
#9599=FACE_BOUND('',#9057,.T.);
#9600=FACE_BOUND('',#9058,.T.);
#9601=FACE_BOUND('',#9059,.T.);
#9602=FACE_BOUND('',#9060,.T.);
#9603=FACE_BOUND('',#9061,.T.);
#9604=FACE_BOUND('',#9062,.T.);
#9605=FACE_BOUND('',#9063,.T.);
#9606=FACE_BOUND('',#9064,.T.);
#9607=FACE_BOUND('',#9065,.T.);
#9608=FACE_BOUND('',#9066,.T.);
#9609=FACE_BOUND('',#9067,.T.);
#9610=FACE_BOUND('',#9068,.T.);
#9611=FACE_BOUND('',#9069,.T.);
#9612=FACE_BOUND('',#9070,.T.);
#9613=FACE_BOUND('',#9071,.T.);
#9614=FACE_BOUND('',#9072,.T.);
#9615=FACE_BOUND('',#9073,.T.);
#9616=FACE_BOUND('',#9074,.T.);
#9617=FACE_BOUND('',#9075,.T.);
#9618=FACE_BOUND('',#9076,.T.);
#9619=FACE_BOUND('',#9077,.T.);
#9620=FACE_BOUND('',#9078,.T.);
#9621=FACE_BOUND('',#9079,.T.);
#9622=FACE_BOUND('',#9080,.T.);
#9623=FACE_BOUND('',#9081,.T.);
#9624=FACE_BOUND('',#9082,.T.);
#9625=FACE_BOUND('',#9083,.T.);
#9626=FACE_BOUND('',#9084,.T.);
#9627=FACE_BOUND('',#9085,.T.);
#9628=FACE_BOUND('',#9086,.T.);
#9629=FACE_BOUND('',#9087,.T.);
#9630=FACE_BOUND('',#9088,.T.);
#9631=FACE_BOUND('',#9089,.T.);
#9632=FACE_BOUND('',#9090,.T.);
#9633=FACE_BOUND('',#9091,.T.);
#9634=FACE_BOUND('',#9092,.T.);
#9635=FACE_BOUND('',#9093,.T.);
#9636=FACE_BOUND('',#9094,.T.);
#9637=FACE_BOUND('',#9095,.T.);
#9638=FACE_BOUND('',#9096,.T.);
#9639=FACE_BOUND('',#9097,.T.);
#9640=FACE_BOUND('',#9098,.T.);
#9641=FACE_BOUND('',#9099,.T.);
#9642=FACE_BOUND('',#9100,.T.);
#9643=FACE_BOUND('',#9101,.T.);
#9644=FACE_BOUND('',#9102,.T.);
#9645=FACE_BOUND('',#9103,.T.);
#9646=FACE_BOUND('',#9104,.T.);
#9647=FACE_BOUND('',#9105,.T.);
#9648=FACE_BOUND('',#9106,.T.);
#9649=FACE_BOUND('',#9107,.T.);
#9650=FACE_BOUND('',#9108,.T.);
#9651=FACE_BOUND('',#9109,.T.);
#9652=FACE_BOUND('',#9110,.T.);
#9653=FACE_BOUND('',#9111,.T.);
#9654=FACE_BOUND('',#9112,.T.);
#9655=FACE_BOUND('',#9113,.T.);
#9656=FACE_BOUND('',#9114,.T.);
#9657=FACE_BOUND('',#9115,.T.);
#9658=FACE_BOUND('',#9116,.T.);
#9659=FACE_BOUND('',#9117,.T.);
#9660=FACE_BOUND('',#9118,.T.);
#9661=FACE_BOUND('',#9119,.T.);
#9662=FACE_BOUND('',#9120,.T.);
#9663=FACE_BOUND('',#9121,.T.);
#9664=FACE_BOUND('',#9122,.T.);
#9665=FACE_BOUND('',#9123,.T.);
#9666=FACE_BOUND('',#9124,.T.);
#9667=FACE_BOUND('',#9125,.T.);
#9668=FACE_BOUND('',#9126,.T.);
#9669=FACE_BOUND('',#9127,.T.);
#9670=FACE_BOUND('',#9128,.T.);
#9671=FACE_BOUND('',#9129,.T.);
#9672=FACE_BOUND('',#9130,.T.);
#9673=FACE_BOUND('',#9131,.T.);
#9674=FACE_BOUND('',#9132,.T.);
#9675=FACE_BOUND('',#9133,.T.);
#9676=FACE_BOUND('',#9134,.T.);
#9677=FACE_BOUND('',#9135,.T.);
#9678=FACE_BOUND('',#9136,.T.);
#9679=FACE_BOUND('',#9137,.T.);
#9680=FACE_BOUND('',#9138,.T.);
#9681=FACE_BOUND('',#9139,.T.);
#9682=FACE_BOUND('',#9140,.T.);
#9683=FACE_BOUND('',#9141,.T.);
#9684=FACE_BOUND('',#9142,.T.);
#9685=FACE_BOUND('',#9143,.T.);
#9686=FACE_BOUND('',#9144,.T.);
#9687=FACE_BOUND('',#9145,.T.);
#9688=FACE_BOUND('',#9146,.T.);
#9689=FACE_BOUND('',#9147,.T.);
#9690=FACE_BOUND('',#9148,.T.);
#9691=FACE_BOUND('',#9149,.T.);
#9692=FACE_BOUND('',#9150,.T.);
#9693=FACE_BOUND('',#9151,.T.);
#9694=FACE_BOUND('',#9152,.T.);
#9695=FACE_BOUND('',#9153,.T.);
#9696=FACE_BOUND('',#9154,.T.);
#9697=FACE_BOUND('',#9155,.T.);
#9698=FACE_BOUND('',#9156,.T.);
#9699=FACE_BOUND('',#9157,.T.);
#9700=FACE_BOUND('',#9158,.T.);
#9701=FACE_BOUND('',#9159,.T.);
#9702=FACE_BOUND('',#9160,.T.);
#9703=FACE_BOUND('',#9161,.T.);
#9704=FACE_BOUND('',#9162,.T.);
#9705=FACE_BOUND('',#9163,.T.);
#9706=FACE_BOUND('',#9164,.T.);
#9707=FACE_BOUND('',#9165,.T.);
#9708=FACE_BOUND('',#9166,.T.);
#9709=FACE_BOUND('',#9167,.T.);
#9710=FACE_BOUND('',#9168,.T.);
#9711=FACE_BOUND('',#9169,.T.);
#9712=FACE_BOUND('',#9170,.T.);
#9713=FACE_BOUND('',#9171,.T.);
#9714=FACE_BOUND('',#9172,.T.);
#9715=FACE_BOUND('',#9173,.T.);
#9716=FACE_BOUND('',#9174,.T.);
#9717=FACE_BOUND('',#9175,.T.);
#9718=FACE_BOUND('',#9176,.T.);
#9719=FACE_BOUND('',#9177,.T.);
#9720=FACE_BOUND('',#9178,.T.);
#9721=FACE_BOUND('',#9179,.T.);
#9722=FACE_BOUND('',#9180,.T.);
#9723=FACE_BOUND('',#9181,.T.);
#9724=FACE_BOUND('',#9182,.T.);
#9725=FACE_BOUND('',#9183,.T.);
#9726=FACE_BOUND('',#9184,.T.);
#9727=FACE_BOUND('',#9185,.T.);
#9728=FACE_BOUND('',#9186,.T.);
#9729=FACE_BOUND('',#9187,.T.);
#9730=FACE_BOUND('',#9188,.T.);
#9731=FACE_BOUND('',#9189,.T.);
#9732=FACE_BOUND('',#9190,.T.);
#9733=FACE_BOUND('',#9191,.T.);
#9734=FACE_BOUND('',#9192,.T.);
#9735=FACE_BOUND('',#9193,.T.);
#9736=FACE_BOUND('',#9194,.T.);
#9737=FACE_BOUND('',#9195,.T.);
#9738=FACE_BOUND('',#9196,.T.);
#9739=FACE_BOUND('',#9197,.T.);
#9740=FACE_BOUND('',#9198,.T.);
#9741=FACE_BOUND('',#9199,.T.);
#9742=FACE_BOUND('',#9200,.T.);
#9743=FACE_BOUND('',#9201,.T.);
#9744=FACE_BOUND('',#9202,.T.);
#9745=FACE_BOUND('',#9203,.T.);
#9746=FACE_BOUND('',#9204,.T.);
#9747=FACE_BOUND('',#9205,.T.);
#9748=FACE_BOUND('',#9206,.T.);
#9749=FACE_BOUND('',#9207,.T.);
#9750=FACE_BOUND('',#9208,.T.);
#9751=FACE_BOUND('',#9209,.T.);
#9752=FACE_BOUND('',#9210,.T.);
#9753=FACE_BOUND('',#9211,.T.);
#9754=FACE_BOUND('',#9212,.T.);
#9755=FACE_BOUND('',#9213,.T.);
#9756=FACE_BOUND('',#9214,.T.);
#9757=FACE_BOUND('',#9215,.T.);
#9758=FACE_BOUND('',#9216,.T.);
#9759=FACE_BOUND('',#9217,.T.);
#9760=FACE_BOUND('',#9218,.T.);
#9761=FACE_BOUND('',#9219,.T.);
#9762=FACE_BOUND('',#9220,.T.);
#9763=FACE_BOUND('',#9221,.T.);
#9764=FACE_BOUND('',#9222,.T.);
#9765=FACE_BOUND('',#9223,.T.);
#9766=FACE_BOUND('',#9224,.T.);
#9767=FACE_BOUND('',#9225,.T.);
#9768=FACE_BOUND('',#9226,.T.);
#9769=FACE_BOUND('',#9227,.T.);
#9770=FACE_BOUND('',#9228,.T.);
#9771=FACE_BOUND('',#9229,.T.);
#9772=FACE_BOUND('',#9230,.T.);
#9773=FACE_BOUND('',#9231,.T.);
#9774=FACE_BOUND('',#9232,.T.);
#9775=FACE_BOUND('',#9233,.T.);
#9776=FACE_BOUND('',#9234,.T.);
#9777=FACE_BOUND('',#9235,.T.);
#9778=FACE_BOUND('',#9236,.T.);
#9779=FACE_BOUND('',#9237,.T.);
#9780=FACE_BOUND('',#9238,.T.);
#9781=FACE_BOUND('',#9239,.T.);
#9782=FACE_BOUND('',#9240,.T.);
#9783=FACE_BOUND('',#9241,.T.);
#9784=FACE_BOUND('',#9242,.T.);
#9785=FACE_BOUND('',#9243,.T.);
#9786=FACE_BOUND('',#9244,.T.);
#9787=FACE_BOUND('',#9245,.T.);
#9788=FACE_BOUND('',#9246,.T.);
#9789=FACE_BOUND('',#9247,.T.);
#9790=FACE_BOUND('',#9248,.T.);
#9791=FACE_BOUND('',#9249,.T.);
#9792=FACE_BOUND('',#9250,.T.);
#9793=FACE_BOUND('',#9251,.T.);
#9794=FACE_BOUND('',#9252,.T.);
#9795=FACE_BOUND('',#9253,.T.);
#9796=FACE_BOUND('',#9254,.T.);
#9797=FACE_BOUND('',#9255,.T.);
#9798=FACE_BOUND('',#9256,.T.);
#9799=FACE_BOUND('',#9257,.T.);
#9800=FACE_BOUND('',#9258,.T.);
#9801=FACE_BOUND('',#9259,.T.);
#9802=FACE_BOUND('',#9260,.T.);
#9803=FACE_BOUND('',#9261,.T.);
#9804=FACE_BOUND('',#9262,.T.);
#9805=FACE_BOUND('',#9263,.T.);
#9806=FACE_BOUND('',#9264,.T.);
#9807=FACE_BOUND('',#9265,.T.);
#9808=FACE_BOUND('',#9266,.T.);
#9809=FACE_BOUND('',#9267,.T.);
#9810=FACE_BOUND('',#9268,.T.);
#9811=FACE_BOUND('',#9269,.T.);
#9812=FACE_BOUND('',#9270,.T.);
#9813=FACE_BOUND('',#9271,.T.);
#9814=FACE_BOUND('',#9272,.T.);
#9815=FACE_BOUND('',#9273,.T.);
#9816=FACE_BOUND('',#9274,.T.);
#9817=FACE_BOUND('',#9275,.T.);
#9818=FACE_BOUND('',#9276,.T.);
#9819=FACE_BOUND('',#9277,.T.);
#9820=FACE_BOUND('',#9278,.T.);
#9821=FACE_BOUND('',#9279,.T.);
#9822=FACE_BOUND('',#9280,.T.);
#9823=FACE_BOUND('',#9281,.T.);
#9824=FACE_BOUND('',#9282,.T.);
#9825=FACE_BOUND('',#9283,.T.);
#9826=FACE_BOUND('',#9284,.T.);
#9827=FACE_BOUND('',#9285,.T.);
#9828=FACE_BOUND('',#9286,.T.);
#9829=FACE_BOUND('',#9287,.T.);
#9830=FACE_BOUND('',#9288,.T.);
#9831=FACE_BOUND('',#9289,.T.);
#9832=FACE_BOUND('',#9290,.T.);
#9833=FACE_BOUND('',#9291,.T.);
#9834=FACE_BOUND('',#9292,.T.);
#9835=FACE_BOUND('',#9293,.T.);
#9836=FACE_BOUND('',#9294,.T.);
#9837=FACE_BOUND('',#9295,.T.);
#9838=FACE_BOUND('',#9296,.T.);
#9839=FACE_BOUND('',#9297,.T.);
#9840=FACE_BOUND('',#9298,.T.);
#9841=FACE_BOUND('',#9299,.T.);
#9842=FACE_BOUND('',#9300,.T.);
#9843=FACE_BOUND('',#9301,.T.);
#9844=FACE_BOUND('',#9302,.T.);
#9845=FACE_BOUND('',#9303,.T.);
#9846=FACE_BOUND('',#9304,.T.);
#9847=FACE_BOUND('',#9305,.T.);
#9848=FACE_BOUND('',#9306,.T.);
#9849=FACE_BOUND('',#9307,.T.);
#9850=FACE_BOUND('',#9308,.T.);
#9851=FACE_BOUND('',#9309,.T.);
#9852=FACE_BOUND('',#9310,.T.);
#9853=FACE_BOUND('',#9311,.T.);
#9854=FACE_BOUND('',#9312,.T.);
#9855=FACE_BOUND('',#9313,.T.);
#9856=FACE_BOUND('',#9314,.T.);
#9857=FACE_BOUND('',#9315,.T.);
#9858=FACE_BOUND('',#9316,.T.);
#9859=FACE_BOUND('',#9317,.T.);
#9860=FACE_BOUND('',#9318,.T.);
#9861=FACE_BOUND('',#9319,.T.);
#9862=FACE_BOUND('',#9320,.T.);
#9863=FACE_BOUND('',#9321,.T.);
#9864=FACE_BOUND('',#9322,.T.);
#9865=FACE_BOUND('',#9323,.T.);
#9866=FACE_BOUND('',#9324,.T.);
#9867=FACE_BOUND('',#9325,.T.);
#9868=FACE_BOUND('',#9326,.T.);
#9869=FACE_BOUND('',#9327,.T.);
#9870=FACE_BOUND('',#9328,.T.);
#9871=FACE_BOUND('',#9329,.T.);
#9872=FACE_BOUND('',#9330,.T.);
#9873=FACE_BOUND('',#9331,.T.);
#9874=FACE_BOUND('',#9332,.T.);
#9875=FACE_BOUND('',#9333,.T.);
#9876=FACE_BOUND('',#9334,.T.);
#9877=FACE_BOUND('',#9335,.T.);
#9878=FACE_BOUND('',#9336,.T.);
#9879=FACE_BOUND('',#9337,.T.);
#9880=FACE_BOUND('',#9338,.T.);
#9881=FACE_BOUND('',#9339,.T.);
#9882=FACE_BOUND('',#9340,.T.);
#9883=FACE_BOUND('',#9341,.T.);
#9884=FACE_BOUND('',#9342,.T.);
#9885=FACE_BOUND('',#9343,.T.);
#9886=FACE_BOUND('',#9344,.T.);
#9887=FACE_BOUND('',#9345,.T.);
#9888=FACE_BOUND('',#9346,.T.);
#9889=FACE_BOUND('',#9347,.T.);
#9890=FACE_BOUND('',#9348,.T.);
#9891=FACE_BOUND('',#9349,.T.);
#9892=FACE_BOUND('',#9350,.T.);
#9893=FACE_BOUND('',#9351,.T.);
#9894=FACE_BOUND('',#9352,.T.);
#9895=FACE_BOUND('',#9353,.T.);
#9896=FACE_BOUND('',#9354,.T.);
#9897=FACE_BOUND('',#9355,.T.);
#9898=FACE_BOUND('',#9356,.T.);
#9899=FACE_BOUND('',#9357,.T.);
#9900=FACE_BOUND('',#9358,.T.);
#9901=FACE_BOUND('',#9359,.T.);
#9902=FACE_BOUND('',#9360,.T.);
#9903=FACE_BOUND('',#9361,.T.);
#9904=FACE_BOUND('',#9362,.T.);
#9905=FACE_BOUND('',#9363,.T.);
#9906=FACE_BOUND('',#9364,.T.);
#9907=FACE_BOUND('',#9365,.T.);
#9908=FACE_BOUND('',#9366,.T.);
#9909=FACE_BOUND('',#9367,.T.);
#9910=FACE_BOUND('',#9368,.T.);
#9911=FACE_BOUND('',#9369,.T.);
#9912=FACE_BOUND('',#9370,.T.);
#9913=FACE_BOUND('',#9371,.T.);
#9914=FACE_BOUND('',#9372,.T.);
#9915=FACE_BOUND('',#9373,.T.);
#9916=FACE_BOUND('',#9374,.T.);
#9917=FACE_BOUND('',#9375,.T.);
#9918=FACE_BOUND('',#9376,.T.);
#9919=FACE_BOUND('',#9377,.T.);
#9920=FACE_BOUND('',#9378,.T.);
#9921=FACE_BOUND('',#9379,.T.);
#9922=FACE_BOUND('',#9380,.T.);
#9923=FACE_BOUND('',#9381,.T.);
#9924=FACE_BOUND('',#9382,.T.);
#9925=FACE_BOUND('',#9383,.T.);
#9926=FACE_BOUND('',#9384,.T.);
#9927=FACE_BOUND('',#9385,.T.);
#9928=FACE_BOUND('',#9386,.T.);
#9929=FACE_BOUND('',#9387,.T.);
#9930=FACE_BOUND('',#9388,.T.);
#9931=FACE_BOUND('',#9389,.T.);
#9932=FACE_BOUND('',#9390,.T.);
#9933=FACE_BOUND('',#9391,.T.);
#9934=FACE_BOUND('',#9392,.T.);
#9935=FACE_BOUND('',#9393,.T.);
#9936=FACE_BOUND('',#9394,.T.);
#9937=FACE_BOUND('',#9395,.T.);
#9938=FACE_BOUND('',#9396,.T.);
#9939=FACE_BOUND('',#9397,.T.);
#9940=FACE_BOUND('',#9398,.T.);
#9941=FACE_BOUND('',#9399,.T.);
#9942=FACE_BOUND('',#9400,.T.);
#9943=FACE_BOUND('',#9401,.T.);
#9944=FACE_BOUND('',#9402,.T.);
#9945=FACE_BOUND('',#9403,.T.);
#9946=FACE_BOUND('',#9404,.T.);
#9947=FACE_BOUND('',#9405,.T.);
#9948=FACE_BOUND('',#9406,.T.);
#9949=FACE_BOUND('',#9407,.T.);
#9950=FACE_BOUND('',#9408,.T.);
#9951=FACE_BOUND('',#9409,.T.);
#9952=FACE_BOUND('',#9410,.T.);
#9953=FACE_BOUND('',#9411,.T.);
#9954=FACE_BOUND('',#9412,.T.);
#9955=FACE_BOUND('',#9413,.T.);
#9956=FACE_BOUND('',#9414,.T.);
#9957=FACE_BOUND('',#9415,.T.);
#9958=FACE_BOUND('',#9416,.T.);
#9959=FACE_BOUND('',#9417,.T.);
#9960=FACE_BOUND('',#9418,.T.);
#9961=FACE_BOUND('',#9419,.T.);
#9962=FACE_BOUND('',#9420,.T.);
#9963=FACE_BOUND('',#9421,.T.);
#9964=FACE_BOUND('',#9422,.T.);
#9965=FACE_BOUND('',#9423,.T.);
#9966=FACE_BOUND('',#9424,.T.);
#9967=FACE_BOUND('',#9425,.T.);
#9968=FACE_BOUND('',#9426,.T.);
#9969=FACE_BOUND('',#9427,.T.);
#9970=FACE_BOUND('',#9428,.T.);
#9971=FACE_BOUND('',#9429,.T.);
#9972=FACE_BOUND('',#9430,.T.);
#9973=FACE_BOUND('',#9431,.T.);
#9974=FACE_BOUND('',#9432,.T.);
#9975=FACE_BOUND('',#9433,.T.);
#9976=FACE_BOUND('',#9434,.T.);
#9977=FACE_BOUND('',#9435,.T.);
#9978=FACE_BOUND('',#9436,.T.);
#9979=FACE_BOUND('',#9437,.T.);
#9980=FACE_BOUND('',#9438,.T.);
#9981=FACE_BOUND('',#9439,.T.);
#9982=FACE_BOUND('',#9440,.T.);
#9983=FACE_BOUND('',#9441,.T.);
#9984=FACE_BOUND('',#9442,.T.);
#9985=FACE_BOUND('',#9443,.T.);
#9986=FACE_BOUND('',#9444,.T.);
#9987=FACE_BOUND('',#9445,.T.);
#9988=FACE_BOUND('',#9446,.T.);
#9989=FACE_BOUND('',#9447,.T.);
#9990=FACE_BOUND('',#9448,.T.);
#9991=FACE_BOUND('',#9449,.T.);
#9992=FACE_BOUND('',#9450,.T.);
#9993=FACE_BOUND('',#9451,.T.);
#9994=FACE_BOUND('',#9452,.T.);
#9995=FACE_BOUND('',#9453,.T.);
#9996=FACE_BOUND('',#9454,.T.);
#9997=FACE_BOUND('',#9455,.T.);
#9998=FACE_BOUND('',#9456,.T.);
#9999=FACE_BOUND('',#9457,.T.);
#10000=FACE_BOUND('',#9458,.T.);
#10001=FACE_BOUND('',#9459,.T.);
#10002=FACE_BOUND('',#9460,.T.);
#10003=FACE_BOUND('',#9461,.T.);
#10004=FACE_BOUND('',#9462,.T.);
#10005=FACE_BOUND('',#9463,.T.);
#10006=FACE_BOUND('',#9464,.T.);
#10007=FACE_BOUND('',#9465,.T.);
#10008=FACE_BOUND('',#9466,.T.);
#10009=FACE_BOUND('',#9467,.T.);
#10010=FACE_BOUND('',#9468,.T.);
#10011=FACE_BOUND('',#9469,.T.);
#10012=PLANE('',#11077);
#10013=PLANE('',#11078);
#10014=PLANE('',#11079);
#10015=PLANE('',#11080);
#10016=PLANE('',#11081);
#10017=PLANE('',#11082);
#10018=PLANE('',#11083);
#10019=PLANE('',#11084);
#10020=PLANE('',#11085);
#10021=PLANE('',#11086);
#10022=PLANE('',#11087);
#10023=PLANE('',#11088);
#10024=PLANE('',#11089);
#10025=PLANE('',#11090);
#10026=PLANE('',#11091);
#10027=PLANE('',#11092);
#10028=PLANE('',#11093);
#10029=PLANE('',#11094);
#10030=PLANE('',#11095);
#10031=PLANE('',#11096);
#10032=PLANE('',#11097);
#10033=PLANE('',#11098);
#10034=PLANE('',#11099);
#10035=PLANE('',#11100);
#10036=PLANE('',#11101);
#10037=PLANE('',#11102);
#10038=PLANE('',#11103);
#10039=PLANE('',#11104);
#10040=PLANE('',#11105);
#10041=PLANE('',#11106);
#10042=PLANE('',#11107);
#10043=PLANE('',#11108);
#10044=PLANE('',#11109);
#10045=PLANE('',#11110);
#10046=PLANE('',#11111);
#10047=PLANE('',#11112);
#10048=PLANE('',#11113);
#10049=PLANE('',#11114);
#10050=PLANE('',#11115);
#10051=PLANE('',#11116);
#10052=PLANE('',#11117);
#10053=PLANE('',#11118);
#10054=PLANE('',#11119);
#10055=PLANE('',#11120);
#10056=PLANE('',#11121);
#10057=PLANE('',#11122);
#10058=PLANE('',#11123);
#10059=PLANE('',#11124);
#10060=PLANE('',#11125);
#10061=PLANE('',#11126);
#10062=PLANE('',#11127);
#10063=PLANE('',#11128);
#10064=PLANE('',#11129);
#10065=PLANE('',#11130);
#10066=PLANE('',#11131);
#10067=PLANE('',#11132);
#10068=PLANE('',#11133);
#10069=PLANE('',#11134);
#10070=PLANE('',#11135);
#10071=PLANE('',#11136);
#10072=PLANE('',#11137);
#10073=PLANE('',#11138);
#10074=PLANE('',#11139);
#10075=PLANE('',#11140);
#10076=PLANE('',#11141);
#10077=PLANE('',#11142);
#10078=PLANE('',#11143);
#10079=PLANE('',#11144);
#10080=PLANE('',#11145);
#10081=PLANE('',#11146);
#10082=PLANE('',#11147);
#10083=PLANE('',#11148);
#10084=PLANE('',#11149);
#10085=PLANE('',#11150);
#10086=PLANE('',#11151);
#10087=PLANE('',#11152);
#10088=PLANE('',#11153);
#10089=PLANE('',#11154);
#10090=PLANE('',#11155);
#10091=PLANE('',#11156);
#10092=PLANE('',#11157);
#10093=PLANE('',#11158);
#10094=PLANE('',#11159);
#10095=PLANE('',#11160);
#10096=PLANE('',#11161);
#10097=PLANE('',#11162);
#10098=PLANE('',#11163);
#10099=PLANE('',#11164);
#10100=PLANE('',#11165);
#10101=PLANE('',#11166);
#10102=PLANE('',#11167);
#10103=PLANE('',#11168);
#10104=PLANE('',#11169);
#10105=PLANE('',#11170);
#10106=PLANE('',#11171);
#10107=PLANE('',#11172);
#10108=PLANE('',#11173);
#10109=PLANE('',#11174);
#10110=PLANE('',#11175);
#10111=PLANE('',#11176);
#10112=PLANE('',#11177);
#10113=PLANE('',#11178);
#10114=PLANE('',#11179);
#10115=PLANE('',#11180);
#10116=PLANE('',#11181);
#10117=PLANE('',#11182);
#10118=PLANE('',#11183);
#10119=PLANE('',#11184);
#10120=PLANE('',#11185);
#10121=PLANE('',#11186);
#10122=PLANE('',#11187);
#10123=PLANE('',#11188);
#10124=PLANE('',#11189);
#10125=PLANE('',#11190);
#10126=PLANE('',#11191);
#10127=PLANE('',#11192);
#10128=PLANE('',#11193);
#10129=PLANE('',#11194);
#10130=PLANE('',#11195);
#10131=PLANE('',#11196);
#10132=PLANE('',#11197);
#10133=PLANE('',#11198);
#10134=PLANE('',#11199);
#10135=PLANE('',#11200);
#10136=PLANE('',#11201);
#10137=PLANE('',#11202);
#10138=PLANE('',#11203);
#10139=PLANE('',#11204);
#10140=PLANE('',#11205);
#10141=PLANE('',#11206);
#10142=PLANE('',#11207);
#10143=PLANE('',#11208);
#10144=PLANE('',#11209);
#10145=PLANE('',#11210);
#10146=PLANE('',#11211);
#10147=PLANE('',#11212);
#10148=PLANE('',#11213);
#10149=PLANE('',#11214);
#10150=PLANE('',#11215);
#10151=PLANE('',#11216);
#10152=PLANE('',#11217);
#10153=PLANE('',#11218);
#10154=PLANE('',#11219);
#10155=PLANE('',#11220);
#10156=PLANE('',#11221);
#10157=PLANE('',#11222);
#10158=PLANE('',#11223);
#10159=PLANE('',#11224);
#10160=PLANE('',#11225);
#10161=PLANE('',#11226);
#10162=PLANE('',#11227);
#10163=PLANE('',#11228);
#10164=PLANE('',#11229);
#10165=PLANE('',#11230);
#10166=PLANE('',#11231);
#10167=PLANE('',#11232);
#10168=PLANE('',#11233);
#10169=PLANE('',#11234);
#10170=PLANE('',#11235);
#10171=PLANE('',#11236);
#10172=PLANE('',#11237);
#10173=PLANE('',#11238);
#10174=PLANE('',#11239);
#10175=PLANE('',#11240);
#10176=PLANE('',#11241);
#10177=PLANE('',#11242);
#10178=PLANE('',#11243);
#10179=PLANE('',#11244);
#10180=PLANE('',#11245);
#10181=PLANE('',#11246);
#10182=PLANE('',#11247);
#10183=PLANE('',#11248);
#10184=PLANE('',#11249);
#10185=PLANE('',#11250);
#10186=PLANE('',#11251);
#10187=PLANE('',#11252);
#10188=PLANE('',#11253);
#10189=PLANE('',#11254);
#10190=PLANE('',#11255);
#10191=PLANE('',#11256);
#10192=PLANE('',#11257);
#10193=PLANE('',#11258);
#10194=PLANE('',#11259);
#10195=PLANE('',#11260);
#10196=PLANE('',#11261);
#10197=PLANE('',#11262);
#10198=PLANE('',#11263);
#10199=PLANE('',#11264);
#10200=PLANE('',#11265);
#10201=PLANE('',#11266);
#10202=PLANE('',#11267);
#10203=PLANE('',#11268);
#10204=PLANE('',#11269);
#10205=PLANE('',#11270);
#10206=PLANE('',#11271);
#10207=PLANE('',#11272);
#10208=PLANE('',#11273);
#10209=PLANE('',#11274);
#10210=PLANE('',#11275);
#10211=PLANE('',#11276);
#10212=PLANE('',#11277);
#10213=PLANE('',#11278);
#10214=PLANE('',#11279);
#10215=PLANE('',#11280);
#10216=PLANE('',#11281);
#10217=PLANE('',#11282);
#10218=PLANE('',#11283);
#10219=PLANE('',#11284);
#10220=PLANE('',#11285);
#10221=PLANE('',#11286);
#10222=PLANE('',#11287);
#10223=PLANE('',#11288);
#10224=PLANE('',#11289);
#10225=PLANE('',#11290);
#10226=PLANE('',#11291);
#10227=PLANE('',#11292);
#10228=PLANE('',#11293);
#10229=PLANE('',#11294);
#10230=PLANE('',#11295);
#10231=PLANE('',#11296);
#10232=PLANE('',#11297);
#10233=PLANE('',#11298);
#10234=PLANE('',#11299);
#10235=PLANE('',#11300);
#10236=PLANE('',#11301);
#10237=PLANE('',#11302);
#10238=PLANE('',#11303);
#10239=PLANE('',#11304);
#10240=PLANE('',#11305);
#10241=PLANE('',#11306);
#10242=PLANE('',#11307);
#10243=PLANE('',#11308);
#10244=PLANE('',#11309);
#10245=PLANE('',#11310);
#10246=PLANE('',#11311);
#10247=PLANE('',#11312);
#10248=PLANE('',#11313);
#10249=PLANE('',#11314);
#10250=PLANE('',#11315);
#10251=PLANE('',#11316);
#10252=PLANE('',#11317);
#10253=PLANE('',#11318);
#10254=PLANE('',#11319);
#10255=PLANE('',#11320);
#10256=PLANE('',#11321);
#10257=PLANE('',#11322);
#10258=PLANE('',#11323);
#10259=PLANE('',#11324);
#10260=PLANE('',#11325);
#10261=PLANE('',#11326);
#10262=PLANE('',#11327);
#10263=PLANE('',#11328);
#10264=PLANE('',#11329);
#10265=PLANE('',#11330);
#10266=PLANE('',#11331);
#10267=PLANE('',#11332);
#10268=PLANE('',#11333);
#10269=PLANE('',#11334);
#10270=PLANE('',#11335);
#10271=PLANE('',#11336);
#10272=PLANE('',#11337);
#10273=PLANE('',#11338);
#10274=PLANE('',#11339);
#10275=PLANE('',#11340);
#10276=PLANE('',#11341);
#10277=PLANE('',#11342);
#10278=PLANE('',#11343);
#10279=PLANE('',#11344);
#10280=PLANE('',#11345);
#10281=PLANE('',#11346);
#10282=PLANE('',#11347);
#10283=PLANE('',#11348);
#10284=PLANE('',#11349);
#10285=PLANE('',#11350);
#10286=PLANE('',#11351);
#10287=PLANE('',#11352);
#10288=PLANE('',#11353);
#10289=PLANE('',#11354);
#10290=PLANE('',#11355);
#10291=PLANE('',#11356);
#10292=PLANE('',#11357);
#10293=PLANE('',#11358);
#10294=PLANE('',#11359);
#10295=PLANE('',#11360);
#10296=PLANE('',#11361);
#10297=PLANE('',#11362);
#10298=PLANE('',#11363);
#10299=PLANE('',#11364);
#10300=PLANE('',#11365);
#10301=PLANE('',#11366);
#10302=PLANE('',#11367);
#10303=PLANE('',#11368);
#10304=PLANE('',#11369);
#10305=PLANE('',#11370);
#10306=PLANE('',#11371);
#10307=PLANE('',#11372);
#10308=PLANE('',#11373);
#10309=PLANE('',#11374);
#10310=PLANE('',#11375);
#10311=PLANE('',#11376);
#10312=PLANE('',#11377);
#10313=PLANE('',#11378);
#10314=PLANE('',#11379);
#10315=PLANE('',#11380);
#10316=PLANE('',#11381);
#10317=PLANE('',#11382);
#10318=PLANE('',#11383);
#10319=PLANE('',#11384);
#10320=PLANE('',#11385);
#10321=PLANE('',#11386);
#10322=PLANE('',#11387);
#10323=PLANE('',#11388);
#10324=PLANE('',#11389);
#10325=PLANE('',#11391);
#10326=PLANE('',#11392);
#10327=PLANE('',#11393);
#10328=PLANE('',#11395);
#10329=PLANE('',#11396);
#10330=PLANE('',#11397);
#10331=PLANE('',#11398);
#10332=PLANE('',#11399);
#10333=PLANE('',#11400);
#10334=PLANE('',#11401);
#10335=PLANE('',#11402);
#10336=PLANE('',#11403);
#10337=PLANE('',#11404);
#10338=PLANE('',#11405);
#10339=PLANE('',#11406);
#10340=PLANE('',#11407);
#10341=PLANE('',#11408);
#10342=PLANE('',#11409);
#10343=PLANE('',#11414);
#10344=PLANE('',#11415);
#10345=PLANE('',#11416);
#10346=PLANE('',#11417);
#10347=PLANE('',#11418);
#10348=PLANE('',#11419);
#10349=PLANE('',#11420);
#10350=PLANE('',#11421);
#10351=PLANE('',#11422);
#10352=PLANE('',#11423);
#10353=PLANE('',#11424);
#10354=PLANE('',#11425);
#10355=PLANE('',#11426);
#10356=PLANE('',#11427);
#10357=PLANE('',#11428);
#10358=PLANE('',#11429);
#10359=PLANE('',#11430);
#10360=PLANE('',#11431);
#10361=PLANE('',#11432);
#10362=PLANE('',#11433);
#10363=PLANE('',#11434);
#10364=PLANE('',#11435);
#10365=PLANE('',#11436);
#10366=PLANE('',#11437);
#10367=PLANE('',#11438);
#10368=PLANE('',#11439);
#10369=PLANE('',#11440);
#10370=PLANE('',#11441);
#10371=PLANE('',#11442);
#10372=PLANE('',#11443);
#10373=PLANE('',#11444);
#10374=PLANE('',#11445);
#10375=PLANE('',#11446);
#10376=PLANE('',#11447);
#10377=PLANE('',#11448);
#10378=PLANE('',#11449);
#10379=PLANE('',#11450);
#10380=PLANE('',#11451);
#10381=PLANE('',#11452);
#10382=PLANE('',#11453);
#10383=PLANE('',#11454);
#10384=PLANE('',#11455);
#10385=PLANE('',#11456);
#10386=PLANE('',#11457);
#10387=PLANE('',#11458);
#10388=PLANE('',#11459);
#10389=PLANE('',#11460);
#10390=PLANE('',#11461);
#10391=PLANE('',#11462);
#10392=PLANE('',#11463);
#10393=PLANE('',#11464);
#10394=PLANE('',#11465);
#10395=PLANE('',#11466);
#10396=PLANE('',#11467);
#10397=PLANE('',#11468);
#10398=PLANE('',#11469);
#10399=PLANE('',#11470);
#10400=PLANE('',#11471);
#10401=PLANE('',#11472);
#10402=PLANE('',#11473);
#10403=PLANE('',#11474);
#10404=PLANE('',#11475);
#10405=PLANE('',#11476);
#10406=PLANE('',#11477);
#10407=PLANE('',#11478);
#10408=PLANE('',#11479);
#10409=PLANE('',#11480);
#10410=PLANE('',#11481);
#10411=PLANE('',#11482);
#10412=PLANE('',#11483);
#10413=PLANE('',#11484);
#10414=PLANE('',#11485);
#10415=PLANE('',#11486);
#10416=PLANE('',#11487);
#10417=PLANE('',#11488);
#10418=PLANE('',#11489);
#10419=PLANE('',#11490);
#10420=PLANE('',#11491);
#10421=PLANE('',#11492);
#10422=PLANE('',#11493);
#10423=PLANE('',#11494);
#10424=PLANE('',#11495);
#10425=PLANE('',#11496);
#10426=PLANE('',#11497);
#10427=PLANE('',#11498);
#10428=PLANE('',#11499);
#10429=PLANE('',#11500);
#10430=PLANE('',#11501);
#10431=PLANE('',#11502);
#10432=PLANE('',#11503);
#10433=PLANE('',#11504);
#10434=PLANE('',#11505);
#10435=PLANE('',#11506);
#10436=PLANE('',#11507);
#10437=PLANE('',#11508);
#10438=PLANE('',#11509);
#10439=PLANE('',#11510);
#10440=PLANE('',#11511);
#10441=PLANE('',#11512);
#10442=PLANE('',#11513);
#10443=PLANE('',#11514);
#10444=PLANE('',#11515);
#10445=PLANE('',#11516);
#10446=PLANE('',#11517);
#10447=PLANE('',#11518);
#10448=PLANE('',#11519);
#10449=PLANE('',#11520);
#10450=PLANE('',#11521);
#10451=PLANE('',#11522);
#10452=PLANE('',#11523);
#10453=PLANE('',#11524);
#10454=PLANE('',#11525);
#10455=PLANE('',#11526);
#10456=PLANE('',#11527);
#10457=PLANE('',#11528);
#10458=PLANE('',#11529);
#10459=PLANE('',#11530);
#10460=PLANE('',#11531);
#10461=PLANE('',#11532);
#10462=PLANE('',#11533);
#10463=PLANE('',#11534);
#10464=PLANE('',#11535);
#10465=PLANE('',#11536);
#10466=PLANE('',#11537);
#10467=PLANE('',#11538);
#10468=PLANE('',#11539);
#10469=PLANE('',#11540);
#10470=PLANE('',#11541);
#10471=PLANE('',#11542);
#10472=PLANE('',#11543);
#10473=PLANE('',#11544);
#10474=PLANE('',#11545);
#10475=PLANE('',#11546);
#10476=PLANE('',#11547);
#10477=PLANE('',#11548);
#10478=PLANE('',#11549);
#10479=PLANE('',#11550);
#10480=PLANE('',#11551);
#10481=PLANE('',#11552);
#10482=PLANE('',#11553);
#10483=PLANE('',#11554);
#10484=PLANE('',#11555);
#10485=PLANE('',#11556);
#10486=PLANE('',#11557);
#10487=PLANE('',#11558);
#10488=PLANE('',#11559);
#10489=PLANE('',#11560);
#10490=PLANE('',#11561);
#10491=PLANE('',#11562);
#10492=PLANE('',#11563);
#10493=PLANE('',#11564);
#10494=PLANE('',#11565);
#10495=PLANE('',#11566);
#10496=PLANE('',#11567);
#10497=PLANE('',#11568);
#10498=PLANE('',#11569);
#10499=PLANE('',#11570);
#10500=PLANE('',#11571);
#10501=PLANE('',#11572);
#10502=PLANE('',#11573);
#10503=PLANE('',#11574);
#10504=PLANE('',#11575);
#10505=PLANE('',#11576);
#10506=PLANE('',#11577);
#10507=PLANE('',#11578);
#10508=PLANE('',#11579);
#10509=PLANE('',#11580);
#10510=PLANE('',#11581);
#10511=PLANE('',#11582);
#10512=PLANE('',#11583);
#10513=PLANE('',#11584);
#10514=PLANE('',#11585);
#10515=PLANE('',#11586);
#10516=PLANE('',#11587);
#10517=PLANE('',#11588);
#10518=PLANE('',#11589);
#10519=PLANE('',#11590);
#10520=PLANE('',#11591);
#10521=PLANE('',#11592);
#10522=PLANE('',#11593);
#10523=PLANE('',#11594);
#10524=PLANE('',#11595);
#10525=PLANE('',#11596);
#10526=PLANE('',#11597);
#10527=PLANE('',#11598);
#10528=PLANE('',#11599);
#10529=PLANE('',#11600);
#10530=PLANE('',#11601);
#10531=PLANE('',#11602);
#10532=PLANE('',#11603);
#10533=PLANE('',#11604);
#10534=PLANE('',#11605);
#10535=PLANE('',#11606);
#10536=ADVANCED_FACE('',(#9470,#9471),#10012,.F.);
#10537=ADVANCED_FACE('',(#9472,#9473),#10013,.F.);
#10538=ADVANCED_FACE('',(#9474,#9475),#10014,.F.);
#10539=ADVANCED_FACE('',(#9476,#9477),#10015,.F.);
#10540=ADVANCED_FACE('',(#9478,#9479,#9480,#9481,#9482,#9483),#10016,.F.);
#10541=ADVANCED_FACE('',(#9484,#9485,#9486,#9487,#9488,#9489),#10017,.T.);
#10542=ADVANCED_FACE('',(#9490),#10018,.F.);
#10543=ADVANCED_FACE('',(#9491),#10019,.F.);
#10544=ADVANCED_FACE('',(#9492),#10020,.F.);
#10545=ADVANCED_FACE('',(#9493),#10021,.F.);
#10546=ADVANCED_FACE('',(#9494),#10022,.F.);
#10547=ADVANCED_FACE('',(#9495),#10023,.F.);
#10548=ADVANCED_FACE('',(#9496),#10024,.F.);
#10549=ADVANCED_FACE('',(#9497),#10025,.F.);
#10550=ADVANCED_FACE('',(#9498),#10026,.F.);
#10551=ADVANCED_FACE('',(#9499),#10027,.F.);
#10552=ADVANCED_FACE('',(#9500),#10028,.F.);
#10553=ADVANCED_FACE('',(#9501),#10029,.F.);
#10554=ADVANCED_FACE('',(#9502),#10030,.F.);
#10555=ADVANCED_FACE('',(#9503),#10031,.F.);
#10556=ADVANCED_FACE('',(#9504),#10032,.F.);
#10557=ADVANCED_FACE('',(#9505),#10033,.F.);
#10558=ADVANCED_FACE('',(#9506),#10034,.F.);
#10559=ADVANCED_FACE('',(#9507),#10035,.F.);
#10560=ADVANCED_FACE('',(#9508),#10036,.F.);
#10561=ADVANCED_FACE('',(#9509),#10037,.F.);
#10562=ADVANCED_FACE('',(#9510),#10038,.F.);
#10563=ADVANCED_FACE('',(#9511),#10039,.F.);
#10564=ADVANCED_FACE('',(#9512),#10040,.F.);
#10565=ADVANCED_FACE('',(#9513),#10041,.F.);
#10566=ADVANCED_FACE('',(#9514),#10042,.F.);
#10567=ADVANCED_FACE('',(#9515),#10043,.F.);
#10568=ADVANCED_FACE('',(#9516),#10044,.F.);
#10569=ADVANCED_FACE('',(#9517),#10045,.F.);
#10570=ADVANCED_FACE('',(#9518),#10046,.F.);
#10571=ADVANCED_FACE('',(#9519),#10047,.F.);
#10572=ADVANCED_FACE('',(#9520),#10048,.F.);
#10573=ADVANCED_FACE('',(#9521),#10049,.F.);
#10574=ADVANCED_FACE('',(#9522),#10050,.F.);
#10575=ADVANCED_FACE('',(#9523),#10051,.F.);
#10576=ADVANCED_FACE('',(#9524),#10052,.F.);
#10577=ADVANCED_FACE('',(#9525),#10053,.F.);
#10578=ADVANCED_FACE('',(#9526),#10054,.F.);
#10579=ADVANCED_FACE('',(#9527),#10055,.F.);
#10580=ADVANCED_FACE('',(#9528),#10056,.F.);
#10581=ADVANCED_FACE('',(#9529),#10057,.F.);
#10582=ADVANCED_FACE('',(#9530),#10058,.F.);
#10583=ADVANCED_FACE('',(#9531),#10059,.F.);
#10584=ADVANCED_FACE('',(#9532),#10060,.F.);
#10585=ADVANCED_FACE('',(#9533),#10061,.F.);
#10586=ADVANCED_FACE('',(#9534),#10062,.F.);
#10587=ADVANCED_FACE('',(#9535),#10063,.F.);
#10588=ADVANCED_FACE('',(#9536),#10064,.F.);
#10589=ADVANCED_FACE('',(#9537),#10065,.F.);
#10590=ADVANCED_FACE('',(#9538),#10066,.F.);
#10591=ADVANCED_FACE('',(#9539),#10067,.F.);
#10592=ADVANCED_FACE('',(#9540),#10068,.F.);
#10593=ADVANCED_FACE('',(#9541),#10069,.F.);
#10594=ADVANCED_FACE('',(#9542),#10070,.F.);
#10595=ADVANCED_FACE('',(#9543),#10071,.F.);
#10596=ADVANCED_FACE('',(#9544),#10072,.F.);
#10597=ADVANCED_FACE('',(#9545),#10073,.F.);
#10598=ADVANCED_FACE('',(#9546),#10074,.F.);
#10599=ADVANCED_FACE('',(#9547),#10075,.F.);
#10600=ADVANCED_FACE('',(#9548),#10076,.F.);
#10601=ADVANCED_FACE('',(#9549),#10077,.F.);
#10602=ADVANCED_FACE('',(#9550),#10078,.F.);
#10603=ADVANCED_FACE('',(#9551),#10079,.F.);
#10604=ADVANCED_FACE('',(#9552),#10080,.F.);
#10605=ADVANCED_FACE('',(#9553),#10081,.F.);
#10606=ADVANCED_FACE('',(#9554),#10082,.F.);
#10607=ADVANCED_FACE('',(#9555),#10083,.F.);
#10608=ADVANCED_FACE('',(#9556),#10084,.F.);
#10609=ADVANCED_FACE('',(#9557),#10085,.F.);
#10610=ADVANCED_FACE('',(#9558),#10086,.F.);
#10611=ADVANCED_FACE('',(#9559),#10087,.F.);
#10612=ADVANCED_FACE('',(#9560),#10088,.F.);
#10613=ADVANCED_FACE('',(#9561),#10089,.F.);
#10614=ADVANCED_FACE('',(#9562),#10090,.F.);
#10615=ADVANCED_FACE('',(#9563),#10091,.F.);
#10616=ADVANCED_FACE('',(#9564),#10092,.F.);
#10617=ADVANCED_FACE('',(#9565),#10093,.F.);
#10618=ADVANCED_FACE('',(#9566),#10094,.F.);
#10619=ADVANCED_FACE('',(#9567),#10095,.F.);
#10620=ADVANCED_FACE('',(#9568),#10096,.F.);
#10621=ADVANCED_FACE('',(#9569),#10097,.F.);
#10622=ADVANCED_FACE('',(#9570),#10098,.F.);
#10623=ADVANCED_FACE('',(#9571),#10099,.F.);
#10624=ADVANCED_FACE('',(#9572),#10100,.F.);
#10625=ADVANCED_FACE('',(#9573),#10101,.F.);
#10626=ADVANCED_FACE('',(#9574),#10102,.F.);
#10627=ADVANCED_FACE('',(#9575),#10103,.F.);
#10628=ADVANCED_FACE('',(#9576),#10104,.F.);
#10629=ADVANCED_FACE('',(#9577),#10105,.F.);
#10630=ADVANCED_FACE('',(#9578),#10106,.F.);
#10631=ADVANCED_FACE('',(#9579),#10107,.F.);
#10632=ADVANCED_FACE('',(#9580),#10108,.F.);
#10633=ADVANCED_FACE('',(#9581),#10109,.F.);
#10634=ADVANCED_FACE('',(#9582),#10110,.F.);
#10635=ADVANCED_FACE('',(#9583),#10111,.F.);
#10636=ADVANCED_FACE('',(#9584),#10112,.F.);
#10637=ADVANCED_FACE('',(#9585),#10113,.F.);
#10638=ADVANCED_FACE('',(#9586),#10114,.F.);
#10639=ADVANCED_FACE('',(#9587),#10115,.F.);
#10640=ADVANCED_FACE('',(#9588),#10116,.F.);
#10641=ADVANCED_FACE('',(#9589),#10117,.F.);
#10642=ADVANCED_FACE('',(#9590),#10118,.F.);
#10643=ADVANCED_FACE('',(#9591),#10119,.F.);
#10644=ADVANCED_FACE('',(#9592),#10120,.F.);
#10645=ADVANCED_FACE('',(#9593),#10121,.F.);
#10646=ADVANCED_FACE('',(#9594),#10122,.F.);
#10647=ADVANCED_FACE('',(#9595),#10123,.F.);
#10648=ADVANCED_FACE('',(#9596),#10124,.F.);
#10649=ADVANCED_FACE('',(#9597),#10125,.F.);
#10650=ADVANCED_FACE('',(#9598),#10126,.F.);
#10651=ADVANCED_FACE('',(#9599),#10127,.F.);
#10652=ADVANCED_FACE('',(#9600),#10128,.F.);
#10653=ADVANCED_FACE('',(#9601),#10129,.F.);
#10654=ADVANCED_FACE('',(#9602),#10130,.F.);
#10655=ADVANCED_FACE('',(#9603),#10131,.F.);
#10656=ADVANCED_FACE('',(#9604),#10132,.F.);
#10657=ADVANCED_FACE('',(#9605),#10133,.F.);
#10658=ADVANCED_FACE('',(#9606),#10134,.F.);
#10659=ADVANCED_FACE('',(#9607),#10135,.F.);
#10660=ADVANCED_FACE('',(#9608),#10136,.F.);
#10661=ADVANCED_FACE('',(#9609),#10137,.F.);
#10662=ADVANCED_FACE('',(#9610),#10138,.F.);
#10663=ADVANCED_FACE('',(#9611),#10139,.F.);
#10664=ADVANCED_FACE('',(#9612),#10140,.F.);
#10665=ADVANCED_FACE('',(#9613),#10141,.F.);
#10666=ADVANCED_FACE('',(#9614),#10142,.F.);
#10667=ADVANCED_FACE('',(#9615),#10143,.F.);
#10668=ADVANCED_FACE('',(#9616),#10144,.F.);
#10669=ADVANCED_FACE('',(#9617),#10145,.F.);
#10670=ADVANCED_FACE('',(#9618),#10146,.F.);
#10671=ADVANCED_FACE('',(#9619),#10147,.F.);
#10672=ADVANCED_FACE('',(#9620),#10148,.F.);
#10673=ADVANCED_FACE('',(#9621),#10149,.F.);
#10674=ADVANCED_FACE('',(#9622),#10150,.F.);
#10675=ADVANCED_FACE('',(#9623),#10151,.F.);
#10676=ADVANCED_FACE('',(#9624),#10152,.F.);
#10677=ADVANCED_FACE('',(#9625),#10153,.F.);
#10678=ADVANCED_FACE('',(#9626),#10154,.F.);
#10679=ADVANCED_FACE('',(#9627),#10155,.F.);
#10680=ADVANCED_FACE('',(#9628),#10156,.F.);
#10681=ADVANCED_FACE('',(#9629),#10157,.F.);
#10682=ADVANCED_FACE('',(#9630),#10158,.F.);
#10683=ADVANCED_FACE('',(#9631),#10159,.F.);
#10684=ADVANCED_FACE('',(#9632),#10160,.F.);
#10685=ADVANCED_FACE('',(#9633),#10161,.F.);
#10686=ADVANCED_FACE('',(#9634),#10162,.F.);
#10687=ADVANCED_FACE('',(#9635),#10163,.F.);
#10688=ADVANCED_FACE('',(#9636),#10164,.F.);
#10689=ADVANCED_FACE('',(#9637),#10165,.F.);
#10690=ADVANCED_FACE('',(#9638),#10166,.F.);
#10691=ADVANCED_FACE('',(#9639),#10167,.F.);
#10692=ADVANCED_FACE('',(#9640),#10168,.F.);
#10693=ADVANCED_FACE('',(#9641),#10169,.F.);
#10694=ADVANCED_FACE('',(#9642),#10170,.F.);
#10695=ADVANCED_FACE('',(#9643),#10171,.F.);
#10696=ADVANCED_FACE('',(#9644),#10172,.F.);
#10697=ADVANCED_FACE('',(#9645),#10173,.F.);
#10698=ADVANCED_FACE('',(#9646),#10174,.F.);
#10699=ADVANCED_FACE('',(#9647),#10175,.F.);
#10700=ADVANCED_FACE('',(#9648),#10176,.F.);
#10701=ADVANCED_FACE('',(#9649),#10177,.F.);
#10702=ADVANCED_FACE('',(#9650),#10178,.F.);
#10703=ADVANCED_FACE('',(#9651),#10179,.F.);
#10704=ADVANCED_FACE('',(#9652),#10180,.F.);
#10705=ADVANCED_FACE('',(#9653),#10181,.F.);
#10706=ADVANCED_FACE('',(#9654),#10182,.F.);
#10707=ADVANCED_FACE('',(#9655),#10183,.F.);
#10708=ADVANCED_FACE('',(#9656),#10184,.F.);
#10709=ADVANCED_FACE('',(#9657),#10185,.F.);
#10710=ADVANCED_FACE('',(#9658),#10186,.F.);
#10711=ADVANCED_FACE('',(#9659),#10187,.F.);
#10712=ADVANCED_FACE('',(#9660),#10188,.F.);
#10713=ADVANCED_FACE('',(#9661),#10189,.F.);
#10714=ADVANCED_FACE('',(#9662),#10190,.F.);
#10715=ADVANCED_FACE('',(#9663),#10191,.F.);
#10716=ADVANCED_FACE('',(#9664),#10192,.F.);
#10717=ADVANCED_FACE('',(#9665),#10193,.F.);
#10718=ADVANCED_FACE('',(#9666),#10194,.F.);
#10719=ADVANCED_FACE('',(#9667),#10195,.F.);
#10720=ADVANCED_FACE('',(#9668),#10196,.F.);
#10721=ADVANCED_FACE('',(#9669),#10197,.F.);
#10722=ADVANCED_FACE('',(#9670),#10198,.F.);
#10723=ADVANCED_FACE('',(#9671),#10199,.F.);
#10724=ADVANCED_FACE('',(#9672),#10200,.F.);
#10725=ADVANCED_FACE('',(#9673),#10201,.F.);
#10726=ADVANCED_FACE('',(#9674),#10202,.F.);
#10727=ADVANCED_FACE('',(#9675),#10203,.F.);
#10728=ADVANCED_FACE('',(#9676),#10204,.F.);
#10729=ADVANCED_FACE('',(#9677),#10205,.F.);
#10730=ADVANCED_FACE('',(#9678),#10206,.F.);
#10731=ADVANCED_FACE('',(#9679),#10207,.F.);
#10732=ADVANCED_FACE('',(#9680),#10208,.F.);
#10733=ADVANCED_FACE('',(#9681),#10209,.F.);
#10734=ADVANCED_FACE('',(#9682),#10210,.F.);
#10735=ADVANCED_FACE('',(#9683),#10211,.F.);
#10736=ADVANCED_FACE('',(#9684),#10212,.F.);
#10737=ADVANCED_FACE('',(#9685),#10213,.F.);
#10738=ADVANCED_FACE('',(#9686),#10214,.F.);
#10739=ADVANCED_FACE('',(#9687),#10215,.F.);
#10740=ADVANCED_FACE('',(#9688),#10216,.F.);
#10741=ADVANCED_FACE('',(#9689),#10217,.F.);
#10742=ADVANCED_FACE('',(#9690),#10218,.F.);
#10743=ADVANCED_FACE('',(#9691),#10219,.F.);
#10744=ADVANCED_FACE('',(#9692),#10220,.F.);
#10745=ADVANCED_FACE('',(#9693),#10221,.F.);
#10746=ADVANCED_FACE('',(#9694),#10222,.F.);
#10747=ADVANCED_FACE('',(#9695),#10223,.F.);
#10748=ADVANCED_FACE('',(#9696),#10224,.F.);
#10749=ADVANCED_FACE('',(#9697),#10225,.F.);
#10750=ADVANCED_FACE('',(#9698),#10226,.F.);
#10751=ADVANCED_FACE('',(#9699),#10227,.F.);
#10752=ADVANCED_FACE('',(#9700),#10228,.F.);
#10753=ADVANCED_FACE('',(#9701),#10229,.F.);
#10754=ADVANCED_FACE('',(#9702),#10230,.F.);
#10755=ADVANCED_FACE('',(#9703),#10231,.F.);
#10756=ADVANCED_FACE('',(#9704),#10232,.F.);
#10757=ADVANCED_FACE('',(#9705),#10233,.F.);
#10758=ADVANCED_FACE('',(#9706),#10234,.F.);
#10759=ADVANCED_FACE('',(#9707),#10235,.F.);
#10760=ADVANCED_FACE('',(#9708),#10236,.F.);
#10761=ADVANCED_FACE('',(#9709),#10237,.F.);
#10762=ADVANCED_FACE('',(#9710),#10238,.F.);
#10763=ADVANCED_FACE('',(#9711),#10239,.F.);
#10764=ADVANCED_FACE('',(#9712),#10240,.F.);
#10765=ADVANCED_FACE('',(#9713),#10241,.F.);
#10766=ADVANCED_FACE('',(#9714),#10242,.F.);
#10767=ADVANCED_FACE('',(#9715),#10243,.F.);
#10768=ADVANCED_FACE('',(#9716),#10244,.F.);
#10769=ADVANCED_FACE('',(#9717),#10245,.F.);
#10770=ADVANCED_FACE('',(#9718),#10246,.F.);
#10771=ADVANCED_FACE('',(#9719),#10247,.F.);
#10772=ADVANCED_FACE('',(#9720),#10248,.F.);
#10773=ADVANCED_FACE('',(#9721),#10249,.F.);
#10774=ADVANCED_FACE('',(#9722),#10250,.F.);
#10775=ADVANCED_FACE('',(#9723),#10251,.F.);
#10776=ADVANCED_FACE('',(#9724),#10252,.F.);
#10777=ADVANCED_FACE('',(#9725),#10253,.F.);
#10778=ADVANCED_FACE('',(#9726),#10254,.F.);
#10779=ADVANCED_FACE('',(#9727),#10255,.F.);
#10780=ADVANCED_FACE('',(#9728),#10256,.F.);
#10781=ADVANCED_FACE('',(#9729),#10257,.F.);
#10782=ADVANCED_FACE('',(#9730),#10258,.F.);
#10783=ADVANCED_FACE('',(#9731),#10259,.F.);
#10784=ADVANCED_FACE('',(#9732),#10260,.F.);
#10785=ADVANCED_FACE('',(#9733),#10261,.F.);
#10786=ADVANCED_FACE('',(#9734),#10262,.F.);
#10787=ADVANCED_FACE('',(#9735),#10263,.F.);
#10788=ADVANCED_FACE('',(#9736),#10264,.F.);
#10789=ADVANCED_FACE('',(#9737),#10265,.F.);
#10790=ADVANCED_FACE('',(#9738),#10266,.F.);
#10791=ADVANCED_FACE('',(#9739),#10267,.F.);
#10792=ADVANCED_FACE('',(#9740),#10268,.F.);
#10793=ADVANCED_FACE('',(#9741),#10269,.F.);
#10794=ADVANCED_FACE('',(#9742),#10270,.F.);
#10795=ADVANCED_FACE('',(#9743),#10271,.F.);
#10796=ADVANCED_FACE('',(#9744),#10272,.F.);
#10797=ADVANCED_FACE('',(#9745),#10273,.F.);
#10798=ADVANCED_FACE('',(#9746),#10274,.F.);
#10799=ADVANCED_FACE('',(#9747),#10275,.F.);
#10800=ADVANCED_FACE('',(#9748),#10276,.F.);
#10801=ADVANCED_FACE('',(#9749),#10277,.F.);
#10802=ADVANCED_FACE('',(#9750),#10278,.F.);
#10803=ADVANCED_FACE('',(#9751),#10279,.F.);
#10804=ADVANCED_FACE('',(#9752),#10280,.F.);
#10805=ADVANCED_FACE('',(#9753),#10281,.F.);
#10806=ADVANCED_FACE('',(#9754),#10282,.F.);
#10807=ADVANCED_FACE('',(#9755),#10283,.F.);
#10808=ADVANCED_FACE('',(#9756),#10284,.F.);
#10809=ADVANCED_FACE('',(#9757),#10285,.F.);
#10810=ADVANCED_FACE('',(#9758),#10286,.F.);
#10811=ADVANCED_FACE('',(#9759),#10287,.F.);
#10812=ADVANCED_FACE('',(#9760),#10288,.F.);
#10813=ADVANCED_FACE('',(#9761),#10289,.F.);
#10814=ADVANCED_FACE('',(#9762),#10290,.F.);
#10815=ADVANCED_FACE('',(#9763),#10291,.F.);
#10816=ADVANCED_FACE('',(#9764),#10292,.F.);
#10817=ADVANCED_FACE('',(#9765),#10293,.F.);
#10818=ADVANCED_FACE('',(#9766),#10294,.F.);
#10819=ADVANCED_FACE('',(#9767),#10295,.F.);
#10820=ADVANCED_FACE('',(#9768),#10296,.F.);
#10821=ADVANCED_FACE('',(#9769),#10297,.F.);
#10822=ADVANCED_FACE('',(#9770),#10298,.F.);
#10823=ADVANCED_FACE('',(#9771),#10299,.F.);
#10824=ADVANCED_FACE('',(#9772),#10300,.F.);
#10825=ADVANCED_FACE('',(#9773),#10301,.F.);
#10826=ADVANCED_FACE('',(#9774),#10302,.F.);
#10827=ADVANCED_FACE('',(#9775),#10303,.F.);
#10828=ADVANCED_FACE('',(#9776),#10304,.F.);
#10829=ADVANCED_FACE('',(#9777),#10305,.F.);
#10830=ADVANCED_FACE('',(#9778),#10306,.F.);
#10831=ADVANCED_FACE('',(#9779),#10307,.F.);
#10832=ADVANCED_FACE('',(#9780),#10308,.F.);
#10833=ADVANCED_FACE('',(#9781),#10309,.F.);
#10834=ADVANCED_FACE('',(#9782),#10310,.F.);
#10835=ADVANCED_FACE('',(#9783),#10311,.F.);
#10836=ADVANCED_FACE('',(#9784),#10312,.F.);
#10837=ADVANCED_FACE('',(#9785),#10313,.F.);
#10838=ADVANCED_FACE('',(#9786),#10314,.F.);
#10839=ADVANCED_FACE('',(#9787),#10315,.F.);
#10840=ADVANCED_FACE('',(#9788),#10316,.T.);
#10841=ADVANCED_FACE('',(#9789),#10317,.T.);
#10842=ADVANCED_FACE('',(#9790),#10318,.F.);
#10843=ADVANCED_FACE('',(#9791),#10319,.F.);
#10844=ADVANCED_FACE('',(#9792),#10320,.F.);
#10845=ADVANCED_FACE('',(#9793),#10321,.F.);
#10846=ADVANCED_FACE('',(#9794),#10322,.F.);
#10847=ADVANCED_FACE('',(#9795),#10323,.F.);
#10848=ADVANCED_FACE('',(#9796),#10324,.F.);
#10849=ADVANCED_FACE('',(#9797),#10325,.F.);
#10850=ADVANCED_FACE('',(#9798),#10326,.F.);
#10851=ADVANCED_FACE('',(#9799),#10327,.F.);
#10852=ADVANCED_FACE('',(#9800),#10328,.F.);
#10853=ADVANCED_FACE('',(#9801),#10329,.F.);
#10854=ADVANCED_FACE('',(#9802),#10330,.F.);
#10855=ADVANCED_FACE('',(#9803),#10331,.F.);
#10856=ADVANCED_FACE('',(#9804),#10332,.F.);
#10857=ADVANCED_FACE('',(#9805),#10333,.F.);
#10858=ADVANCED_FACE('',(#9806),#10334,.F.);
#10859=ADVANCED_FACE('',(#9807),#10335,.F.);
#10860=ADVANCED_FACE('',(#9808),#10336,.F.);
#10861=ADVANCED_FACE('',(#9809),#10337,.F.);
#10862=ADVANCED_FACE('',(#9810),#10338,.F.);
#10863=ADVANCED_FACE('',(#9811),#10339,.F.);
#10864=ADVANCED_FACE('',(#9812),#10340,.F.);
#10865=ADVANCED_FACE('',(#9813),#10341,.F.);
#10866=ADVANCED_FACE('',(#9814),#10342,.T.);
#10867=ADVANCED_FACE('',(#9815),#12,.F.);
#10868=ADVANCED_FACE('',(#9816),#13,.T.);
#10869=ADVANCED_FACE('',(#9817),#14,.F.);
#10870=ADVANCED_FACE('',(#9818),#15,.T.);
#10871=ADVANCED_FACE('',(#9819),#10343,.T.);
#10872=ADVANCED_FACE('',(#9820),#10344,.T.);
#10873=ADVANCED_FACE('',(#9821),#10345,.T.);
#10874=ADVANCED_FACE('',(#9822),#10346,.T.);
#10875=ADVANCED_FACE('',(#9823),#10347,.T.);
#10876=ADVANCED_FACE('',(#9824),#10348,.T.);
#10877=ADVANCED_FACE('',(#9825),#10349,.T.);
#10878=ADVANCED_FACE('',(#9826),#10350,.T.);
#10879=ADVANCED_FACE('',(#9827),#10351,.T.);
#10880=ADVANCED_FACE('',(#9828),#10352,.T.);
#10881=ADVANCED_FACE('',(#9829),#10353,.T.);
#10882=ADVANCED_FACE('',(#9830),#10354,.T.);
#10883=ADVANCED_FACE('',(#9831),#10355,.T.);
#10884=ADVANCED_FACE('',(#9832),#10356,.T.);
#10885=ADVANCED_FACE('',(#9833),#10357,.T.);
#10886=ADVANCED_FACE('',(#9834),#10358,.T.);
#10887=ADVANCED_FACE('',(#9835),#10359,.T.);
#10888=ADVANCED_FACE('',(#9836),#10360,.T.);
#10889=ADVANCED_FACE('',(#9837),#10361,.T.);
#10890=ADVANCED_FACE('',(#9838),#10362,.T.);
#10891=ADVANCED_FACE('',(#9839),#10363,.T.);
#10892=ADVANCED_FACE('',(#9840),#10364,.T.);
#10893=ADVANCED_FACE('',(#9841),#10365,.T.);
#10894=ADVANCED_FACE('',(#9842),#10366,.T.);
#10895=ADVANCED_FACE('',(#9843),#10367,.T.);
#10896=ADVANCED_FACE('',(#9844),#10368,.T.);
#10897=ADVANCED_FACE('',(#9845),#10369,.T.);
#10898=ADVANCED_FACE('',(#9846),#10370,.T.);
#10899=ADVANCED_FACE('',(#9847),#10371,.T.);
#10900=ADVANCED_FACE('',(#9848),#10372,.T.);
#10901=ADVANCED_FACE('',(#9849),#10373,.T.);
#10902=ADVANCED_FACE('',(#9850),#10374,.T.);
#10903=ADVANCED_FACE('',(#9851),#10375,.T.);
#10904=ADVANCED_FACE('',(#9852),#10376,.T.);
#10905=ADVANCED_FACE('',(#9853),#10377,.T.);
#10906=ADVANCED_FACE('',(#9854),#10378,.T.);
#10907=ADVANCED_FACE('',(#9855),#10379,.T.);
#10908=ADVANCED_FACE('',(#9856),#10380,.T.);
#10909=ADVANCED_FACE('',(#9857),#10381,.T.);
#10910=ADVANCED_FACE('',(#9858),#10382,.T.);
#10911=ADVANCED_FACE('',(#9859),#10383,.T.);
#10912=ADVANCED_FACE('',(#9860),#10384,.T.);
#10913=ADVANCED_FACE('',(#9861),#10385,.T.);
#10914=ADVANCED_FACE('',(#9862),#10386,.T.);
#10915=ADVANCED_FACE('',(#9863),#10387,.T.);
#10916=ADVANCED_FACE('',(#9864),#10388,.T.);
#10917=ADVANCED_FACE('',(#9865),#10389,.T.);
#10918=ADVANCED_FACE('',(#9866),#10390,.T.);
#10919=ADVANCED_FACE('',(#9867),#10391,.T.);
#10920=ADVANCED_FACE('',(#9868),#10392,.T.);
#10921=ADVANCED_FACE('',(#9869),#10393,.T.);
#10922=ADVANCED_FACE('',(#9870),#10394,.T.);
#10923=ADVANCED_FACE('',(#9871),#10395,.T.);
#10924=ADVANCED_FACE('',(#9872),#10396,.T.);
#10925=ADVANCED_FACE('',(#9873),#10397,.T.);
#10926=ADVANCED_FACE('',(#9874),#10398,.T.);
#10927=ADVANCED_FACE('',(#9875),#10399,.T.);
#10928=ADVANCED_FACE('',(#9876),#10400,.T.);
#10929=ADVANCED_FACE('',(#9877),#10401,.T.);
#10930=ADVANCED_FACE('',(#9878),#10402,.T.);
#10931=ADVANCED_FACE('',(#9879),#10403,.T.);
#10932=ADVANCED_FACE('',(#9880),#10404,.T.);
#10933=ADVANCED_FACE('',(#9881),#10405,.T.);
#10934=ADVANCED_FACE('',(#9882),#10406,.T.);
#10935=ADVANCED_FACE('',(#9883),#10407,.T.);
#10936=ADVANCED_FACE('',(#9884),#10408,.T.);
#10937=ADVANCED_FACE('',(#9885),#10409,.T.);
#10938=ADVANCED_FACE('',(#9886),#10410,.T.);
#10939=ADVANCED_FACE('',(#9887),#10411,.T.);
#10940=ADVANCED_FACE('',(#9888),#10412,.T.);
#10941=ADVANCED_FACE('',(#9889),#10413,.T.);
#10942=ADVANCED_FACE('',(#9890),#10414,.T.);
#10943=ADVANCED_FACE('',(#9891),#10415,.T.);
#10944=ADVANCED_FACE('',(#9892),#10416,.T.);
#10945=ADVANCED_FACE('',(#9893),#10417,.T.);
#10946=ADVANCED_FACE('',(#9894),#10418,.T.);
#10947=ADVANCED_FACE('',(#9895),#10419,.T.);
#10948=ADVANCED_FACE('',(#9896),#10420,.T.);
#10949=ADVANCED_FACE('',(#9897),#10421,.T.);
#10950=ADVANCED_FACE('',(#9898),#10422,.T.);
#10951=ADVANCED_FACE('',(#9899),#10423,.T.);
#10952=ADVANCED_FACE('',(#9900),#10424,.T.);
#10953=ADVANCED_FACE('',(#9901),#10425,.T.);
#10954=ADVANCED_FACE('',(#9902),#10426,.T.);
#10955=ADVANCED_FACE('',(#9903),#10427,.T.);
#10956=ADVANCED_FACE('',(#9904),#10428,.T.);
#10957=ADVANCED_FACE('',(#9905),#10429,.T.);
#10958=ADVANCED_FACE('',(#9906),#10430,.T.);
#10959=ADVANCED_FACE('',(#9907),#10431,.T.);
#10960=ADVANCED_FACE('',(#9908),#10432,.T.);
#10961=ADVANCED_FACE('',(#9909),#10433,.T.);
#10962=ADVANCED_FACE('',(#9910),#10434,.T.);
#10963=ADVANCED_FACE('',(#9911),#10435,.T.);
#10964=ADVANCED_FACE('',(#9912),#10436,.T.);
#10965=ADVANCED_FACE('',(#9913),#10437,.T.);
#10966=ADVANCED_FACE('',(#9914),#10438,.T.);
#10967=ADVANCED_FACE('',(#9915),#10439,.T.);
#10968=ADVANCED_FACE('',(#9916),#10440,.T.);
#10969=ADVANCED_FACE('',(#9917),#10441,.T.);
#10970=ADVANCED_FACE('',(#9918),#10442,.T.);
#10971=ADVANCED_FACE('',(#9919),#10443,.T.);
#10972=ADVANCED_FACE('',(#9920),#10444,.T.);
#10973=ADVANCED_FACE('',(#9921),#10445,.T.);
#10974=ADVANCED_FACE('',(#9922),#10446,.T.);
#10975=ADVANCED_FACE('',(#9923),#10447,.T.);
#10976=ADVANCED_FACE('',(#9924),#10448,.T.);
#10977=ADVANCED_FACE('',(#9925),#10449,.T.);
#10978=ADVANCED_FACE('',(#9926),#10450,.T.);
#10979=ADVANCED_FACE('',(#9927),#10451,.T.);
#10980=ADVANCED_FACE('',(#9928),#10452,.T.);
#10981=ADVANCED_FACE('',(#9929),#10453,.T.);
#10982=ADVANCED_FACE('',(#9930),#10454,.T.);
#10983=ADVANCED_FACE('',(#9931),#10455,.T.);
#10984=ADVANCED_FACE('',(#9932),#10456,.T.);
#10985=ADVANCED_FACE('',(#9933),#10457,.T.);
#10986=ADVANCED_FACE('',(#9934),#10458,.T.);
#10987=ADVANCED_FACE('',(#9935),#10459,.T.);
#10988=ADVANCED_FACE('',(#9936),#10460,.T.);
#10989=ADVANCED_FACE('',(#9937),#10461,.T.);
#10990=ADVANCED_FACE('',(#9938),#10462,.T.);
#10991=ADVANCED_FACE('',(#9939),#10463,.T.);
#10992=ADVANCED_FACE('',(#9940),#10464,.T.);
#10993=ADVANCED_FACE('',(#9941),#10465,.T.);
#10994=ADVANCED_FACE('',(#9942),#10466,.T.);
#10995=ADVANCED_FACE('',(#9943),#10467,.T.);
#10996=ADVANCED_FACE('',(#9944),#10468,.T.);
#10997=ADVANCED_FACE('',(#9945),#10469,.T.);
#10998=ADVANCED_FACE('',(#9946),#10470,.T.);
#10999=ADVANCED_FACE('',(#9947),#10471,.T.);
#11000=ADVANCED_FACE('',(#9948),#10472,.T.);
#11001=ADVANCED_FACE('',(#9949),#10473,.T.);
#11002=ADVANCED_FACE('',(#9950),#10474,.T.);
#11003=ADVANCED_FACE('',(#9951),#10475,.T.);
#11004=ADVANCED_FACE('',(#9952),#10476,.T.);
#11005=ADVANCED_FACE('',(#9953),#10477,.T.);
#11006=ADVANCED_FACE('',(#9954),#10478,.T.);
#11007=ADVANCED_FACE('',(#9955),#10479,.T.);
#11008=ADVANCED_FACE('',(#9956),#10480,.T.);
#11009=ADVANCED_FACE('',(#9957),#10481,.T.);
#11010=ADVANCED_FACE('',(#9958),#10482,.T.);
#11011=ADVANCED_FACE('',(#9959),#10483,.T.);
#11012=ADVANCED_FACE('',(#9960),#10484,.T.);
#11013=ADVANCED_FACE('',(#9961),#10485,.T.);
#11014=ADVANCED_FACE('',(#9962),#10486,.T.);
#11015=ADVANCED_FACE('',(#9963),#10487,.T.);
#11016=ADVANCED_FACE('',(#9964),#10488,.T.);
#11017=ADVANCED_FACE('',(#9965),#10489,.T.);
#11018=ADVANCED_FACE('',(#9966),#10490,.T.);
#11019=ADVANCED_FACE('',(#9967),#10491,.T.);
#11020=ADVANCED_FACE('',(#9968),#10492,.T.);
#11021=ADVANCED_FACE('',(#9969),#10493,.T.);
#11022=ADVANCED_FACE('',(#9970),#10494,.T.);
#11023=ADVANCED_FACE('',(#9971),#10495,.T.);
#11024=ADVANCED_FACE('',(#9972),#10496,.T.);
#11025=ADVANCED_FACE('',(#9973),#10497,.T.);
#11026=ADVANCED_FACE('',(#9974),#10498,.T.);
#11027=ADVANCED_FACE('',(#9975),#10499,.T.);
#11028=ADVANCED_FACE('',(#9976),#10500,.T.);
#11029=ADVANCED_FACE('',(#9977),#10501,.T.);
#11030=ADVANCED_FACE('',(#9978),#10502,.T.);
#11031=ADVANCED_FACE('',(#9979),#10503,.T.);
#11032=ADVANCED_FACE('',(#9980),#10504,.T.);
#11033=ADVANCED_FACE('',(#9981),#10505,.T.);
#11034=ADVANCED_FACE('',(#9982),#10506,.T.);
#11035=ADVANCED_FACE('',(#9983),#10507,.T.);
#11036=ADVANCED_FACE('',(#9984),#10508,.T.);
#11037=ADVANCED_FACE('',(#9985),#10509,.T.);
#11038=ADVANCED_FACE('',(#9986),#10510,.T.);
#11039=ADVANCED_FACE('',(#9987),#10511,.T.);
#11040=ADVANCED_FACE('',(#9988),#10512,.T.);
#11041=ADVANCED_FACE('',(#9989),#10513,.T.);
#11042=ADVANCED_FACE('',(#9990),#10514,.T.);
#11043=ADVANCED_FACE('',(#9991),#10515,.T.);
#11044=ADVANCED_FACE('',(#9992),#10516,.T.);
#11045=ADVANCED_FACE('',(#9993),#10517,.T.);
#11046=ADVANCED_FACE('',(#9994),#10518,.T.);
#11047=ADVANCED_FACE('',(#9995),#10519,.T.);
#11048=ADVANCED_FACE('',(#9996),#10520,.T.);
#11049=ADVANCED_FACE('',(#9997),#10521,.T.);
#11050=ADVANCED_FACE('',(#9998),#10522,.T.);
#11051=ADVANCED_FACE('',(#9999),#10523,.T.);
#11052=ADVANCED_FACE('',(#10000),#10524,.T.);
#11053=ADVANCED_FACE('',(#10001),#10525,.T.);
#11054=ADVANCED_FACE('',(#10002),#10526,.T.);
#11055=ADVANCED_FACE('',(#10003),#10527,.T.);
#11056=ADVANCED_FACE('',(#10004),#10528,.T.);
#11057=ADVANCED_FACE('',(#10005),#10529,.T.);
#11058=ADVANCED_FACE('',(#10006),#10530,.F.);
#11059=ADVANCED_FACE('',(#10007),#10531,.F.);
#11060=ADVANCED_FACE('',(#10008),#10532,.T.);
#11061=ADVANCED_FACE('',(#10009),#10533,.F.);
#11062=ADVANCED_FACE('',(#10010),#10534,.F.);
#11063=ADVANCED_FACE('',(#10011),#10535,.T.);
#11064=CLOSED_SHELL('',(#10536,#10537,#10538,#10539,#10540,#10541,#10542,
#10543,#10544,#10545,#10546,#10547,#10548,#10549,#10550,#10551,#10552,#10553,
#10554,#10555,#10556,#10557,#10558,#10559,#10560,#10561,#10562,#10563,#10564,
#10565,#10566,#10567,#10568,#10569,#10570,#10571,#10572,#10573,#10574,#10575,
#10576,#10577,#10578,#10579,#10580,#10581,#10582,#10583,#10584,#10585,#10586,
#10587,#10588,#10589,#10590,#10591,#10592,#10593,#10594,#10595,#10596,#10597,
#10598,#10599,#10600,#10601,#10602,#10603,#10604,#10605,#10606,#10607,#10608,
#10609,#10610,#10611,#10612,#10613,#10614,#10615,#10616,#10617,#10618,#10619,
#10620,#10621,#10622,#10623,#10624,#10625,#10626,#10627,#10628,#10629,#10630,
#10631,#10632,#10633,#10634,#10635,#10636,#10637,#10638,#10639,#10640,#10641,
#10642,#10643,#10644,#10645,#10646,#10647,#10648,#10649,#10650,#10651,#10652,
#10653,#10654,#10655,#10656,#10657,#10658,#10659,#10660,#10661,#10662,#10663,
#10664,#10665,#10666,#10667,#10668,#10669,#10670,#10671,#10672,#10673,#10674,
#10675,#10676,#10677,#10678,#10679,#10680,#10681,#10682,#10683,#10684,#10685,
#10686,#10687,#10688,#10689,#10690,#10691,#10692,#10693,#10694,#10695,#10696,
#10697,#10698,#10699,#10700,#10701,#10702,#10703,#10704,#10705,#10706,#10707,
#10708,#10709,#10710,#10711,#10712,#10713,#10714,#10715,#10716,#10717,#10718,
#10719,#10720,#10721,#10722,#10723,#10724,#10725,#10726,#10727,#10728,#10729,
#10730,#10731,#10732,#10733,#10734,#10735,#10736,#10737,#10738,#10739,#10740,
#10741,#10742,#10743,#10744,#10745,#10746,#10747,#10748,#10749,#10750,#10751,
#10752,#10753,#10754,#10755,#10756,#10757,#10758,#10759,#10760,#10761,#10762,
#10763,#10764,#10765,#10766,#10767,#10768,#10769,#10770,#10771,#10772,#10773,
#10774,#10775,#10776,#10777,#10778,#10779,#10780,#10781,#10782,#10783,#10784,
#10785,#10786,#10787,#10788,#10789,#10790,#10791,#10792,#10793,#10794,#10795,
#10796,#10797,#10798,#10799,#10800,#10801,#10802,#10803,#10804,#10805,#10806,
#10807,#10808,#10809,#10810,#10811,#10812,#10813,#10814,#10815,#10816,#10817,
#10818,#10819,#10820,#10821,#10822,#10823,#10824,#10825,#10826,#10827,#10828,
#10829,#10830,#10831,#10832,#10833,#10834,#10835,#10836,#10837,#10838,#10839,
#10840,#10841,#10842,#10843,#10844,#10845,#10846,#10847,#10848,#10849,#10850,
#10851,#10852,#10853,#10854,#10855,#10856,#10857,#10858,#10859,#10860,#10861,
#10862,#10863,#10864,#10865,#10866,#10867,#10868,#10869,#10870,#10871,#10872,
#10873,#10874,#10875,#10876,#10877,#10878,#10879,#10880,#10881,#10882,#10883,
#10884,#10885,#10886,#10887,#10888,#10889,#10890,#10891,#10892,#10893,#10894,
#10895,#10896,#10897,#10898,#10899,#10900,#10901,#10902,#10903,#10904,#10905,
#10906,#10907,#10908,#10909,#10910,#10911,#10912,#10913,#10914,#10915,#10916,
#10917,#10918,#10919,#10920,#10921,#10922,#10923,#10924,#10925,#10926,#10927,
#10928,#10929,#10930,#10931,#10932,#10933,#10934,#10935,#10936,#10937,#10938,
#10939,#10940,#10941,#10942,#10943,#10944,#10945,#10946,#10947,#10948,#10949,
#10950,#10951,#10952,#10953,#10954,#10955,#10956,#10957,#10958,#10959,#10960,
#10961,#10962,#10963,#10964,#10965,#10966,#10967,#10968,#10969,#10970,#10971,
#10972,#10973,#10974,#10975,#10976,#10977,#10978,#10979,#10980,#10981,#10982,
#10983,#10984,#10985,#10986,#10987,#10988,#10989,#10990,#10991,#10992,#10993,
#10994,#10995,#10996,#10997,#10998,#10999,#11000,#11001,#11002,#11003,#11004,
#11005,#11006,#11007,#11008,#11009,#11010,#11011,#11012,#11013,#11014,#11015,
#11016,#11017,#11018,#11019,#11020,#11021,#11022,#11023,#11024,#11025,#11026,
#11027,#11028,#11029,#11030,#11031,#11032,#11033,#11034,#11035,#11036,#11037,
#11038,#11039,#11040,#11041,#11042,#11043,#11044,#11045,#11046,#11047,#11048,
#11049,#11050,#11051,#11052,#11053,#11054,#11055,#11056,#11057,#11058,#11059,
#11060,#11061,#11062,#11063));
#11065=STYLED_ITEM('',(#11066),#11073);
#11066=PRESENTATION_STYLE_ASSIGNMENT((#11067));
#11067=SURFACE_STYLE_USAGE(.BOTH.,#11068);
#11068=SURFACE_SIDE_STYLE('',(#11069));
#11069=SURFACE_STYLE_FILL_AREA(#11070);
#11070=FILL_AREA_STYLE('',(#11071));
#11071=FILL_AREA_STYLE_COLOUR('',#11072);
#11072=COLOUR_RGB('',0.972549019607843,0.529411764705882,0.00392156862745098);
#11073=MANIFOLD_SOLID_BREP('Case - Left',#11064);
#11074=SHAPE_DEFINITION_REPRESENTATION(#17469,#11075);
#11075=SHAPE_REPRESENTATION('Case - Left',(#11076),#17464);
#11076=AXIS2_PLACEMENT_3D('',#14222,#11607,#11608);
#11077=AXIS2_PLACEMENT_3D('',#14223,#11609,#11610);
#11078=AXIS2_PLACEMENT_3D('',#14260,#11621,#11622);
#11079=AXIS2_PLACEMENT_3D('',#14297,#11633,#11634);
#11080=AXIS2_PLACEMENT_3D('',#14319,#11643,#11644);
#11081=AXIS2_PLACEMENT_3D('',#14341,#11653,#11654);
#11082=AXIS2_PLACEMENT_3D('',#15016,#11993,#11994);
#11083=AXIS2_PLACEMENT_3D('',#15721,#12348,#12349);
#11084=AXIS2_PLACEMENT_3D('',#15732,#12353,#12354);
#11085=AXIS2_PLACEMENT_3D('',#15736,#12357,#12358);
#11086=AXIS2_PLACEMENT_3D('',#15740,#12361,#12362);
#11087=AXIS2_PLACEMENT_3D('',#15744,#12365,#12366);
#11088=AXIS2_PLACEMENT_3D('',#15748,#12369,#12370);
#11089=AXIS2_PLACEMENT_3D('',#15752,#12373,#12374);
#11090=AXIS2_PLACEMENT_3D('',#15756,#12377,#12378);
#11091=AXIS2_PLACEMENT_3D('',#15760,#12381,#12382);
#11092=AXIS2_PLACEMENT_3D('',#15764,#12385,#12386);
#11093=AXIS2_PLACEMENT_3D('',#15768,#12389,#12390);
#11094=AXIS2_PLACEMENT_3D('',#15772,#12393,#12394);
#11095=AXIS2_PLACEMENT_3D('',#15776,#12397,#12398);
#11096=AXIS2_PLACEMENT_3D('',#15780,#12401,#12402);
#11097=AXIS2_PLACEMENT_3D('',#15784,#12405,#12406);
#11098=AXIS2_PLACEMENT_3D('',#15786,#12408,#12409);
#11099=AXIS2_PLACEMENT_3D('',#15793,#12411,#12412);
#11100=AXIS2_PLACEMENT_3D('',#15800,#12414,#12415);
#11101=AXIS2_PLACEMENT_3D('',#15807,#12417,#12418);
#11102=AXIS2_PLACEMENT_3D('',#15814,#12420,#12421);
#11103=AXIS2_PLACEMENT_3D('',#15821,#12423,#12424);
#11104=AXIS2_PLACEMENT_3D('',#15826,#12425,#12426);
#11105=AXIS2_PLACEMENT_3D('',#15838,#12429,#12430);
#11106=AXIS2_PLACEMENT_3D('',#15842,#12433,#12434);
#11107=AXIS2_PLACEMENT_3D('',#15846,#12437,#12438);
#11108=AXIS2_PLACEMENT_3D('',#15850,#12441,#12442);
#11109=AXIS2_PLACEMENT_3D('',#15854,#12445,#12446);
#11110=AXIS2_PLACEMENT_3D('',#15858,#12449,#12450);
#11111=AXIS2_PLACEMENT_3D('',#15862,#12453,#12454);
#11112=AXIS2_PLACEMENT_3D('',#15866,#12457,#12458);
#11113=AXIS2_PLACEMENT_3D('',#15870,#12461,#12462);
#11114=AXIS2_PLACEMENT_3D('',#15874,#12465,#12466);
#11115=AXIS2_PLACEMENT_3D('',#15878,#12469,#12470);
#11116=AXIS2_PLACEMENT_3D('',#15882,#12473,#12474);
#11117=AXIS2_PLACEMENT_3D('',#15886,#12477,#12478);
#11118=AXIS2_PLACEMENT_3D('',#15890,#12481,#12482);
#11119=AXIS2_PLACEMENT_3D('',#15894,#12485,#12486);
#11120=AXIS2_PLACEMENT_3D('',#15898,#12489,#12490);
#11121=AXIS2_PLACEMENT_3D('',#15902,#12493,#12494);
#11122=AXIS2_PLACEMENT_3D('',#15906,#12497,#12498);
#11123=AXIS2_PLACEMENT_3D('',#15910,#12501,#12502);
#11124=AXIS2_PLACEMENT_3D('',#15914,#12505,#12506);
#11125=AXIS2_PLACEMENT_3D('',#15918,#12509,#12510);
#11126=AXIS2_PLACEMENT_3D('',#15922,#12513,#12514);
#11127=AXIS2_PLACEMENT_3D('',#15926,#12517,#12518);
#11128=AXIS2_PLACEMENT_3D('',#15930,#12521,#12522);
#11129=AXIS2_PLACEMENT_3D('',#15934,#12525,#12526);
#11130=AXIS2_PLACEMENT_3D('',#15938,#12529,#12530);
#11131=AXIS2_PLACEMENT_3D('',#15942,#12533,#12534);
#11132=AXIS2_PLACEMENT_3D('',#15946,#12537,#12538);
#11133=AXIS2_PLACEMENT_3D('',#15950,#12541,#12542);
#11134=AXIS2_PLACEMENT_3D('',#15954,#12545,#12546);
#11135=AXIS2_PLACEMENT_3D('',#15958,#12549,#12550);
#11136=AXIS2_PLACEMENT_3D('',#15962,#12553,#12554);
#11137=AXIS2_PLACEMENT_3D('',#15966,#12557,#12558);
#11138=AXIS2_PLACEMENT_3D('',#15970,#12561,#12562);
#11139=AXIS2_PLACEMENT_3D('',#15974,#12565,#12566);
#11140=AXIS2_PLACEMENT_3D('',#15978,#12569,#12570);
#11141=AXIS2_PLACEMENT_3D('',#15982,#12573,#12574);
#11142=AXIS2_PLACEMENT_3D('',#15986,#12577,#12578);
#11143=AXIS2_PLACEMENT_3D('',#15990,#12581,#12582);
#11144=AXIS2_PLACEMENT_3D('',#15994,#12585,#12586);
#11145=AXIS2_PLACEMENT_3D('',#15998,#12589,#12590);
#11146=AXIS2_PLACEMENT_3D('',#16002,#12593,#12594);
#11147=AXIS2_PLACEMENT_3D('',#16006,#12597,#12598);
#11148=AXIS2_PLACEMENT_3D('',#16010,#12601,#12602);
#11149=AXIS2_PLACEMENT_3D('',#16014,#12605,#12606);
#11150=AXIS2_PLACEMENT_3D('',#16018,#12609,#12610);
#11151=AXIS2_PLACEMENT_3D('',#16022,#12613,#12614);
#11152=AXIS2_PLACEMENT_3D('',#16026,#12617,#12618);
#11153=AXIS2_PLACEMENT_3D('',#16030,#12621,#12622);
#11154=AXIS2_PLACEMENT_3D('',#16034,#12625,#12626);
#11155=AXIS2_PLACEMENT_3D('',#16038,#12629,#12630);
#11156=AXIS2_PLACEMENT_3D('',#16042,#12633,#12634);
#11157=AXIS2_PLACEMENT_3D('',#16046,#12637,#12638);
#11158=AXIS2_PLACEMENT_3D('',#16050,#12641,#12642);
#11159=AXIS2_PLACEMENT_3D('',#16054,#12645,#12646);
#11160=AXIS2_PLACEMENT_3D('',#16058,#12649,#12650);
#11161=AXIS2_PLACEMENT_3D('',#16062,#12653,#12654);
#11162=AXIS2_PLACEMENT_3D('',#16066,#12657,#12658);
#11163=AXIS2_PLACEMENT_3D('',#16070,#12661,#12662);
#11164=AXIS2_PLACEMENT_3D('',#16074,#12665,#12666);
#11165=AXIS2_PLACEMENT_3D('',#16078,#12669,#12670);
#11166=AXIS2_PLACEMENT_3D('',#16082,#12673,#12674);
#11167=AXIS2_PLACEMENT_3D('',#16086,#12677,#12678);
#11168=AXIS2_PLACEMENT_3D('',#16090,#12681,#12682);
#11169=AXIS2_PLACEMENT_3D('',#16094,#12685,#12686);
#11170=AXIS2_PLACEMENT_3D('',#16098,#12689,#12690);
#11171=AXIS2_PLACEMENT_3D('',#16102,#12693,#12694);
#11172=AXIS2_PLACEMENT_3D('',#16106,#12697,#12698);
#11173=AXIS2_PLACEMENT_3D('',#16110,#12701,#12702);
#11174=AXIS2_PLACEMENT_3D('',#16114,#12705,#12706);
#11175=AXIS2_PLACEMENT_3D('',#16118,#12709,#12710);
#11176=AXIS2_PLACEMENT_3D('',#16122,#12713,#12714);
#11177=AXIS2_PLACEMENT_3D('',#16126,#12717,#12718);
#11178=AXIS2_PLACEMENT_3D('',#16130,#12721,#12722);
#11179=AXIS2_PLACEMENT_3D('',#16134,#12725,#12726);
#11180=AXIS2_PLACEMENT_3D('',#16138,#12729,#12730);
#11181=AXIS2_PLACEMENT_3D('',#16142,#12733,#12734);
#11182=AXIS2_PLACEMENT_3D('',#16146,#12737,#12738);
#11183=AXIS2_PLACEMENT_3D('',#16158,#12740,#12741);
#11184=AXIS2_PLACEMENT_3D('',#16162,#12744,#12745);
#11185=AXIS2_PLACEMENT_3D('',#16166,#12748,#12749);
#11186=AXIS2_PLACEMENT_3D('',#16170,#12752,#12753);
#11187=AXIS2_PLACEMENT_3D('',#16174,#12756,#12757);
#11188=AXIS2_PLACEMENT_3D('',#16178,#12760,#12761);
#11189=AXIS2_PLACEMENT_3D('',#16182,#12764,#12765);
#11190=AXIS2_PLACEMENT_3D('',#16186,#12768,#12769);
#11191=AXIS2_PLACEMENT_3D('',#16190,#12772,#12773);
#11192=AXIS2_PLACEMENT_3D('',#16194,#12776,#12777);
#11193=AXIS2_PLACEMENT_3D('',#16198,#12780,#12781);
#11194=AXIS2_PLACEMENT_3D('',#16202,#12784,#12785);
#11195=AXIS2_PLACEMENT_3D('',#16206,#12788,#12789);
#11196=AXIS2_PLACEMENT_3D('',#16210,#12792,#12793);
#11197=AXIS2_PLACEMENT_3D('',#16214,#12796,#12797);
#11198=AXIS2_PLACEMENT_3D('',#16218,#12800,#12801);
#11199=AXIS2_PLACEMENT_3D('',#16222,#12804,#12805);
#11200=AXIS2_PLACEMENT_3D('',#16226,#12808,#12809);
#11201=AXIS2_PLACEMENT_3D('',#16230,#12812,#12813);
#11202=AXIS2_PLACEMENT_3D('',#16234,#12816,#12817);
#11203=AXIS2_PLACEMENT_3D('',#16238,#12820,#12821);
#11204=AXIS2_PLACEMENT_3D('',#16242,#12824,#12825);
#11205=AXIS2_PLACEMENT_3D('',#16246,#12828,#12829);
#11206=AXIS2_PLACEMENT_3D('',#16250,#12832,#12833);
#11207=AXIS2_PLACEMENT_3D('',#16254,#12836,#12837);
#11208=AXIS2_PLACEMENT_3D('',#16258,#12840,#12841);
#11209=AXIS2_PLACEMENT_3D('',#16262,#12844,#12845);
#11210=AXIS2_PLACEMENT_3D('',#16266,#12848,#12849);
#11211=AXIS2_PLACEMENT_3D('',#16270,#12852,#12853);
#11212=AXIS2_PLACEMENT_3D('',#16274,#12856,#12857);
#11213=AXIS2_PLACEMENT_3D('',#16278,#12860,#12861);
#11214=AXIS2_PLACEMENT_3D('',#16282,#12864,#12865);
#11215=AXIS2_PLACEMENT_3D('',#16286,#12868,#12869);
#11216=AXIS2_PLACEMENT_3D('',#16290,#12872,#12873);
#11217=AXIS2_PLACEMENT_3D('',#16294,#12876,#12877);
#11218=AXIS2_PLACEMENT_3D('',#16298,#12880,#12881);
#11219=AXIS2_PLACEMENT_3D('',#16302,#12884,#12885);
#11220=AXIS2_PLACEMENT_3D('',#16306,#12888,#12889);
#11221=AXIS2_PLACEMENT_3D('',#16310,#12892,#12893);
#11222=AXIS2_PLACEMENT_3D('',#16314,#12896,#12897);
#11223=AXIS2_PLACEMENT_3D('',#16318,#12900,#12901);
#11224=AXIS2_PLACEMENT_3D('',#16322,#12904,#12905);
#11225=AXIS2_PLACEMENT_3D('',#16326,#12908,#12909);
#11226=AXIS2_PLACEMENT_3D('',#16330,#12912,#12913);
#11227=AXIS2_PLACEMENT_3D('',#16334,#12916,#12917);
#11228=AXIS2_PLACEMENT_3D('',#16338,#12920,#12921);
#11229=AXIS2_PLACEMENT_3D('',#16342,#12924,#12925);
#11230=AXIS2_PLACEMENT_3D('',#16346,#12928,#12929);
#11231=AXIS2_PLACEMENT_3D('',#16350,#12932,#12933);
#11232=AXIS2_PLACEMENT_3D('',#16354,#12936,#12937);
#11233=AXIS2_PLACEMENT_3D('',#16358,#12940,#12941);
#11234=AXIS2_PLACEMENT_3D('',#16362,#12944,#12945);
#11235=AXIS2_PLACEMENT_3D('',#16366,#12948,#12949);
#11236=AXIS2_PLACEMENT_3D('',#16368,#12951,#12952);
#11237=AXIS2_PLACEMENT_3D('',#16372,#12955,#12956);
#11238=AXIS2_PLACEMENT_3D('',#16376,#12959,#12960);
#11239=AXIS2_PLACEMENT_3D('',#16380,#12963,#12964);
#11240=AXIS2_PLACEMENT_3D('',#16384,#12967,#12968);
#11241=AXIS2_PLACEMENT_3D('',#16388,#12971,#12972);
#11242=AXIS2_PLACEMENT_3D('',#16392,#12975,#12976);
#11243=AXIS2_PLACEMENT_3D('',#16396,#12979,#12980);
#11244=AXIS2_PLACEMENT_3D('',#16400,#12983,#12984);
#11245=AXIS2_PLACEMENT_3D('',#16404,#12987,#12988);
#11246=AXIS2_PLACEMENT_3D('',#16408,#12991,#12992);
#11247=AXIS2_PLACEMENT_3D('',#16412,#12995,#12996);
#11248=AXIS2_PLACEMENT_3D('',#16416,#12999,#13000);
#11249=AXIS2_PLACEMENT_3D('',#16420,#13003,#13004);
#11250=AXIS2_PLACEMENT_3D('',#16424,#13007,#13008);
#11251=AXIS2_PLACEMENT_3D('',#16428,#13011,#13012);
#11252=AXIS2_PLACEMENT_3D('',#16432,#13015,#13016);
#11253=AXIS2_PLACEMENT_3D('',#16436,#13019,#13020);
#11254=AXIS2_PLACEMENT_3D('',#16440,#13023,#13024);
#11255=AXIS2_PLACEMENT_3D('',#16444,#13027,#13028);
#11256=AXIS2_PLACEMENT_3D('',#16448,#13031,#13032);
#11257=AXIS2_PLACEMENT_3D('',#16452,#13035,#13036);
#11258=AXIS2_PLACEMENT_3D('',#16456,#13039,#13040);
#11259=AXIS2_PLACEMENT_3D('',#16460,#13043,#13044);
#11260=AXIS2_PLACEMENT_3D('',#16464,#13047,#13048);
#11261=AXIS2_PLACEMENT_3D('',#16468,#13051,#13052);
#11262=AXIS2_PLACEMENT_3D('',#16472,#13055,#13056);
#11263=AXIS2_PLACEMENT_3D('',#16476,#13059,#13060);
#11264=AXIS2_PLACEMENT_3D('',#16480,#13063,#13064);
#11265=AXIS2_PLACEMENT_3D('',#16484,#13067,#13068);
#11266=AXIS2_PLACEMENT_3D('',#16488,#13071,#13072);
#11267=AXIS2_PLACEMENT_3D('',#16492,#13075,#13076);
#11268=AXIS2_PLACEMENT_3D('',#16496,#13079,#13080);
#11269=AXIS2_PLACEMENT_3D('',#16500,#13083,#13084);
#11270=AXIS2_PLACEMENT_3D('',#16504,#13087,#13088);
#11271=AXIS2_PLACEMENT_3D('',#16508,#13091,#13092);
#11272=AXIS2_PLACEMENT_3D('',#16512,#13095,#13096);
#11273=AXIS2_PLACEMENT_3D('',#16516,#13099,#13100);
#11274=AXIS2_PLACEMENT_3D('',#16520,#13103,#13104);
#11275=AXIS2_PLACEMENT_3D('',#16524,#13107,#13108);
#11276=AXIS2_PLACEMENT_3D('',#16528,#13111,#13112);
#11277=AXIS2_PLACEMENT_3D('',#16532,#13115,#13116);
#11278=AXIS2_PLACEMENT_3D('',#16536,#13119,#13120);
#11279=AXIS2_PLACEMENT_3D('',#16540,#13123,#13124);
#11280=AXIS2_PLACEMENT_3D('',#16544,#13127,#13128);
#11281=AXIS2_PLACEMENT_3D('',#16548,#13131,#13132);
#11282=AXIS2_PLACEMENT_3D('',#16552,#13135,#13136);
#11283=AXIS2_PLACEMENT_3D('',#16556,#13139,#13140);
#11284=AXIS2_PLACEMENT_3D('',#16560,#13143,#13144);
#11285=AXIS2_PLACEMENT_3D('',#16564,#13147,#13148);
#11286=AXIS2_PLACEMENT_3D('',#16568,#13151,#13152);
#11287=AXIS2_PLACEMENT_3D('',#16572,#13155,#13156);
#11288=AXIS2_PLACEMENT_3D('',#16576,#13159,#13160);
#11289=AXIS2_PLACEMENT_3D('',#16580,#13163,#13164);
#11290=AXIS2_PLACEMENT_3D('',#16584,#13167,#13168);
#11291=AXIS2_PLACEMENT_3D('',#16588,#13171,#13172);
#11292=AXIS2_PLACEMENT_3D('',#16592,#13175,#13176);
#11293=AXIS2_PLACEMENT_3D('',#16596,#13179,#13180);
#11294=AXIS2_PLACEMENT_3D('',#16600,#13183,#13184);
#11295=AXIS2_PLACEMENT_3D('',#16604,#13187,#13188);
#11296=AXIS2_PLACEMENT_3D('',#16608,#13191,#13192);
#11297=AXIS2_PLACEMENT_3D('',#16612,#13195,#13196);
#11298=AXIS2_PLACEMENT_3D('',#16616,#13199,#13200);
#11299=AXIS2_PLACEMENT_3D('',#16620,#13203,#13204);
#11300=AXIS2_PLACEMENT_3D('',#16624,#13207,#13208);
#11301=AXIS2_PLACEMENT_3D('',#16628,#13211,#13212);
#11302=AXIS2_PLACEMENT_3D('',#16632,#13215,#13216);
#11303=AXIS2_PLACEMENT_3D('',#16636,#13219,#13220);
#11304=AXIS2_PLACEMENT_3D('',#16640,#13223,#13224);
#11305=AXIS2_PLACEMENT_3D('',#16644,#13227,#13228);
#11306=AXIS2_PLACEMENT_3D('',#16648,#13231,#13232);
#11307=AXIS2_PLACEMENT_3D('',#16652,#13235,#13236);
#11308=AXIS2_PLACEMENT_3D('',#16656,#13239,#13240);
#11309=AXIS2_PLACEMENT_3D('',#16660,#13243,#13244);
#11310=AXIS2_PLACEMENT_3D('',#16664,#13247,#13248);
#11311=AXIS2_PLACEMENT_3D('',#16668,#13251,#13252);
#11312=AXIS2_PLACEMENT_3D('',#16672,#13255,#13256);
#11313=AXIS2_PLACEMENT_3D('',#16676,#13259,#13260);
#11314=AXIS2_PLACEMENT_3D('',#16680,#13263,#13264);
#11315=AXIS2_PLACEMENT_3D('',#16684,#13267,#13268);
#11316=AXIS2_PLACEMENT_3D('',#16688,#13271,#13272);
#11317=AXIS2_PLACEMENT_3D('',#16692,#13275,#13276);
#11318=AXIS2_PLACEMENT_3D('',#16696,#13279,#13280);
#11319=AXIS2_PLACEMENT_3D('',#16700,#13283,#13284);
#11320=AXIS2_PLACEMENT_3D('',#16704,#13287,#13288);
#11321=AXIS2_PLACEMENT_3D('',#16708,#13291,#13292);
#11322=AXIS2_PLACEMENT_3D('',#16712,#13295,#13296);
#11323=AXIS2_PLACEMENT_3D('',#16716,#13299,#13300);
#11324=AXIS2_PLACEMENT_3D('',#16720,#13303,#13304);
#11325=AXIS2_PLACEMENT_3D('',#16724,#13307,#13308);
#11326=AXIS2_PLACEMENT_3D('',#16728,#13311,#13312);
#11327=AXIS2_PLACEMENT_3D('',#16732,#13315,#13316);
#11328=AXIS2_PLACEMENT_3D('',#16736,#13319,#13320);
#11329=AXIS2_PLACEMENT_3D('',#16740,#13323,#13324);
#11330=AXIS2_PLACEMENT_3D('',#16744,#13327,#13328);
#11331=AXIS2_PLACEMENT_3D('',#16748,#13331,#13332);
#11332=AXIS2_PLACEMENT_3D('',#16752,#13335,#13336);
#11333=AXIS2_PLACEMENT_3D('',#16756,#13339,#13340);
#11334=AXIS2_PLACEMENT_3D('',#16760,#13343,#13344);
#11335=AXIS2_PLACEMENT_3D('',#16764,#13347,#13348);
#11336=AXIS2_PLACEMENT_3D('',#16768,#13351,#13352);
#11337=AXIS2_PLACEMENT_3D('',#16772,#13355,#13356);
#11338=AXIS2_PLACEMENT_3D('',#16776,#13359,#13360);
#11339=AXIS2_PLACEMENT_3D('',#16780,#13363,#13364);
#11340=AXIS2_PLACEMENT_3D('',#16784,#13367,#13368);
#11341=AXIS2_PLACEMENT_3D('',#16788,#13371,#13372);
#11342=AXIS2_PLACEMENT_3D('',#16792,#13375,#13376);
#11343=AXIS2_PLACEMENT_3D('',#16796,#13379,#13380);
#11344=AXIS2_PLACEMENT_3D('',#16800,#13383,#13384);
#11345=AXIS2_PLACEMENT_3D('',#16804,#13387,#13388);
#11346=AXIS2_PLACEMENT_3D('',#16808,#13391,#13392);
#11347=AXIS2_PLACEMENT_3D('',#16812,#13395,#13396);
#11348=AXIS2_PLACEMENT_3D('',#16816,#13399,#13400);
#11349=AXIS2_PLACEMENT_3D('',#16820,#13403,#13404);
#11350=AXIS2_PLACEMENT_3D('',#16824,#13407,#13408);
#11351=AXIS2_PLACEMENT_3D('',#16828,#13411,#13412);
#11352=AXIS2_PLACEMENT_3D('',#16832,#13415,#13416);
#11353=AXIS2_PLACEMENT_3D('',#16836,#13419,#13420);
#11354=AXIS2_PLACEMENT_3D('',#16840,#13423,#13424);
#11355=AXIS2_PLACEMENT_3D('',#16844,#13427,#13428);
#11356=AXIS2_PLACEMENT_3D('',#16848,#13431,#13432);
#11357=AXIS2_PLACEMENT_3D('',#16852,#13435,#13436);
#11358=AXIS2_PLACEMENT_3D('',#16856,#13439,#13440);
#11359=AXIS2_PLACEMENT_3D('',#16860,#13443,#13444);
#11360=AXIS2_PLACEMENT_3D('',#16864,#13447,#13448);
#11361=AXIS2_PLACEMENT_3D('',#16868,#13451,#13452);
#11362=AXIS2_PLACEMENT_3D('',#16872,#13455,#13456);
#11363=AXIS2_PLACEMENT_3D('',#16876,#13459,#13460);
#11364=AXIS2_PLACEMENT_3D('',#16880,#13463,#13464);
#11365=AXIS2_PLACEMENT_3D('',#16884,#13467,#13468);
#11366=AXIS2_PLACEMENT_3D('',#16888,#13471,#13472);
#11367=AXIS2_PLACEMENT_3D('',#16892,#13475,#13476);
#11368=AXIS2_PLACEMENT_3D('',#16896,#13479,#13480);
#11369=AXIS2_PLACEMENT_3D('',#16900,#13483,#13484);
#11370=AXIS2_PLACEMENT_3D('',#16904,#13487,#13488);
#11371=AXIS2_PLACEMENT_3D('',#16908,#13491,#13492);
#11372=AXIS2_PLACEMENT_3D('',#16912,#13495,#13496);
#11373=AXIS2_PLACEMENT_3D('',#16916,#13499,#13500);
#11374=AXIS2_PLACEMENT_3D('',#16920,#13503,#13504);
#11375=AXIS2_PLACEMENT_3D('',#16924,#13507,#13508);
#11376=AXIS2_PLACEMENT_3D('',#16928,#13511,#13512);
#11377=AXIS2_PLACEMENT_3D('',#16932,#13515,#13516);
#11378=AXIS2_PLACEMENT_3D('',#16936,#13519,#13520);
#11379=AXIS2_PLACEMENT_3D('',#16940,#13523,#13524);
#11380=AXIS2_PLACEMENT_3D('',#16944,#13527,#13528);
#11381=AXIS2_PLACEMENT_3D('',#16956,#13531,#13532);
#11382=AXIS2_PLACEMENT_3D('',#16959,#13535,#13536);
#11383=AXIS2_PLACEMENT_3D('',#16962,#13539,#13540);
#11384=AXIS2_PLACEMENT_3D('',#16967,#13544,#13545);
#11385=AXIS2_PLACEMENT_3D('',#16974,#13547,#13548);
#11386=AXIS2_PLACEMENT_3D('',#16981,#13550,#13551);
#11387=AXIS2_PLACEMENT_3D('',#16985,#13554,#13555);
#11388=AXIS2_PLACEMENT_3D('',#16989,#13558,#13559);
#11389=AXIS2_PLACEMENT_3D('',#16996,#13561,#13562);
#11390=AXIS2_PLACEMENT_3D('',#16997,#13563,#13564);
#11391=AXIS2_PLACEMENT_3D('',#17000,#13566,#13567);
#11392=AXIS2_PLACEMENT_3D('',#17007,#13569,#13570);
#11393=AXIS2_PLACEMENT_3D('',#17014,#13572,#13573);
#11394=AXIS2_PLACEMENT_3D('',#17015,#13574,#13575);
#11395=AXIS2_PLACEMENT_3D('',#17016,#13576,#13577);
#11396=AXIS2_PLACEMENT_3D('',#17020,#13580,#13581);
#11397=AXIS2_PLACEMENT_3D('',#17024,#13584,#13585);
#11398=AXIS2_PLACEMENT_3D('',#17028,#13588,#13589);
#11399=AXIS2_PLACEMENT_3D('',#17032,#13592,#13593);
#11400=AXIS2_PLACEMENT_3D('',#17036,#13596,#13597);
#11401=AXIS2_PLACEMENT_3D('',#17040,#13600,#13601);
#11402=AXIS2_PLACEMENT_3D('',#17044,#13604,#13605);
#11403=AXIS2_PLACEMENT_3D('',#17048,#13608,#13609);
#11404=AXIS2_PLACEMENT_3D('',#17052,#13612,#13613);
#11405=AXIS2_PLACEMENT_3D('',#17056,#13616,#13617);
#11406=AXIS2_PLACEMENT_3D('',#17060,#13620,#13621);
#11407=AXIS2_PLACEMENT_3D('',#17064,#13624,#13625);
#11408=AXIS2_PLACEMENT_3D('',#17068,#13628,#13629);
#11409=AXIS2_PLACEMENT_3D('',#17070,#13631,#13632);
#11410=AXIS2_PLACEMENT_3D('',#17073,#13635,#13636);
#11411=AXIS2_PLACEMENT_3D('',#17074,#13637,#13638);
#11412=AXIS2_PLACEMENT_3D('',#17075,#13639,#13640);
#11413=AXIS2_PLACEMENT_3D('',#17076,#13641,#13642);
#11414=AXIS2_PLACEMENT_3D('',#17077,#13643,#13644);
#11415=AXIS2_PLACEMENT_3D('',#17080,#13647,#13648);
#11416=AXIS2_PLACEMENT_3D('',#17082,#13650,#13651);
#11417=AXIS2_PLACEMENT_3D('',#17084,#13653,#13654);
#11418=AXIS2_PLACEMENT_3D('',#17086,#13656,#13657);
#11419=AXIS2_PLACEMENT_3D('',#17088,#13659,#13660);
#11420=AXIS2_PLACEMENT_3D('',#17090,#13662,#13663);
#11421=AXIS2_PLACEMENT_3D('',#17092,#13665,#13666);
#11422=AXIS2_PLACEMENT_3D('',#17094,#13668,#13669);
#11423=AXIS2_PLACEMENT_3D('',#17096,#13671,#13672);
#11424=AXIS2_PLACEMENT_3D('',#17098,#13674,#13675);
#11425=AXIS2_PLACEMENT_3D('',#17100,#13677,#13678);
#11426=AXIS2_PLACEMENT_3D('',#17102,#13680,#13681);
#11427=AXIS2_PLACEMENT_3D('',#17104,#13683,#13684);
#11428=AXIS2_PLACEMENT_3D('',#17106,#13686,#13687);
#11429=AXIS2_PLACEMENT_3D('',#17108,#13689,#13690);
#11430=AXIS2_PLACEMENT_3D('',#17110,#13692,#13693);
#11431=AXIS2_PLACEMENT_3D('',#17112,#13695,#13696);
#11432=AXIS2_PLACEMENT_3D('',#17114,#13698,#13699);
#11433=AXIS2_PLACEMENT_3D('',#17116,#13701,#13702);
#11434=AXIS2_PLACEMENT_3D('',#17118,#13704,#13705);
#11435=AXIS2_PLACEMENT_3D('',#17120,#13707,#13708);
#11436=AXIS2_PLACEMENT_3D('',#17122,#13710,#13711);
#11437=AXIS2_PLACEMENT_3D('',#17124,#13713,#13714);
#11438=AXIS2_PLACEMENT_3D('',#17126,#13716,#13717);
#11439=AXIS2_PLACEMENT_3D('',#17128,#13719,#13720);
#11440=AXIS2_PLACEMENT_3D('',#17130,#13722,#13723);
#11441=AXIS2_PLACEMENT_3D('',#17132,#13725,#13726);
#11442=AXIS2_PLACEMENT_3D('',#17134,#13728,#13729);
#11443=AXIS2_PLACEMENT_3D('',#17136,#13731,#13732);
#11444=AXIS2_PLACEMENT_3D('',#17138,#13734,#13735);
#11445=AXIS2_PLACEMENT_3D('',#17140,#13737,#13738);
#11446=AXIS2_PLACEMENT_3D('',#17142,#13740,#13741);
#11447=AXIS2_PLACEMENT_3D('',#17144,#13743,#13744);
#11448=AXIS2_PLACEMENT_3D('',#17146,#13746,#13747);
#11449=AXIS2_PLACEMENT_3D('',#17148,#13749,#13750);
#11450=AXIS2_PLACEMENT_3D('',#17149,#13751,#13752);
#11451=AXIS2_PLACEMENT_3D('',#17152,#13755,#13756);
#11452=AXIS2_PLACEMENT_3D('',#17154,#13758,#13759);
#11453=AXIS2_PLACEMENT_3D('',#17156,#13761,#13762);
#11454=AXIS2_PLACEMENT_3D('',#17158,#13764,#13765);
#11455=AXIS2_PLACEMENT_3D('',#17160,#13767,#13768);
#11456=AXIS2_PLACEMENT_3D('',#17162,#13770,#13771);
#11457=AXIS2_PLACEMENT_3D('',#17164,#13773,#13774);
#11458=AXIS2_PLACEMENT_3D('',#17166,#13776,#13777);
#11459=AXIS2_PLACEMENT_3D('',#17168,#13779,#13780);
#11460=AXIS2_PLACEMENT_3D('',#17170,#13782,#13783);
#11461=AXIS2_PLACEMENT_3D('',#17172,#13785,#13786);
#11462=AXIS2_PLACEMENT_3D('',#17174,#13788,#13789);
#11463=AXIS2_PLACEMENT_3D('',#17176,#13791,#13792);
#11464=AXIS2_PLACEMENT_3D('',#17178,#13794,#13795);
#11465=AXIS2_PLACEMENT_3D('',#17180,#13797,#13798);
#11466=AXIS2_PLACEMENT_3D('',#17182,#13800,#13801);
#11467=AXIS2_PLACEMENT_3D('',#17184,#13803,#13804);
#11468=AXIS2_PLACEMENT_3D('',#17186,#13806,#13807);
#11469=AXIS2_PLACEMENT_3D('',#17188,#13809,#13810);
#11470=AXIS2_PLACEMENT_3D('',#17190,#13812,#13813);
#11471=AXIS2_PLACEMENT_3D('',#17192,#13815,#13816);
#11472=AXIS2_PLACEMENT_3D('',#17194,#13818,#13819);
#11473=AXIS2_PLACEMENT_3D('',#17196,#13821,#13822);
#11474=AXIS2_PLACEMENT_3D('',#17198,#13824,#13825);
#11475=AXIS2_PLACEMENT_3D('',#17200,#13827,#13828);
#11476=AXIS2_PLACEMENT_3D('',#17202,#13830,#13831);
#11477=AXIS2_PLACEMENT_3D('',#17204,#13833,#13834);
#11478=AXIS2_PLACEMENT_3D('',#17206,#13836,#13837);
#11479=AXIS2_PLACEMENT_3D('',#17208,#13839,#13840);
#11480=AXIS2_PLACEMENT_3D('',#17210,#13842,#13843);
#11481=AXIS2_PLACEMENT_3D('',#17212,#13845,#13846);
#11482=AXIS2_PLACEMENT_3D('',#17214,#13848,#13849);
#11483=AXIS2_PLACEMENT_3D('',#17216,#13851,#13852);
#11484=AXIS2_PLACEMENT_3D('',#17218,#13854,#13855);
#11485=AXIS2_PLACEMENT_3D('',#17219,#13856,#13857);
#11486=AXIS2_PLACEMENT_3D('',#17222,#13860,#13861);
#11487=AXIS2_PLACEMENT_3D('',#17224,#13863,#13864);
#11488=AXIS2_PLACEMENT_3D('',#17226,#13866,#13867);
#11489=AXIS2_PLACEMENT_3D('',#17228,#13869,#13870);
#11490=AXIS2_PLACEMENT_3D('',#17230,#13872,#13873);
#11491=AXIS2_PLACEMENT_3D('',#17232,#13875,#13876);
#11492=AXIS2_PLACEMENT_3D('',#17234,#13878,#13879);
#11493=AXIS2_PLACEMENT_3D('',#17236,#13881,#13882);
#11494=AXIS2_PLACEMENT_3D('',#17238,#13884,#13885);
#11495=AXIS2_PLACEMENT_3D('',#17240,#13887,#13888);
#11496=AXIS2_PLACEMENT_3D('',#17242,#13890,#13891);
#11497=AXIS2_PLACEMENT_3D('',#17244,#13893,#13894);
#11498=AXIS2_PLACEMENT_3D('',#17246,#13896,#13897);
#11499=AXIS2_PLACEMENT_3D('',#17248,#13899,#13900);
#11500=AXIS2_PLACEMENT_3D('',#17250,#13902,#13903);
#11501=AXIS2_PLACEMENT_3D('',#17252,#13905,#13906);
#11502=AXIS2_PLACEMENT_3D('',#17254,#13908,#13909);
#11503=AXIS2_PLACEMENT_3D('',#17256,#13911,#13912);
#11504=AXIS2_PLACEMENT_3D('',#17258,#13914,#13915);
#11505=AXIS2_PLACEMENT_3D('',#17260,#13917,#13918);
#11506=AXIS2_PLACEMENT_3D('',#17262,#13920,#13921);
#11507=AXIS2_PLACEMENT_3D('',#17264,#13923,#13924);
#11508=AXIS2_PLACEMENT_3D('',#17266,#13926,#13927);
#11509=AXIS2_PLACEMENT_3D('',#17268,#13929,#13930);
#11510=AXIS2_PLACEMENT_3D('',#17270,#13932,#13933);
#11511=AXIS2_PLACEMENT_3D('',#17272,#13935,#13936);
#11512=AXIS2_PLACEMENT_3D('',#17274,#13938,#13939);
#11513=AXIS2_PLACEMENT_3D('',#17276,#13941,#13942);
#11514=AXIS2_PLACEMENT_3D('',#17278,#13944,#13945);
#11515=AXIS2_PLACEMENT_3D('',#17280,#13947,#13948);
#11516=AXIS2_PLACEMENT_3D('',#17282,#13950,#13951);
#11517=AXIS2_PLACEMENT_3D('',#17284,#13953,#13954);
#11518=AXIS2_PLACEMENT_3D('',#17286,#13956,#13957);
#11519=AXIS2_PLACEMENT_3D('',#17288,#13959,#13960);
#11520=AXIS2_PLACEMENT_3D('',#17290,#13962,#13963);
#11521=AXIS2_PLACEMENT_3D('',#17292,#13965,#13966);
#11522=AXIS2_PLACEMENT_3D('',#17294,#13968,#13969);
#11523=AXIS2_PLACEMENT_3D('',#17296,#13971,#13972);
#11524=AXIS2_PLACEMENT_3D('',#17298,#13974,#13975);
#11525=AXIS2_PLACEMENT_3D('',#17299,#13976,#13977);
#11526=AXIS2_PLACEMENT_3D('',#17302,#13980,#13981);
#11527=AXIS2_PLACEMENT_3D('',#17304,#13983,#13984);
#11528=AXIS2_PLACEMENT_3D('',#17306,#13986,#13987);
#11529=AXIS2_PLACEMENT_3D('',#17308,#13989,#13990);
#11530=AXIS2_PLACEMENT_3D('',#17310,#13992,#13993);
#11531=AXIS2_PLACEMENT_3D('',#17312,#13995,#13996);
#11532=AXIS2_PLACEMENT_3D('',#17314,#13998,#13999);
#11533=AXIS2_PLACEMENT_3D('',#17316,#14001,#14002);
#11534=AXIS2_PLACEMENT_3D('',#17318,#14004,#14005);
#11535=AXIS2_PLACEMENT_3D('',#17320,#14007,#14008);
#11536=AXIS2_PLACEMENT_3D('',#17322,#14010,#14011);
#11537=AXIS2_PLACEMENT_3D('',#17324,#14013,#14014);
#11538=AXIS2_PLACEMENT_3D('',#17326,#14016,#14017);
#11539=AXIS2_PLACEMENT_3D('',#17328,#14019,#14020);
#11540=AXIS2_PLACEMENT_3D('',#17330,#14022,#14023);
#11541=AXIS2_PLACEMENT_3D('',#17332,#14025,#14026);
#11542=AXIS2_PLACEMENT_3D('',#17334,#14028,#14029);
#11543=AXIS2_PLACEMENT_3D('',#17336,#14031,#14032);
#11544=AXIS2_PLACEMENT_3D('',#17338,#14034,#14035);
#11545=AXIS2_PLACEMENT_3D('',#17340,#14037,#14038);
#11546=AXIS2_PLACEMENT_3D('',#17342,#14040,#14041);
#11547=AXIS2_PLACEMENT_3D('',#17344,#14043,#14044);
#11548=AXIS2_PLACEMENT_3D('',#17346,#14046,#14047);
#11549=AXIS2_PLACEMENT_3D('',#17348,#14049,#14050);
#11550=AXIS2_PLACEMENT_3D('',#17350,#14052,#14053);
#11551=AXIS2_PLACEMENT_3D('',#17352,#14055,#14056);
#11552=AXIS2_PLACEMENT_3D('',#17354,#14058,#14059);
#11553=AXIS2_PLACEMENT_3D('',#17356,#14061,#14062);
#11554=AXIS2_PLACEMENT_3D('',#17358,#14064,#14065);
#11555=AXIS2_PLACEMENT_3D('',#17360,#14067,#14068);
#11556=AXIS2_PLACEMENT_3D('',#17362,#14070,#14071);
#11557=AXIS2_PLACEMENT_3D('',#17364,#14073,#14074);
#11558=AXIS2_PLACEMENT_3D('',#17366,#14076,#14077);
#11559=AXIS2_PLACEMENT_3D('',#17368,#14079,#14080);
#11560=AXIS2_PLACEMENT_3D('',#17370,#14082,#14083);
#11561=AXIS2_PLACEMENT_3D('',#17372,#14085,#14086);
#11562=AXIS2_PLACEMENT_3D('',#17374,#14088,#14089);
#11563=AXIS2_PLACEMENT_3D('',#17375,#14090,#14091);
#11564=AXIS2_PLACEMENT_3D('',#17378,#14094,#14095);
#11565=AXIS2_PLACEMENT_3D('',#17380,#14097,#14098);
#11566=AXIS2_PLACEMENT_3D('',#17382,#14100,#14101);
#11567=AXIS2_PLACEMENT_3D('',#17384,#14103,#14104);
#11568=AXIS2_PLACEMENT_3D('',#17386,#14106,#14107);
#11569=AXIS2_PLACEMENT_3D('',#17388,#14109,#14110);
#11570=AXIS2_PLACEMENT_3D('',#17390,#14112,#14113);
#11571=AXIS2_PLACEMENT_3D('',#17392,#14115,#14116);
#11572=AXIS2_PLACEMENT_3D('',#17394,#14118,#14119);
#11573=AXIS2_PLACEMENT_3D('',#17396,#14121,#14122);
#11574=AXIS2_PLACEMENT_3D('',#17398,#14124,#14125);
#11575=AXIS2_PLACEMENT_3D('',#17400,#14127,#14128);
#11576=AXIS2_PLACEMENT_3D('',#17402,#14130,#14131);
#11577=AXIS2_PLACEMENT_3D('',#17404,#14133,#14134);
#11578=AXIS2_PLACEMENT_3D('',#17406,#14136,#14137);
#11579=AXIS2_PLACEMENT_3D('',#17408,#14139,#14140);
#11580=AXIS2_PLACEMENT_3D('',#17410,#14142,#14143);
#11581=AXIS2_PLACEMENT_3D('',#17412,#14145,#14146);
#11582=AXIS2_PLACEMENT_3D('',#17414,#14148,#14149);
#11583=AXIS2_PLACEMENT_3D('',#17416,#14151,#14152);
#11584=AXIS2_PLACEMENT_3D('',#17418,#14154,#14155);
#11585=AXIS2_PLACEMENT_3D('',#17420,#14157,#14158);
#11586=AXIS2_PLACEMENT_3D('',#17422,#14160,#14161);
#11587=AXIS2_PLACEMENT_3D('',#17424,#14163,#14164);
#11588=AXIS2_PLACEMENT_3D('',#17426,#14166,#14167);
#11589=AXIS2_PLACEMENT_3D('',#17428,#14169,#14170);
#11590=AXIS2_PLACEMENT_3D('',#17430,#14172,#14173);
#11591=AXIS2_PLACEMENT_3D('',#17432,#14175,#14176);
#11592=AXIS2_PLACEMENT_3D('',#17434,#14178,#14179);
#11593=AXIS2_PLACEMENT_3D('',#17436,#14181,#14182);
#11594=AXIS2_PLACEMENT_3D('',#17438,#14184,#14185);
#11595=AXIS2_PLACEMENT_3D('',#17440,#14187,#14188);
#11596=AXIS2_PLACEMENT_3D('',#17442,#14190,#14191);
#11597=AXIS2_PLACEMENT_3D('',#17444,#14193,#14194);
#11598=AXIS2_PLACEMENT_3D('',#17446,#14196,#14197);
#11599=AXIS2_PLACEMENT_3D('',#17447,#14198,#14199);
#11600=AXIS2_PLACEMENT_3D('',#17450,#14202,#14203);
#11601=AXIS2_PLACEMENT_3D('',#17452,#14205,#14206);
#11602=AXIS2_PLACEMENT_3D('',#17454,#14208,#14209);
#11603=AXIS2_PLACEMENT_3D('',#17455,#14210,#14211);
#11604=AXIS2_PLACEMENT_3D('',#17458,#14214,#14215);
#11605=AXIS2_PLACEMENT_3D('',#17460,#14217,#14218);
#11606=AXIS2_PLACEMENT_3D('',#17462,#14220,#14221);
#11607=DIRECTION('',(0.,0.,1.));
#11608=DIRECTION('',(1.,0.,0.));
#11609=DIRECTION('',(0.000442872147817155,-0.999999901932126,0.));
#11610=DIRECTION('',(0.999999901932126,0.000442872147817155,0.));
#11611=DIRECTION('',(0.999999901932126,0.000442872147817155,0.));
#11612=DIRECTION('',(0.,0.,1.));
#11613=DIRECTION('',(-0.999999901932125,-0.000442872147803443,0.));
#11614=DIRECTION('',(0.,0.,1.));
#11615=DIRECTION('',(-0.999999901932126,-0.000442872147819783,0.));
#11616=DIRECTION('',(0.,0.,1.));
#11617=DIRECTION('',(0.,0.,1.));
#11618=DIRECTION('',(0.999999901932126,0.000442872147817155,0.));
#11619=DIRECTION('',(0.,0.,1.));
#11620=DIRECTION('',(0.999999901932126,0.000442872147823761,0.));
#11621=DIRECTION('',(-0.000442872147816356,0.999999901932126,0.));
#11622=DIRECTION('',(-0.999999901932126,-0.000442872147816356,0.));
#11623=DIRECTION('',(0.,0.,1.));
#11624=DIRECTION('',(-0.999999901932126,-0.000442872147816356,0.));
#11625=DIRECTION('',(0.,0.,1.));
#11626=DIRECTION('',(-0.999999901932126,-0.000442872147816356,0.));
#11627=DIRECTION('',(0.,0.,1.));
#11628=DIRECTION('',(-0.999999901932126,-0.000442872147816356,0.));
#11629=DIRECTION('',(0.,0.,1.));
#11630=DIRECTION('',(0.999999901932126,0.000442872147823127,1.5829213212673E-16));
#11631=DIRECTION('',(0.,0.,1.));
#11632=DIRECTION('',(-0.999999901932126,-0.000442872147816356,0.));
#11633=DIRECTION('',(-1.,0.,0.));
#11634=DIRECTION('',(0.,0.,1.));
#11635=DIRECTION('',(0.,1.,0.));
#11636=DIRECTION('',(0.,0.,1.));
#11637=DIRECTION('',(0.,1.,0.));
#11638=DIRECTION('',(0.,0.,1.));
#11639=DIRECTION('',(0.,1.,0.));
#11640=DIRECTION('',(0.,0.,1.));
#11641=DIRECTION('',(0.,1.,0.));
#11642=DIRECTION('',(0.,0.,-1.));
#11643=DIRECTION('',(1.,0.,0.));
#11644=DIRECTION('',(0.,0.,-1.));
#11645=DIRECTION('',(0.,0.,-1.));
#11646=DIRECTION('',(0.,1.,0.));
#11647=DIRECTION('',(0.,0.,1.));
#11648=DIRECTION('',(0.,1.,0.));
#11649=DIRECTION('',(0.,1.,0.));
#11650=DIRECTION('',(0.,0.,-1.));
#11651=DIRECTION('',(0.,1.,0.));
#11652=DIRECTION('',(0.,0.,-1.));
#11653=DIRECTION('',(0.,0.,1.));
#11654=DIRECTION('',(1.,0.,0.));
#11655=DIRECTION('',(0.,1.,0.));
#11656=DIRECTION('',(0.341743063086789,-0.939793423488406,0.));
#11657=DIRECTION('',(0.171341174751206,-0.985211754819682,0.));
#11658=DIRECTION('',(0.429933580392394,-0.902860518823908,0.));
#11659=DIRECTION('',(0.544988350595375,-0.838443616300662,0.));
#11660=DIRECTION('',(0.629801958421219,-0.776755748719504,0.));
#11661=DIRECTION('',(0.776755748719568,-0.62980195842114,0.));
#11662=DIRECTION('',(0.8384436163006,-0.544988350595472,0.));
#11663=DIRECTION('',(0.902860518823813,-0.429933580392594,0.));
#11664=DIRECTION('',(0.939793423488454,-0.34174306308666,0.));
#11665=DIRECTION('',(0.967617272396867,-0.252421897146913,0.));
#11666=DIRECTION('',(0.996240588195678,-0.0866296163648972,0.));
#11667=DIRECTION('',(0.985821169784119,0.167799348048409,0.));
#11668=DIRECTION('',(0.902860518823922,0.429933580392364,0.));
#11669=DIRECTION('',(0.8384436163006,0.544988350595472,0.));
#11670=DIRECTION('',(0.776755748719568,0.62980195842114,0.));
#11671=DIRECTION('',(0.629801958421239,0.776755748719487,0.));
#11672=DIRECTION('',(0.544988350595375,0.838443616300662,0.));
#11673=DIRECTION('',(0.429933580392391,0.902860518823909,0.));
#11674=DIRECTION('',(0.252421897146976,0.967617272396851,0.));
#11675=DIRECTION('',(0.0866296163648328,0.996240588195684,0.));
#11676=DIRECTION('',(-0.0830454798537174,0.996545758244882,0.));
#11677=DIRECTION('',(-0.167799348048375,0.985821169784125,0.));
#11678=DIRECTION('',(-0.341743063086713,0.939793423488434,0.));
#11679=DIRECTION('',(-0.489250974283217,0.872143041113625,0.));
#11680=DIRECTION('',(-0.544988350595424,0.838443616300631,0.));
#11681=DIRECTION('',(-0.776755748719501,0.629801958421223,0.));
#11682=DIRECTION('',(-0.939793423488449,0.341743063086671,0.));
#11683=DIRECTION('',(-0.996545758244875,0.0830454798537963,0.));
#11684=DIRECTION('',(-0.985211754819667,-0.171341174751292,0.));
#11685=DIRECTION('',(-0.902860518824045,-0.429933580392107,0.));
#11686=DIRECTION('',(-0.872143041113587,-0.489250974283285,0.));
#11687=DIRECTION('',(-0.776755748719501,-0.629801958421223,0.));
#11688=DIRECTION('',(-0.629801958421219,-0.776755748719504,0.));
#11689=DIRECTION('',(-0.429933580392279,-0.902860518823963,0.));
#11690=DIRECTION('',(-0.489250974283303,-0.872143041113577,0.));
#11691=DIRECTION('',(-0.252421897146976,-0.967617272396851,0.));
#11692=DIRECTION('',(-0.0830454798538076,-0.996545758244874,0.));
#11693=DIRECTION('',(0.341743063086722,0.939793423488431,0.));
#11694=DIRECTION('',(0.0830454798537287,0.996545758244881,0.));
#11695=DIRECTION('',(-0.0830454798537287,0.996545758244881,0.));
#11696=DIRECTION('',(-0.341743063086722,0.939793423488431,0.));
#11697=DIRECTION('',(-0.593199038049845,0.805055837353372,0.));
#11698=DIRECTION('',(-0.707106781186616,0.707106781186479,0.));
#11699=DIRECTION('',(-0.757768802353444,0.652523135359833,0.));
#11700=DIRECTION('',(-0.805055837353305,0.593199038049936,0.));
#11701=DIRECTION('',(-0.939793423488431,0.341743063086722,0.));
#11702=DIRECTION('',(-0.996545758244875,0.0830454798537963,0.));
#11703=DIRECTION('',(-0.98582116978412,-0.167799348048403,0.));
#11704=DIRECTION('',(-0.857492925712541,-0.514495755427532,0.));
#11705=DIRECTION('',(-0.707106781186548,-0.707106781186548,0.));
#11706=DIRECTION('',(-0.652523135359844,-0.757768802353434,0.));
#11707=DIRECTION('',(-0.505179201568981,-0.863014469346909,0.));
#11708=DIRECTION('',(-0.341743063086637,-0.939793423488462,0.));
#11709=DIRECTION('',(-0.171341174751322,-0.985211754819662,0.));
#11710=DIRECTION('',(0.,1.,0.));
#11711=DIRECTION('',(0.171341174751298,-0.985211754819666,0.));
#11712=DIRECTION('',(0.263117405792121,-0.964763821237729,0.));
#11713=DIRECTION('',(0.413802944301153,-0.910366477462619,0.));
#11714=DIRECTION('',(0.505179201568921,-0.863014469346944,0.));
#11715=DIRECTION('',(0.652523135359913,-0.757768802353376,0.));
#11716=DIRECTION('',(0.707106781186411,-0.707106781186684,0.));
#11717=DIRECTION('',(0.857492925712541,-0.514495755427532,0.));
#11718=DIRECTION('',(0.967617272396876,-0.252421897146879,0.));
#11719=DIRECTION('',(0.98582116978413,-0.167799348048342,0.));
#11720=DIRECTION('',(0.996545758244875,-0.0830454798537963,0.));
#11721=DIRECTION('',(0.996545758244875,0.0830454798537963,0.));
#11722=DIRECTION('',(0.98521175481968,0.171341174751218,0.));
#11723=DIRECTION('',(0.964763821237755,0.263117405792024,0.));
#11724=DIRECTION('',(0.910366477462614,0.413802944301163,0.));
#11725=DIRECTION('',(0.863014469346897,0.505179201569003,0.));
#11726=DIRECTION('',(0.805055837353438,0.593199038049755,0.));
#11727=DIRECTION('',(0.652523135359859,0.757768802353422,0.));
#11728=DIRECTION('',(0.980888616242441,-0.194570096690087,0.));
#11729=DIRECTION('',(0.989757134998811,-0.142761387352973,0.));
#11730=DIRECTION('',(0.94292080831704,-0.333017040469014,0.));
#11731=DIRECTION('',(0.859842768298321,-0.510558922951191,0.));
#11732=DIRECTION('',(0.871831791085244,-0.489805398146137,0.));
#11733=DIRECTION('',(0.759539955481547,-0.650460649099612,0.));
#11734=DIRECTION('',(0.618116438440341,-0.786086552823433,0.));
#11735=DIRECTION('',(0.646553968659416,-0.762868249182491,0.));
#11736=DIRECTION('',(0.485385971086094,-0.87429998231317,0.));
#11737=DIRECTION('',(0.305542971615007,-0.952178288188022,0.));
#11738=DIRECTION('',(0.383584216761023,-0.923505900713056,0.));
#11739=DIRECTION('',(0.196116135137992,-0.980580675690959,0.));
#11740=DIRECTION('',(0.00102516733285983,-0.999999474515832,0.));
#11741=DIRECTION('',(-0.554694165855045,-0.832054314553068,0.));
#11742=DIRECTION('',(0.0544877233220989,-0.998514440560163,0.));
#11743=DIRECTION('',(-0.141360274367947,-0.989958217719626,0.));
#11744=DIRECTION('',(-0.0818165124126661,-0.996647409215831,0.));
#11745=DIRECTION('',(-0.274608065259012,-0.961556244062042,0.));
#11746=DIRECTION('',(-0.264623137585875,-0.964351904158543,0.));
#11747=DIRECTION('',(-0.447581558929134,-0.894243114654268,0.));
#11748=DIRECTION('',(-0.320845800377933,-0.947131444087801,0.));
#11749=DIRECTION('',(-0.499447602232975,-0.866344095970956,0.));
#11750=DIRECTION('',(-0.470220520999964,-0.882548957072933,0.));
#11751=DIRECTION('',(-0.633285062304595,-0.773918619663505,0.));
#11752=DIRECTION('',(-0.598537241514112,-0.80109498220915,0.));
#11753=DIRECTION('',(-0.743294146247316,-0.668964731622284,0.));
#11754=DIRECTION('',(-0.859535888020816,-0.51107539287689,0.));
#11755=DIRECTION('',(-0.757743674692329,-0.652552314733283,0.));
#11756=DIRECTION('',(-0.870519333545103,-0.492134219420058,0.));
#11757=DIRECTION('',(-0.949839750805463,-0.312737026573152,0.));
#11758=DIRECTION('',(-0.926303447343955,-0.376778347889982,0.));
#11759=DIRECTION('',(-0.982023065018498,-0.188760959341904,0.));
#11760=DIRECTION('',(-0.999978319510184,0.00658486974731221,0.));
#11761=DIRECTION('',(-0.99666717327202,-0.0815753989997017,0.));
#11762=DIRECTION('',(-0.993412033568739,0.11459725808597,0.));
#11763=DIRECTION('',(-0.951914652710528,0.306363336505848,0.));
#11764=DIRECTION('',(-0.98550040979722,0.169673045265038,0.));
#11765=DIRECTION('',(-0.933402111723779,0.358832130430915,0.));
#11766=DIRECTION('',(-0.946871411772071,0.321612390260024,0.));
#11767=DIRECTION('',(-0.865792869410057,0.500402545236033,0.));
#11768=DIRECTION('',(-0.976150225829615,0.217096146010914,0.));
#11769=DIRECTION('',(-0.991085992702041,0.133223703108005,0.));
#11770=DIRECTION('',(-0.995961184628012,0.0897848467970311,0.));
#11771=DIRECTION('',(-0.959298939317122,0.282392537127036,0.));
#11772=DIRECTION('',(-0.885767552368918,0.464129123380957,0.));
#11773=DIRECTION('',(-0.887748165764767,0.460329440923879,0.));
#11774=DIRECTION('',(-0.780868809443226,0.62469504755418,0.));
#11775=DIRECTION('',(-0.643964977240935,0.765054970630923,0.));
#11776=DIRECTION('',(-0.734722991454863,0.678367249966873,0.));
#11777=DIRECTION('',(-0.588239732345954,0.808686600166937,0.));
#11778=DIRECTION('',(-1.,0.,0.));
#11779=DIRECTION('',(-0.980785174844701,0.19509085269394,0.));
#11780=DIRECTION('',(-1.,0.,0.));
#11781=DIRECTION('',(-0.980785174844701,-0.19509085269394,0.));
#11782=DIRECTION('',(-1.,0.,0.));
#11783=DIRECTION('',(-0.980759043162837,0.195222179206968,0.));
#11784=DIRECTION('',(-0.999999673106751,0.000808570585570198,0.));
#11785=DIRECTION('',(-0.9806039356229,0.19599979959398,0.));
#11786=DIRECTION('',(-0.923528480424553,0.383529850004814,0.));
#11787=DIRECTION('',(-0.952109374144731,0.305757648580913,0.));
#11788=DIRECTION('',(-0.991621583666571,0.129176757996944,0.));
#11789=DIRECTION('',(-0.752609791756586,0.658466780750638,0.));
#11790=DIRECTION('',(-0.7626839783152,0.64677132683917,0.));
#11791=DIRECTION('',(-0.271729070099109,0.962373790407383,0.));
#11792=DIRECTION('',(-0.822409428907969,0.568896063655979,0.));
#11793=DIRECTION('',(-0.367116341560825,0.930175032861556,0.));
#11794=DIRECTION('',(-0.443578274117922,0.896235635717843,0.));
#11795=DIRECTION('',(0.129693767771008,0.991554096659058,0.));
#11796=DIRECTION('',(-0.178788317748971,0.983887563411843,0.));
#11797=DIRECTION('',(0.0166200445102455,0.999861877521329,0.));
#11798=DIRECTION('',(3.366124261056E-15,1.,0.));
#11799=DIRECTION('',(-0.016601652367953,0.999862183072574,0.));
#11800=DIRECTION('',(0.178890782670984,0.983868938362912,0.));
#11801=DIRECTION('',(0.367384733192179,0.930069060778452,0.));
#11802=DIRECTION('',(0.354590397427984,0.93502173774296,0.));
#11803=DIRECTION('',(0.530175215354155,0.847888106429248,0.));
#11804=DIRECTION('',(0.68545815735997,0.728112020576968,0.));
#11805=DIRECTION('',(0.555513870547993,0.831507269738989,0.));
#11806=DIRECTION('',(0.707106781187048,0.707106781186048,0.));
#11807=DIRECTION('',(0.478894872988171,0.877872257578313,0.));
#11808=DIRECTION('',(0.885922002883415,0.463834242814217,0.));
#11809=DIRECTION('',(0.831445717228066,0.555605992861044,0.));
#11810=DIRECTION('',(-1.,0.,0.));
#11811=DIRECTION('',(0.959393222824066,0.28207205462302,0.));
#11812=DIRECTION('',(0.995983440730883,0.0895376222035795,0.));
#11813=DIRECTION('',(0.980801128693173,0.195010630362034,0.));
#11814=DIRECTION('',(-1.,0.,0.));
#11815=DIRECTION('',(0.98078517484451,-0.195090852694903,0.));
#11816=DIRECTION('',(-1.,0.,0.));
#11817=DIRECTION('',(0.980600386052067,0.196017557567014,0.));
#11818=DIRECTION('',(0.999999551075987,0.000947548323103488,0.));
#11819=DIRECTION('',(0.,1.,0.));
#11820=DIRECTION('',(0.195067523435098,0.980789815047494,0.));
#11821=DIRECTION('',(0.00101030459965618,0.999999489642178,0.));
#11822=DIRECTION('',(0.196116135137992,0.980580675690959,0.));
#11823=DIRECTION('',(0.383689479041099,0.923462172302239,0.));
#11824=DIRECTION('',(0.0657599308413967,0.997835473159646,0.));
#11825=DIRECTION('',(0.609948496277071,0.792441058937092,0.));
#11826=DIRECTION('',(0.576435661033876,0.817142538782824,0.));
#11827=DIRECTION('',(0.932939968768216,0.360031963407083,0.));
#11828=DIRECTION('',(0.866760328049865,0.498724907858922,0.));
#11829=DIRECTION('',(0.79001960047275,0.613081585817806,0.));
#11830=DIRECTION('',(0.894427190999916,0.447213595499958,0.));
#11831=DIRECTION('',(0.96448592467798,0.264134248248995,0.));
#11832=DIRECTION('',(0.929913473209728,0.367778373946893,0.));
#11833=DIRECTION('',(0.983789386021284,0.179327755665052,0.));
#11834=DIRECTION('',(0.9811079672787,0.193460994885941,0.));
#11835=DIRECTION('',(0.999998749619143,-0.00158137919258223,0.));
#11836=DIRECTION('',(0.999988211025254,0.00485569876654524,0.));
#11837=DIRECTION('',(0.282071112234054,0.959393499896181,0.));
#11838=DIRECTION('',(-0.0784971917547498,0.996914334778379,0.));
#11839=DIRECTION('',(0.490219141842936,0.871599215792887,0.));
#11840=DIRECTION('',(0.463816348837967,0.885931371241936,0.));
#11841=DIRECTION('',(0.877371139556043,0.479812341936023,0.));
#11842=DIRECTION('',(0.786404761714118,0.617711543322092,0.));
#11843=DIRECTION('',(0.762512525403977,0.64697345277998,0.));
#11844=DIRECTION('',(0.87404422022804,0.485846376014022,0.));
#11845=DIRECTION('',(0.951994887443288,0.306113923698092,0.));
#11846=DIRECTION('',(0.92357004853176,0.3834297399199,0.));
#11847=DIRECTION('',(0.9806039356229,0.19599979959398,0.));
#11848=DIRECTION('',(0.999999494556328,0.00100542880815633,0.));
#11849=DIRECTION('',(0.980988477501805,0.194065986222962,0.));
#11850=DIRECTION('',(0.999999488145518,-0.00101178490865451,0.));
#11851=DIRECTION('',(0.980618470793403,-0.19592706484508,0.));
#11852=DIRECTION('',(0.99594716761528,-0.0899401985716153,0.));
#11853=DIRECTION('',(0.959298939317122,-0.282392537127036,0.));
#11854=DIRECTION('',(-1.,0.,0.));
#11855=DIRECTION('',(0.831770601890369,-0.555119505900246,0.));
#11856=DIRECTION('',(0.885708379596374,-0.464242034194196,0.));
#11857=DIRECTION('',(0.479067002415898,-0.877778336025814,0.));
#11858=DIRECTION('',(0.707421464166349,-0.706791958101349,0.));
#11859=DIRECTION('',(0.555992197883261,-0.83118750946639,0.));
#11860=DIRECTION('',(0.64657267393788,-0.762852395497858,0.));
#11861=DIRECTION('',(0.485385971086094,-0.87429998231317,0.));
#11862=DIRECTION('',(0.305542971618925,-0.952178288186765,0.));
#11863=DIRECTION('',(0.38358421676017,-0.92350590071341,0.));
#11864=DIRECTION('',(0.196116135137992,-0.980580675690959,0.));
#11865=DIRECTION('',(0.999999540282989,-0.00095887111282579,0.));
#11866=DIRECTION('',(0.999864033248001,0.01648984587681,0.));
#11867=DIRECTION('',(0.983887563412019,-0.178788317748003,0.));
#11868=DIRECTION('',(0.930170443287994,-0.367127970104998,0.));
#11869=DIRECTION('',(0.964450401380314,-0.264263927310086,0.));
#11870=DIRECTION('',(0.894427190999916,-0.447213595499958,0.));
#11871=DIRECTION('',(0.790087779116012,-0.612993720434009,0.));
#11872=DIRECTION('',(0.866712936073058,-0.498807263824034,0.));
#11873=DIRECTION('',(0.752825457962225,-0.658220198599197,0.));
#11874=DIRECTION('',(0.610053366124194,-0.792360328689252,0.));
#11875=DIRECTION('',(0.684888296322932,-0.728648077990927,0.));
#11876=DIRECTION('',(0.529704995008052,-0.848181948796082,0.));
#11877=DIRECTION('',(0.713692537429063,-0.700459108027061,0.));
#11878=DIRECTION('',(0.20476920310997,-0.978810284711858,0.));
#11879=DIRECTION('',(0.353916049621921,-0.935277194108792,0.));
#11880=DIRECTION('',(-0.225193097715901,-0.974314153002571,0.));
#11881=DIRECTION('',(0.967617272396867,-0.252421897146913,0.));
#11882=DIRECTION('',(0.996545758244886,-0.0830454798536611,0.));
#11883=DIRECTION('',(0.98521175481969,0.171341174751156,0.));
#11884=DIRECTION('',(0.910366477462512,0.413802944301389,0.));
#11885=DIRECTION('',(0.872143041113638,0.489250974283194,0.));
#11886=DIRECTION('',(0.768221279597353,0.640184399664507,0.));
#11887=DIRECTION('',(0.707106781186616,0.707106781186479,0.));
#11888=DIRECTION('',(0.593199038049713,0.805055837353469,0.));
#11889=DIRECTION('',(0.505179201568981,0.863014469346909,0.));
#11890=DIRECTION('',(0.335009667654779,0.94221469027915,0.));
#11891=DIRECTION('',(0.252421897147138,0.967617272396809,0.));
#11892=DIRECTION('',(0.0866296163648328,0.996240588195684,0.));
#11893=DIRECTION('',(-0.0830454798539203,0.996545758244865,0.));
#11894=DIRECTION('',(-0.167799348048342,0.98582116978413,0.));
#11895=DIRECTION('',(-0.424433876230705,0.905458935958875,0.));
#11896=DIRECTION('',(-0.50517920156893,0.863014469346939,0.));
#11897=DIRECTION('',(-0.707106781186582,0.707106781186514,0.));
#11898=DIRECTION('',(-0.825307261249783,0.564683915592062,0.));
#11899=DIRECTION('',(-0.910366477462591,0.413802944301215,0.));
#11900=DIRECTION('',(-0.908380936147344,0.418143605528142,0.));
#11901=DIRECTION('',(-0.98521175481968,0.171341174751218,0.));
#11902=DIRECTION('',(1.,0.,0.));
#11903=DIRECTION('',(-0.996545758245551,-0.0830454798456831,0.));
#11904=DIRECTION('',(-0.939793423488431,-0.341743063086722,0.));
#11905=DIRECTION('',(-0.825307261249916,-0.564683915591868,0.));
#11906=DIRECTION('',(-0.768221279597353,-0.640184399664507,0.));
#11907=DIRECTION('',(-0.642219862610435,-0.76652048118014,0.));
#11908=DIRECTION('',(-0.573462344363437,-0.819231920518965,0.));
#11909=DIRECTION('',(-0.429933580392279,-0.902860518823963,0.));
#11910=DIRECTION('',(-0.167799348048397,-0.985821169784121,0.));
#11911=DIRECTION('',(0.171341174751298,-0.985211754819666,0.));
#11912=DIRECTION('',(0.413802944301107,-0.91036647746264,0.));
#11913=DIRECTION('',(0.652523135359893,-0.757768802353393,0.));
#11914=DIRECTION('',(0.825307261249849,-0.564683915591965,0.));
#11915=DIRECTION('',(0.902860518823935,-0.429933580392337,0.));
#11916=DIRECTION('',(0.939793423488408,-0.341743063086783,0.));
#11917=DIRECTION('',(0.171341174751185,0.985211754819685,0.));
#11918=DIRECTION('',(0.0866296163648665,0.996240588195681,0.));
#11919=DIRECTION('',(-0.08304547985374,0.99654575824488,0.));
#11920=DIRECTION('',(-0.341743063086691,0.939793423488442,0.));
#11921=DIRECTION('',(-0.57346234436331,0.819231920519053,0.));
#11922=DIRECTION('',(-0.728199992692819,0.685364699004973,0.));
#11923=DIRECTION('',(-0.768221279597382,0.640184399664473,0.));
#11924=DIRECTION('',(-0.857492925712519,0.514495755427568,0.));
#11925=DIRECTION('',(-0.902860518824019,0.429933580392162,0.));
#11926=DIRECTION('',(-0.967617272396838,0.252421897147025,0.));
#11927=DIRECTION('',(-0.996545758244876,0.0830454798537851,0.));
#11928=DIRECTION('',(1.,0.,0.));
#11929=DIRECTION('',(-0.996545758244874,-0.0830454798538076,0.));
#11930=DIRECTION('',(-0.939793423488458,-0.341743063086648,0.));
#11931=DIRECTION('',(-0.805055837353305,-0.593199038049936,0.));
#11932=DIRECTION('',(-0.768221279597353,-0.640184399664507,0.));
#11933=DIRECTION('',(-0.728199992692819,-0.685364699004973,0.));
#11934=DIRECTION('',(-0.57346234436322,-0.819231920519116,0.));
#11935=DIRECTION('',(-0.505179201569024,-0.863014469346884,0.));
#11936=DIRECTION('',(-0.429933580392337,-0.902860518823935,0.));
#11937=DIRECTION('',(-0.252421897147009,-0.967617272396842,0.));
#11938=DIRECTION('',(-0.167799348048298,-0.985821169784138,0.));
#11939=DIRECTION('',(0.,1.,0.));
#11940=DIRECTION('',(0.0866296163647746,-0.996240588195689,0.));
#11941=DIRECTION('',(0.252421897146947,-0.967617272396858,0.));
#11942=DIRECTION('',(0.335009667654796,-0.942214690279144,0.));
#11943=DIRECTION('',(0.505179201569084,-0.863014469346849,0.));
#11944=DIRECTION('',(0.652523135359765,-0.757768802353503,0.));
#11945=DIRECTION('',(0.707106781186479,-0.707106781186616,0.));
#11946=DIRECTION('',(0.82530726124987,-0.564683915591934,0.));
#11947=DIRECTION('',(0.872143041113595,-0.48925097428327,0.));
#11948=DIRECTION('',(0.910366477462716,-0.413802944300939,0.));
#11949=DIRECTION('',(0.952925780013196,-0.303203657277152,0.));
#11950=DIRECTION('',(0.981392654860021,-0.192011606385654,0.));
#11951=DIRECTION('',(0.996545758244876,-0.0830454798537851,0.));
#11952=DIRECTION('',(0.982155191892135,0.188072270787918,0.));
#11953=DIRECTION('',(0.866906303057569,0.498471124258023,0.));
#11954=DIRECTION('',(0.652523135359859,0.757768802353422,0.));
#11955=DIRECTION('',(0.413802944301163,0.910366477462614,0.));
#11956=DIRECTION('',(0.335009667654796,0.942214690279144,0.));
#11957=DIRECTION('',(-0.252421897147011,-0.967617272396842,0.));
#11958=DIRECTION('',(-0.124034734589208,-0.992277876713668,0.));
#11959=DIRECTION('',(0.,1.,0.));
#11960=DIRECTION('',(0.129339184067807,-0.991600411186217,0.));
#11961=DIRECTION('',(0.335009667654788,-0.942214690279147,0.));
#11962=DIRECTION('',(0.564683915592013,-0.825307261249816,0.));
#11963=DIRECTION('',(0.640184399664418,-0.768221279597427,0.));
#11964=DIRECTION('',(0.707106781186752,-0.707106781186343,0.));
#11965=DIRECTION('',(0.805055837353148,-0.593199038050149,0.));
#11966=DIRECTION('',(0.905458935958902,-0.424433876230647,0.));
#11967=DIRECTION('',(0.942214690279158,-0.335009667654757,0.));
#11968=DIRECTION('',(0.996240588195678,-0.0866296163649033,0.));
#11969=DIRECTION('',(0.985821169784131,0.167799348048339,0.));
#11970=DIRECTION('',(0.902860518823922,0.429933580392364,0.));
#11971=DIRECTION('',(0.863014469346965,0.505179201568885,0.));
#11972=DIRECTION('',(0.757768802353405,0.652523135359879,0.));
#11973=DIRECTION('',(0.640184399664418,0.768221279597427,0.));
#11974=DIRECTION('',(0.424433876230722,0.905458935958867,0.));
#11975=DIRECTION('',(0.335009667654796,0.942214690279144,0.));
#11976=DIRECTION('',(0.0866296163648451,0.996240588195683,0.));
#11977=DIRECTION('',(-0.0830454798537174,0.996545758244882,0.));
#11978=DIRECTION('',(-0.252421897147076,0.967617272396825,0.));
#11979=DIRECTION('',(-0.341743063086713,0.939793423488434,0.));
#11980=DIRECTION('',(-0.429933580392227,0.902860518823988,0.));
#11981=DIRECTION('',(-0.593199038049868,0.805055837353355,0.));
#11982=DIRECTION('',(-0.757768802353383,0.652523135359904,0.));
#11983=DIRECTION('',(-0.902860518823984,0.429933580392236,0.));
#11984=DIRECTION('',(-0.967617272396836,0.252421897147034,0.));
#11985=DIRECTION('',(-0.996545758244875,0.0830454798537963,0.));
#11986=DIRECTION('',(-0.996240588195678,-0.0866296163649033,0.));
#11987=DIRECTION('',(-0.942214690279156,-0.335009667654762,0.));
#11988=DIRECTION('',(-0.805055837353197,-0.593199038050082,0.));
#11989=DIRECTION('',(-0.757768802353459,-0.652523135359816,0.));
#11990=DIRECTION('',(-0.707106781186582,-0.707106781186514,0.));
#11991=DIRECTION('',(-0.418143605528104,-0.908380936147362,0.));
#11992=DIRECTION('',(-0.498471124258088,-0.866906303057532,0.));
#11993=DIRECTION('',(0.,0.,1.));
#11994=DIRECTION('',(1.,0.,0.));
#11995=DIRECTION('',(-0.00970499194823703,0.999952905456694,0.));
#11996=DIRECTION('',(0.225193097715901,0.974314153002571,0.));
#11997=DIRECTION('',(-0.353916049621921,0.935277194108792,0.));
#11998=DIRECTION('',(-0.20476920310997,0.978810284711858,0.));
#11999=DIRECTION('',(-0.713692537429063,0.700459108027061,0.));
#12000=DIRECTION('',(-0.529704995008052,0.848181948796082,0.));
#12001=DIRECTION('',(-0.684888296322932,0.728648077990927,0.));
#12002=DIRECTION('',(-0.610053366124194,0.792360328689252,0.));
#12003=DIRECTION('',(-0.752825457962225,0.658220198599197,0.));
#12004=DIRECTION('',(-0.866712936073058,0.498807263824034,0.));
#12005=DIRECTION('',(-0.790087779115528,0.612993720434633,0.));
#12006=DIRECTION('',(-0.894427190999916,0.447213595499958,0.));
#12007=DIRECTION('',(-0.964450401380314,0.264263927310086,0.));
#12008=DIRECTION('',(-0.930170443287994,0.367127970104998,0.));
#12009=DIRECTION('',(-0.983887563412019,0.178788317748003,0.));
#12010=DIRECTION('',(-0.980614916825197,0.19594485168004,0.));
#12011=DIRECTION('',(-0.999999540282989,0.00095887111282579,0.));
#12012=DIRECTION('',(-0.0113592535719881,0.999935481597832,0.));
#12013=DIRECTION('',(-0.206150732590976,0.978520247849887,0.));
#12014=DIRECTION('',(-0.00107135143557088,0.999999426102886,0.));
#12015=DIRECTION('',(-0.196116135137992,0.980580675690959,0.));
#12016=DIRECTION('',(-0.38358421676017,0.92350590071341,0.));
#12017=DIRECTION('',(-0.305542971618925,0.952178288186765,0.));
#12018=DIRECTION('',(-0.485385971086094,0.87429998231317,0.));
#12019=DIRECTION('',(-0.64657267393788,0.762852395497858,0.));
#12020=DIRECTION('',(-0.555992197883261,0.83118750946639,0.));
#12021=DIRECTION('',(-0.707421464166349,0.706791958101349,0.));
#12022=DIRECTION('',(-0.479067002415898,0.877778336025814,0.));
#12023=DIRECTION('',(-0.885708379596374,0.464242034194196,0.));
#12024=DIRECTION('',(-0.831770601890369,0.555119505900246,0.));
#12025=DIRECTION('',(-1.,0.,0.));
#12026=DIRECTION('',(-0.959298939317122,0.282392537127036,0.));
#12027=DIRECTION('',(-0.995947167615264,0.0899401985717939,0.));
#12028=DIRECTION('',(-0.980618470793403,0.19592706484508,0.));
#12029=DIRECTION('',(-0.999999488145518,0.00101178490865551,0.));
#12030=DIRECTION('',(-0.980988477501805,-0.194065986222962,0.));
#12031=DIRECTION('',(-0.99999949455633,-0.00100542880649133,0.));
#12032=DIRECTION('',(-0.9806039356229,-0.19599979959398,0.));
#12033=DIRECTION('',(-0.92357004853176,-0.3834297399199,0.));
#12034=DIRECTION('',(-0.951994887443288,-0.306113923698092,0.));
#12035=DIRECTION('',(-0.87404422022804,-0.485846376014022,0.));
#12036=DIRECTION('',(-0.762512525403977,-0.64697345277998,0.));
#12037=DIRECTION('',(-0.786404761714118,-0.617711543322092,0.));
#12038=DIRECTION('',(-0.650788065158955,-0.759259438035948,0.));
#12039=DIRECTION('',(-0.877371139556043,-0.479812341936023,0.));
#12040=DIRECTION('',(-0.463816348837967,-0.885931371241936,0.));
#12041=DIRECTION('',(-0.490219141842936,-0.871599215792887,0.));
#12042=DIRECTION('',(0.0784971917548393,-0.996914334778372,0.));
#12043=DIRECTION('',(-0.282071112234054,-0.959393499896181,0.));
#12044=DIRECTION('',(-0.0894360670794408,-0.995992565185786,0.));
#12045=DIRECTION('',(-0.195091839132943,-0.980784978628713,0.));
#12046=DIRECTION('',(0.,1.,0.));
#12047=DIRECTION('',(-0.999988211025254,-0.00485569876654624,0.));
#12048=DIRECTION('',(-0.999998749619143,0.00158137919258223,0.));
#12049=DIRECTION('',(-0.999872276594174,0.0159821931656028,0.));
#12050=DIRECTION('',(-0.983789386021284,-0.179327755665052,0.));
#12051=DIRECTION('',(-0.929913473209728,-0.367778373946893,0.));
#12052=DIRECTION('',(-0.96448592467798,-0.264134248248995,0.));
#12053=DIRECTION('',(-0.894427190999916,-0.447213595499958,0.));
#12054=DIRECTION('',(-0.79001960047275,-0.613081585817806,0.));
#12055=DIRECTION('',(-0.866760328049865,-0.498724907858922,0.));
#12056=DIRECTION('',(-0.752828334170811,-0.658216908981835,0.));
#12057=DIRECTION('',(-0.932939968768216,-0.360031963407083,0.));
#12058=DIRECTION('',(-0.576435661033876,-0.817142538782824,0.));
#12059=DIRECTION('',(-0.609948496277071,-0.792441058937092,0.));
#12060=DIRECTION('',(-0.065759930841317,-0.997835473159651,0.));
#12061=DIRECTION('',(-0.405905975261134,-0.913914842448303,0.));
#12062=DIRECTION('',(-0.219766335715061,-0.975552539685268,0.));
#12063=DIRECTION('',(-0.383689479039892,-0.92346217230274,0.));
#12064=DIRECTION('',(-0.196116135137992,-0.980580675690959,0.));
#12065=DIRECTION('',(-0.00101030459893418,-0.999999489642178,0.));
#12066=DIRECTION('',(-0.195067523437022,-0.980789815047111,0.));
#12067=DIRECTION('',(0.,1.,0.));
#12068=DIRECTION('',(-0.999999551075987,-0.000947548323104288,0.));
#12069=DIRECTION('',(-0.980600386052067,-0.196017557567014,0.));
#12070=DIRECTION('',(-1.,0.,0.));
#12071=DIRECTION('',(-0.98078517484451,0.195090852694903,0.));
#12072=DIRECTION('',(-1.,0.,0.));
#12073=DIRECTION('',(-0.980801128693173,-0.195010630362034,0.));
#12074=DIRECTION('',(-0.995983440730894,-0.0895376222034605,0.));
#12075=DIRECTION('',(-0.959393222824066,-0.28207205462302,0.));
#12076=DIRECTION('',(-1.,0.,0.));
#12077=DIRECTION('',(-0.831445717228066,-0.555605992861044,0.));
#12078=DIRECTION('',(-0.885922002883415,-0.463834242814217,0.));
#12079=DIRECTION('',(-0.478894872988171,-0.877872257578313,0.));
#12080=DIRECTION('',(-0.707106781187048,-0.707106781186048,0.));
#12081=DIRECTION('',(-0.555513870549146,-0.831507269738219,0.));
#12082=DIRECTION('',(-0.68545815735997,-0.728112020576968,0.));
#12083=DIRECTION('',(-0.530175215354155,-0.847888106429248,0.));
#12084=DIRECTION('',(-0.354590397427984,-0.93502173774296,0.));
#12085=DIRECTION('',(-0.367384733192179,-0.930069060778452,0.));
#12086=DIRECTION('',(-0.178890782670984,-0.983868938362912,0.));
#12087=DIRECTION('',(-0.195178751273987,-0.980767686585935,0.));
#12088=DIRECTION('',(8.968602712854E-15,-1.,0.));
#12089=DIRECTION('',(-0.0166200445103155,-0.999861877521328,0.));
#12090=DIRECTION('',(0.178788317748003,-0.983887563412019,0.));
#12091=DIRECTION('',(-0.129693767771991,-0.991554096658929,0.));
#12092=DIRECTION('',(0.443578274117922,-0.896235635717843,0.));
#12093=DIRECTION('',(0.367116341560825,-0.930175032861556,0.));
#12094=DIRECTION('',(0.822409428907969,-0.568896063655979,0.));
#12095=DIRECTION('',(0.609765296503302,-0.792582035615393,0.));
#12096=DIRECTION('',(0.271729070100034,-0.962373790407122,0.));
#12097=DIRECTION('',(0.7626839783152,-0.64677132683917,0.));
#12098=DIRECTION('',(0.752609791757082,-0.658466780750071,0.));
#12099=DIRECTION('',(0.991621583666571,-0.129176757996944,0.));
#12100=DIRECTION('',(0.874157276121491,-0.485642931178717,0.));
#12101=DIRECTION('',(0.952109374144731,-0.305757648580913,0.));
#12102=DIRECTION('',(0.923528480424908,-0.383529850003962,0.));
#12103=DIRECTION('',(0.9806039356229,-0.19599979959398,0.));
#12104=DIRECTION('',(0.999999673106749,-0.000808570587387997,0.));
#12105=DIRECTION('',(0.980759043162837,-0.195222179206968,0.));
#12106=DIRECTION('',(-1.,0.,0.));
#12107=DIRECTION('',(0.980785174844701,0.19509085269394,0.));
#12108=DIRECTION('',(-1.,0.,0.));
#12109=DIRECTION('',(0.980785174844701,-0.19509085269394,0.));
#12110=DIRECTION('',(-1.,0.,0.));
#12111=DIRECTION('',(0.588239732345954,-0.808686600166937,0.));
#12112=DIRECTION('',(0.734722991455361,-0.678367249966333,0.));
#12113=DIRECTION('',(0.643964977240935,-0.765054970630923,0.));
#12114=DIRECTION('',(0.780868809443226,-0.62469504755418,0.));
#12115=DIRECTION('',(0.887748165764555,-0.460329440924288,0.));
#12116=DIRECTION('',(0.885767552368918,-0.464129123380957,0.));
#12117=DIRECTION('',(0.959298939317122,-0.282392537127036,0.));
#12118=DIRECTION('',(0.946046361463114,-0.324031297813039,0.));
#12119=DIRECTION('',(0.991085992702041,-0.133223703108005,0.));
#12120=DIRECTION('',(0.976150225830039,-0.217096146009008,0.));
#12121=DIRECTION('',(0.865792869410057,-0.500402545236033,0.));
#12122=DIRECTION('',(0.845326338254302,-0.534250298880191,0.));
#12123=DIRECTION('',(0.933402111723779,-0.358832130430915,0.));
#12124=DIRECTION('',(0.98550040979722,-0.169673045265038,0.));
#12125=DIRECTION('',(0.951914652710528,-0.306363336505848,0.));
#12126=DIRECTION('',(0.993412033568739,-0.11459725808597,0.));
#12127=DIRECTION('',(0.996667173272023,0.0815753989996719,0.));
#12128=DIRECTION('',(0.999978319510185,-0.00658486974716222,0.));
#12129=DIRECTION('',(0.982023065018498,0.188760959341904,0.));
#12130=DIRECTION('',(0.926303447343955,0.376778347889982,0.));
#12131=DIRECTION('',(0.949839750805463,0.312737026573152,0.));
#12132=DIRECTION('',(0.870519333545103,0.492134219420058,0.));
#12133=DIRECTION('',(0.757743674691835,0.652552314733857,0.));
#12134=DIRECTION('',(0.859535888020816,0.51107539287689,0.));
#12135=DIRECTION('',(0.743294146247316,0.668964731622284,0.));
#12136=DIRECTION('',(0.77212630471796,0.635469094104967,0.));
#12137=DIRECTION('',(0.633285062304595,0.773918619663505,0.));
#12138=DIRECTION('',(0.658885172089229,0.752243531046261,0.));
#12139=DIRECTION('',(0.499447602232975,0.866344095970956,0.));
#12140=DIRECTION('',(0.613523199892895,0.789676695359045,0.));
#12141=DIRECTION('',(0.447581558929362,0.894243114654154,0.));
#12142=DIRECTION('',(0.26462313734914,0.964351904223504,0.));
#12143=DIRECTION('',(0.456873431290551,0.889531712633562,0.));
#12144=DIRECTION('',(0.274608065262647,0.961556244061005,0.));
#12145=DIRECTION('',(0.331738226472693,0.943371479904259,0.));
#12146=DIRECTION('',(0.14136027436798,0.989958217719621,0.));
#12147=DIRECTION('',(-0.0544877233195043,0.998514440560304,0.));
#12148=DIRECTION('',(-0.600054351928473,0.799959233168604,0.));
#12149=DIRECTION('',(0.554694165867418,0.83205431454482,0.));
#12150=DIRECTION('',(-0.00102516733190609,0.999999474515833,0.));
#12151=DIRECTION('',(-0.196116135140711,0.980580675690415,0.));
#12152=DIRECTION('',(-0.383584216759933,0.923505900713509,0.));
#12153=DIRECTION('',(-0.305542971605352,0.952178288191119,0.));
#12154=DIRECTION('',(-0.485385971084622,0.874299982313988,0.));
#12155=DIRECTION('',(-0.646553968667393,0.762868249175731,0.));
#12156=DIRECTION('',(-0.618116438442394,0.786086552821819,0.));
#12157=DIRECTION('',(-0.759539955479928,0.650460649101503,0.));
#12158=DIRECTION('',(-0.871831791085144,0.489805398146314,0.));
#12159=DIRECTION('',(-0.859842768298564,0.510558922950781,0.));
#12160=DIRECTION('',(-0.942920808317548,0.333017040467573,0.));
#12161=DIRECTION('',(-0.989757134997459,0.142761387362344,0.));
#12162=DIRECTION('',(-0.980888616243985,0.194570096682301,0.));
#12163=DIRECTION('',(-0.825307261249881,0.564683915591919,0.));
#12164=DIRECTION('',(-0.652523135360149,0.757768802353173,0.));
#12165=DIRECTION('',(-0.413802944300882,0.910366477462742,0.));
#12166=DIRECTION('',(-0.171341174750952,0.985211754819726,0.));
#12167=DIRECTION('',(0.167799348048031,0.985821169784183,0.));
#12168=DIRECTION('',(0.429933580392037,0.902860518824078,0.));
#12169=DIRECTION('',(0.573462344363127,0.819231920519181,0.));
#12170=DIRECTION('',(0.642219862610249,0.766520481180297,0.));
#12171=DIRECTION('',(0.768221279596966,0.640184399664972,0.));
#12172=DIRECTION('',(0.825307261249881,0.564683915591919,0.));
#12173=DIRECTION('',(0.939793423488291,0.341743063087106,0.));
#12174=DIRECTION('',(0.996545758244922,0.0830454798532335,0.));
#12175=DIRECTION('',(-1.,0.,0.));
#12176=DIRECTION('',(0.985211754819726,-0.171341174750952,0.));
#12177=DIRECTION('',(0.908380936147338,-0.418143605528155,0.));
#12178=DIRECTION('',(0.910366477462742,-0.413802944300882,0.));
#12179=DIRECTION('',(0.825307261249881,-0.564683915591919,0.));
#12180=DIRECTION('',(0.707106781186548,-0.707106781186548,0.));
#12181=DIRECTION('',(0.505179201568956,-0.863014469346924,0.));
#12182=DIRECTION('',(0.424433876230899,-0.905458935958784,0.));
#12183=DIRECTION('',(0.167799348048031,-0.985821169784183,0.));
#12184=DIRECTION('',(0.0830454798536506,-0.996545758244887,0.));
#12185=DIRECTION('',(-0.086629616364763,-0.99624058819569,0.));
#12186=DIRECTION('',(-0.252421897146962,-0.967617272396855,0.));
#12187=DIRECTION('',(-0.335009667655022,-0.942214690279064,0.));
#12188=DIRECTION('',(-0.505179201568956,-0.863014469346924,0.));
#12189=DIRECTION('',(-0.593199038050123,-0.805055837353167,0.));
#12190=DIRECTION('',(-0.707106781186548,-0.707106781186548,0.));
#12191=DIRECTION('',(-0.768221279597458,-0.640184399664382,0.));
#12192=DIRECTION('',(-0.872143041113808,-0.489250974282892,0.));
#12193=DIRECTION('',(-0.910366477462742,-0.413802944300882,0.));
#12194=DIRECTION('',(-0.985211754819726,-0.171341174750952,0.));
#12195=DIRECTION('',(-0.99654575824488,0.08304547985374,0.));
#12196=DIRECTION('',(-0.967617272396855,0.252421897146962,0.));
#12197=DIRECTION('',(-0.939793423488291,0.341743063087106,0.));
#12198=DIRECTION('',(-0.902860518824078,0.429933580392037,0.));
#12199=DIRECTION('',(-0.863014469346924,-0.505179201568956,0.));
#12200=DIRECTION('',(-0.910366477462742,-0.413802944300882,0.));
#12201=DIRECTION('',(-0.964763821237778,-0.26311740579194,0.));
#12202=DIRECTION('',(-0.985211754819726,-0.171341174750952,0.));
#12203=DIRECTION('',(-0.996545758244881,-0.08304547985372,0.));
#12204=DIRECTION('',(-0.996545758244865,0.0830454798539187,0.));
#12205=DIRECTION('',(-0.985821169784183,0.167799348048031,0.));
#12206=DIRECTION('',(-0.967617272396855,0.252421897146962,0.));
#12207=DIRECTION('',(-0.857492925712456,0.514495755427674,0.));
#12208=DIRECTION('',(-0.707106781186048,0.707106781187048,0.));
#12209=DIRECTION('',(-0.652523135360149,0.757768802353173,0.));
#12210=DIRECTION('',(-0.505179201568956,0.863014469346924,0.));
#12211=DIRECTION('',(-0.413802944300882,0.910366477462742,0.));
#12212=DIRECTION('',(-0.26311740579194,0.964763821237778,0.));
#12213=DIRECTION('',(-0.171341174750952,0.985211754819726,0.));
#12214=DIRECTION('',(0.,1.,0.));
#12215=DIRECTION('',(0.171341174750952,0.985211754819726,0.));
#12216=DIRECTION('',(0.341743063087106,0.939793423488291,0.));
#12217=DIRECTION('',(0.505179201568956,0.863014469346924,0.));
#12218=DIRECTION('',(0.652523135360149,0.757768802353173,0.));
#12219=DIRECTION('',(0.707106781186548,0.707106781186548,0.));
#12220=DIRECTION('',(0.857492925712456,0.514495755427674,0.));
#12221=DIRECTION('',(0.985821169784183,0.167799348048031,0.));
#12222=DIRECTION('',(0.996545758244889,-0.0830454798536307,0.));
#12223=DIRECTION('',(0.939793423488291,-0.341743063087106,0.));
#12224=DIRECTION('',(0.805055837353167,-0.593199038050123,0.));
#12225=DIRECTION('',(0.757768802353173,-0.652523135360149,0.));
#12226=DIRECTION('',(0.707106781186548,-0.707106781186548,0.));
#12227=DIRECTION('',(0.593199038050123,-0.805055837353167,0.));
#12228=DIRECTION('',(0.341743063087106,-0.939793423488291,0.));
#12229=DIRECTION('',(0.0830454798536804,-0.996545758244885,0.));
#12230=DIRECTION('',(-0.0830454798536804,-0.996545758244885,0.));
#12231=DIRECTION('',(-0.341743063087106,-0.939793423488291,0.));
#12232=DIRECTION('',(-0.652523135360149,-0.757768802353173,0.));
#12233=DIRECTION('',(-0.805055837353167,-0.593199038050123,0.));
#12234=DIRECTION('',(-0.652523135360149,-0.757768802353173,0.));
#12235=DIRECTION('',(-0.866906303057687,-0.49847112425782,0.));
#12236=DIRECTION('',(-0.982155191892115,-0.188072270788022,0.));
#12237=DIRECTION('',(-0.996545758244895,0.0830454798535513,0.));
#12238=DIRECTION('',(-0.981392654859955,0.192011606385991,0.));
#12239=DIRECTION('',(-0.952925780013223,0.303203657277071,0.));
#12240=DIRECTION('',(-0.910366477462742,0.413802944300882,0.));
#12241=DIRECTION('',(-0.872143041113808,0.489250974282892,0.));
#12242=DIRECTION('',(-0.825307261249881,0.564683915591919,0.));
#12243=DIRECTION('',(-0.707106781186048,0.707106781187048,0.));
#12244=DIRECTION('',(-0.652523135360149,0.757768802353173,0.));
#12245=DIRECTION('',(-0.505179201568956,0.863014469346924,0.));
#12246=DIRECTION('',(-0.335009667655022,0.942214690279064,0.));
#12247=DIRECTION('',(-0.252421897146962,0.967617272396855,0.));
#12248=DIRECTION('',(-0.0866296163651203,0.996240588195659,0.));
#12249=DIRECTION('',(0.,1.,0.));
#12250=DIRECTION('',(0.167799348048031,0.985821169784183,0.));
#12251=DIRECTION('',(0.252421897146962,0.967617272396855,0.));
#12252=DIRECTION('',(0.429933580392037,0.902860518824078,0.));
#12253=DIRECTION('',(0.505179201568956,0.863014469346924,0.));
#12254=DIRECTION('',(0.573462344363127,0.819231920519181,0.));
#12255=DIRECTION('',(0.728199992692891,0.685364699004897,0.));
#12256=DIRECTION('',(0.768221279596966,0.640184399664972,0.));
#12257=DIRECTION('',(0.805055837353167,0.593199038050123,0.));
#12258=DIRECTION('',(0.939793423488291,0.341743063087106,0.));
#12259=DIRECTION('',(0.996545758244882,0.0830454798537102,0.));
#12260=DIRECTION('',(-1.,0.,0.));
#12261=DIRECTION('',(0.996545758244883,-0.0830454798537002,0.));
#12262=DIRECTION('',(0.967617272396855,-0.252421897146962,0.));
#12263=DIRECTION('',(0.902860518824078,-0.429933580392037,0.));
#12264=DIRECTION('',(0.857492925712191,-0.514495755428115,0.));
#12265=DIRECTION('',(0.768221279596966,-0.640184399664972,0.));
#12266=DIRECTION('',(0.728199992692891,-0.685364699004897,0.));
#12267=DIRECTION('',(0.573462344363127,-0.819231920519181,0.));
#12268=DIRECTION('',(0.341743063087106,-0.939793423488291,0.));
#12269=DIRECTION('',(0.0830454798537002,-0.996545758244883,0.));
#12270=DIRECTION('',(-0.0866296163650707,-0.996240588195663,0.));
#12271=DIRECTION('',(-0.171341174750952,-0.985211754819726,0.));
#12272=DIRECTION('',(-0.335009667655022,-0.942214690279064,0.));
#12273=DIRECTION('',(-0.413802944300882,-0.910366477462742,0.));
#12274=DIRECTION('',(0.489250974282892,0.872143041113808,0.));
#12275=DIRECTION('',(0.429933580392037,0.902860518824078,0.));
#12276=DIRECTION('',(0.629801958420844,0.776755748719808,0.));
#12277=DIRECTION('',(0.776755748719411,0.629801958421334,0.));
#12278=DIRECTION('',(0.872143041113808,0.489250974282892,0.));
#12279=DIRECTION('',(0.902860518824078,0.429933580392037,0.));
#12280=DIRECTION('',(0.985211754819726,0.171341174750952,0.));
#12281=DIRECTION('',(0.996545758244889,-0.0830454798536307,0.));
#12282=DIRECTION('',(0.939793423488291,-0.341743063087106,0.));
#12283=DIRECTION('',(0.776755748719808,-0.629801958420844,0.));
#12284=DIRECTION('',(0.54498835059566,-0.838443616300477,0.));
#12285=DIRECTION('',(0.489250974282892,-0.872143041113808,0.));
#12286=DIRECTION('',(0.341743063087106,-0.939793423488291,0.));
#12287=DIRECTION('',(0.167799348048031,-0.985821169784183,0.));
#12288=DIRECTION('',(0.0830454798537896,-0.996545758244876,0.));
#12289=DIRECTION('',(-0.0866296163648722,-0.99624058819568,0.));
#12290=DIRECTION('',(-0.252421897146962,-0.967617272396855,0.));
#12291=DIRECTION('',(-0.429933580392037,-0.902860518824078,0.));
#12292=DIRECTION('',(-0.544988350594957,-0.838443616300934,0.));
#12293=DIRECTION('',(-0.629801958420844,-0.776755748719808,0.));
#12294=DIRECTION('',(-0.776755748719808,-0.629801958420844,0.));
#12295=DIRECTION('',(-0.838443616300934,-0.544988350594957,0.));
#12296=DIRECTION('',(-0.902860518824078,-0.429933580392037,0.));
#12297=DIRECTION('',(-0.985821169784183,-0.167799348048031,0.));
#12298=DIRECTION('',(-0.996240588195686,0.0866296163648028,0.));
#12299=DIRECTION('',(-0.967617272396855,0.252421897146962,0.));
#12300=DIRECTION('',(-0.939793423488291,0.341743063087106,0.));
#12301=DIRECTION('',(-0.902860518824078,0.429933580392037,0.));
#12302=DIRECTION('',(-0.838443616300934,0.544988350594957,0.));
#12303=DIRECTION('',(-0.776755748719808,0.629801958420844,0.));
#12304=DIRECTION('',(-0.629801958420844,0.776755748719808,0.));
#12305=DIRECTION('',(-0.544988350594957,0.838443616300934,0.));
#12306=DIRECTION('',(-0.429933580392037,0.902860518824078,0.));
#12307=DIRECTION('',(-0.171341174750952,0.985211754819726,0.));
#12308=DIRECTION('',(-0.341743063087106,0.939793423488291,0.));
#12309=DIRECTION('',(0.,1.,0.));
#12310=DIRECTION('',(0.08304547985372,0.996545758244881,0.));
#12311=DIRECTION('',(0.252421897146962,0.967617272396855,0.));
#12312=DIRECTION('',(0.707106781187048,0.707106781186048,0.));
#12313=DIRECTION('',(0.757768802353173,0.652523135360149,0.));
#12314=DIRECTION('',(0.805055837353167,0.593199038050123,0.));
#12315=DIRECTION('',(0.942214690279064,0.335009667655022,0.));
#12316=DIRECTION('',(0.996240588195685,0.0866296163648226,0.));
#12317=DIRECTION('',(0.99654575824488,-0.08304547985373,0.));
#12318=DIRECTION('',(0.967617272396855,-0.252421897146962,0.));
#12319=DIRECTION('',(0.902860518824078,-0.429933580392037,0.));
#12320=DIRECTION('',(0.757768802353173,-0.652523135360149,0.));
#12321=DIRECTION('',(0.593199038050123,-0.805055837353167,0.));
#12322=DIRECTION('',(0.429933580392037,-0.902860518824078,0.));
#12323=DIRECTION('',(0.341743063087106,-0.939793423488291,0.));
#12324=DIRECTION('',(0.252421897146962,-0.967617272396855,0.));
#12325=DIRECTION('',(0.08304547985374,-0.99654575824488,0.));
#12326=DIRECTION('',(-0.0866296163648226,-0.996240588195685,0.));
#12327=DIRECTION('',(-0.335009667655022,-0.942214690279064,0.));
#12328=DIRECTION('',(-0.424433876230899,-0.905458935958784,0.));
#12329=DIRECTION('',(-0.640184399664382,-0.768221279597458,0.));
#12330=DIRECTION('',(-0.757768802353173,-0.652523135360149,0.));
#12331=DIRECTION('',(-0.863014469346924,-0.505179201568956,0.));
#12332=DIRECTION('',(-0.902860518824078,-0.429933580392037,0.));
#12333=DIRECTION('',(-0.985821169784183,-0.167799348048031,0.));
#12334=DIRECTION('',(-0.996240588195685,0.0866296163648226,0.));
#12335=DIRECTION('',(-0.942214690279064,0.335009667655022,0.));
#12336=DIRECTION('',(-0.905458935958784,0.424433876230899,0.));
#12337=DIRECTION('',(-0.805055837353167,0.593199038050123,0.));
#12338=DIRECTION('',(-0.707106781187048,0.707106781186048,0.));
#12339=DIRECTION('',(-0.640184399664382,0.768221279597458,0.));
#12340=DIRECTION('',(-0.564683915591919,0.825307261249881,0.));
#12341=DIRECTION('',(-0.335009667655022,0.942214690279064,0.));
#12342=DIRECTION('',(-0.129339184068025,0.991600411186188,0.));
#12343=DIRECTION('',(0.,1.,0.));
#12344=DIRECTION('',(0.124034734588962,0.992277876713698,0.));
#12345=DIRECTION('',(0.252421897146962,0.967617272396855,0.));
#12346=DIRECTION('',(0.49847112425782,0.866906303057687,0.));
#12347=DIRECTION('',(0.418143605528155,0.908380936147338,0.));
#12348=DIRECTION('',(-0.947131444087801,0.320845800377933,0.));
#12349=DIRECTION('',(-0.320845800377933,-0.947131444087801,0.));
#12350=DIRECTION('',(0.,0.,1.));
#12351=DIRECTION('',(0.,0.,1.));
#12352=DIRECTION('',(0.,0.,1.));
#12353=DIRECTION('',(-0.194570096690087,-0.980888616242441,0.));
#12354=DIRECTION('',(0.980888616242441,-0.194570096690087,0.));
#12355=DIRECTION('',(-0.98088861624331,0.194570096685705,0.));
#12356=DIRECTION('',(0.,0.,1.));
#12357=DIRECTION('',(-0.142761387352973,-0.989757134998811,0.));
#12358=DIRECTION('',(0.989757134998811,-0.142761387352973,0.));
#12359=DIRECTION('',(-0.989757134998864,0.142761387352605,0.));
#12360=DIRECTION('',(0.,0.,1.));
#12361=DIRECTION('',(-0.333017040469014,-0.94292080831704,0.));
#12362=DIRECTION('',(0.94292080831704,-0.333017040469014,0.));
#12363=DIRECTION('',(-0.942920808316968,0.333017040469215,0.));
#12364=DIRECTION('',(0.,0.,1.));
#12365=DIRECTION('',(-0.510558922951191,-0.859842768298321,0.));
#12366=DIRECTION('',(0.859842768298321,-0.510558922951191,0.));
#12367=DIRECTION('',(-0.859842768299121,0.510558922949843,0.));
#12368=DIRECTION('',(0.,0.,1.));
#12369=DIRECTION('',(-0.489805398146137,-0.871831791085244,0.));
#12370=DIRECTION('',(0.871831791085244,-0.489805398146137,0.));
#12371=DIRECTION('',(-0.871831791084184,0.489805398148024,0.));
#12372=DIRECTION('',(0.,0.,1.));
#12373=DIRECTION('',(-0.650460649099612,-0.759539955481547,0.));
#12374=DIRECTION('',(0.759539955481547,-0.650460649099612,0.));
#12375=DIRECTION('',(-0.759539955481635,0.65046064909951,0.));
#12376=DIRECTION('',(0.,0.,1.));
#12377=DIRECTION('',(-0.786086552823433,-0.618116438440341,0.));
#12378=DIRECTION('',(0.618116438440341,-0.786086552823433,0.));
#12379=DIRECTION('',(-0.618116438440439,0.786086552823356,0.));
#12380=DIRECTION('',(0.,0.,1.));
#12381=DIRECTION('',(-0.762868249182491,-0.646553968659416,0.));
#12382=DIRECTION('',(0.646553968659416,-0.762868249182491,0.));
#12383=DIRECTION('',(-0.646553968659907,0.762868249182074,0.));
#12384=DIRECTION('',(0.,0.,1.));
#12385=DIRECTION('',(-0.87429998231317,-0.485385971086094,0.));
#12386=DIRECTION('',(0.485385971086094,-0.87429998231317,0.));
#12387=DIRECTION('',(-0.485385971086203,0.874299982313109,0.));
#12388=DIRECTION('',(0.,0.,1.));
#12389=DIRECTION('',(-0.952178288188022,-0.305542971615007,0.));
#12390=DIRECTION('',(0.305542971615007,-0.952178288188022,0.));
#12391=DIRECTION('',(-0.305542971612185,0.952178288188927,0.));
#12392=DIRECTION('',(0.,0.,1.));
#12393=DIRECTION('',(-0.923505900713056,-0.383584216761023,0.));
#12394=DIRECTION('',(0.383584216761023,-0.923505900713056,0.));
#12395=DIRECTION('',(-0.383584216757551,0.923505900714498,0.));
#12396=DIRECTION('',(0.,0.,1.));
#12397=DIRECTION('',(-0.980580675690959,-0.196116135137992,0.));
#12398=DIRECTION('',(0.196116135137992,-0.980580675690959,0.));
#12399=DIRECTION('',(-0.196116135138189,0.980580675690919,0.));
#12400=DIRECTION('',(0.,0.,1.));
#12401=DIRECTION('',(-0.999999474515832,-0.00102516733285983,0.));
#12402=DIRECTION('',(0.00102516733285983,-0.999999474515832,0.));
#12403=DIRECTION('',(-0.00102516733312735,0.999999474515831,0.));
#12404=DIRECTION('',(0.,0.,1.));
#12405=DIRECTION('',(-0.832054314553068,0.554694165855045,0.));
#12406=DIRECTION('',(-0.554694165855045,-0.832054314553068,0.));
#12407=DIRECTION('',(0.55469416584987,0.832054314556518,0.));
#12408=DIRECTION('',(-0.998514440560163,-0.0544877233220989,0.));
#12409=DIRECTION('',(0.0544877233220989,-0.998514440560163,0.));
#12410=DIRECTION('',(0.,0.,1.));
#12411=DIRECTION('',(-0.989958217719626,0.141360274367947,0.));
#12412=DIRECTION('',(-0.141360274367947,-0.989958217719626,0.));
#12413=DIRECTION('',(0.,0.,1.));
#12414=DIRECTION('',(-0.996647409215831,0.0818165124126661,0.));
#12415=DIRECTION('',(-0.0818165124126661,-0.996647409215831,0.));
#12416=DIRECTION('',(0.,0.,1.));
#12417=DIRECTION('',(-0.961556244062042,0.274608065259012,0.));
#12418=DIRECTION('',(-0.274608065259012,-0.961556244062042,0.));
#12419=DIRECTION('',(0.,0.,1.));
#12420=DIRECTION('',(-0.964351904158543,0.264623137585875,0.));
#12421=DIRECTION('',(-0.264623137585875,-0.964351904158543,0.));
#12422=DIRECTION('',(0.,0.,1.));
#12423=DIRECTION('',(-0.894243114654268,0.447581558929134,0.));
#12424=DIRECTION('',(-0.447581558929134,-0.894243114654268,0.));
#12425=DIRECTION('',(-0.866344095970956,0.499447602232975,0.));
#12426=DIRECTION('',(-0.499447602232975,-0.866344095970956,0.));
#12427=DIRECTION('',(0.499447602232836,0.866344095971036,0.));
#12428=DIRECTION('',(0.,0.,1.));
#12429=DIRECTION('',(-0.882548957072933,0.470220520999964,0.));
#12430=DIRECTION('',(-0.470220520999964,-0.882548957072933,0.));
#12431=DIRECTION('',(0.470220520991697,0.882548957077338,0.));
#12432=DIRECTION('',(0.,0.,1.));
#12433=DIRECTION('',(-0.773918619663505,0.633285062304595,0.));
#12434=DIRECTION('',(-0.633285062304595,-0.773918619663505,0.));
#12435=DIRECTION('',(0.633285062306587,0.773918619661875,0.));
#12436=DIRECTION('',(0.,0.,1.));
#12437=DIRECTION('',(-0.80109498220915,0.598537241514112,0.));
#12438=DIRECTION('',(-0.598537241514112,-0.80109498220915,0.));
#12439=DIRECTION('',(0.598537241523409,0.801094982202204,0.));
#12440=DIRECTION('',(0.,0.,1.));
#12441=DIRECTION('',(-0.668964731622284,0.743294146247316,0.));
#12442=DIRECTION('',(-0.743294146247316,-0.668964731622284,0.));
#12443=DIRECTION('',(0.743294146241718,0.668964731628504,0.));
#12444=DIRECTION('',(0.,0.,1.));
#12445=DIRECTION('',(-0.51107539287689,0.859535888020816,0.));
#12446=DIRECTION('',(-0.859535888020816,-0.51107539287689,0.));
#12447=DIRECTION('',(0.859535888150355,0.511075392659028,0.));
#12448=DIRECTION('',(0.,0.,1.));
#12449=DIRECTION('',(-0.652552314733283,0.757743674692329,0.));
#12450=DIRECTION('',(-0.757743674692329,-0.652552314733283,0.));
#12451=DIRECTION('',(0.75774367455575,0.652552314891879,0.));
#12452=DIRECTION('',(0.,0.,1.));
#12453=DIRECTION('',(-0.492134219420058,0.870519333545103,0.));
#12454=DIRECTION('',(-0.870519333545103,-0.492134219420058,0.));
#12455=DIRECTION('',(0.870519333545684,0.49213421941903,0.));
#12456=DIRECTION('',(0.,0.,1.));
#12457=DIRECTION('',(-0.312737026573152,0.949839750805463,0.));
#12458=DIRECTION('',(-0.949839750805463,-0.312737026573152,0.));
#12459=DIRECTION('',(0.949839750816198,0.312737026540548,0.));
#12460=DIRECTION('',(0.,0.,1.));
#12461=DIRECTION('',(-0.376778347889982,0.926303447343955,0.));
#12462=DIRECTION('',(-0.926303447343955,-0.376778347889982,0.));
#12463=DIRECTION('',(0.926303447332018,0.376778347919331,0.));
#12464=DIRECTION('',(0.,0.,1.));
#12465=DIRECTION('',(-0.188760959341904,0.982023065018498,0.));
#12466=DIRECTION('',(-0.982023065018498,-0.188760959341904,0.));
#12467=DIRECTION('',(0.982023065018696,0.188760959340872,0.));
#12468=DIRECTION('',(0.,0.,1.));
#12469=DIRECTION('',(0.00658486974731221,0.999978319510184,0.));
#12470=DIRECTION('',(-0.999978319510184,0.00658486974731221,0.));
#12471=DIRECTION('',(0.999978319509989,-0.00658486977686879,0.));
#12472=DIRECTION('',(0.,0.,1.));
#12473=DIRECTION('',(-0.0815753989997017,0.99666717327202,0.));
#12474=DIRECTION('',(-0.99666717327202,-0.0815753989997017,0.));
#12475=DIRECTION('',(0.996667173269172,0.0815753990344972,0.));
#12476=DIRECTION('',(0.,0.,1.));
#12477=DIRECTION('',(0.11459725808597,0.993412033568739,0.));
#12478=DIRECTION('',(-0.993412033568739,0.11459725808597,0.));
#12479=DIRECTION('',(0.99341203356848,-0.114597258088216,0.));
#12480=DIRECTION('',(0.,0.,1.));
#12481=DIRECTION('',(0.306363336505848,0.951914652710528,0.));
#12482=DIRECTION('',(-0.951914652710528,0.306363336505848,0.));
#12483=DIRECTION('',(0.951914652719763,-0.306363336477152,0.));
#12484=DIRECTION('',(0.,0.,1.));
#12485=DIRECTION('',(0.169673045265038,0.98550040979722,0.));
#12486=DIRECTION('',(-0.98550040979722,0.169673045265038,0.));
#12487=DIRECTION('',(0.98550040979336,-0.169673045287456,0.));
#12488=DIRECTION('',(0.,0.,1.));
#12489=DIRECTION('',(0.358832130430915,0.933402111723779,0.));
#12490=DIRECTION('',(-0.933402111723779,0.358832130430915,0.));
#12491=DIRECTION('',(0.933402111724601,-0.358832130428778,0.));
#12492=DIRECTION('',(0.,0.,1.));
#12493=DIRECTION('',(0.321612390260024,0.946871411772071,0.));
#12494=DIRECTION('',(-0.946871411772071,0.321612390260024,0.));
#12495=DIRECTION('',(0.946871411776118,-0.321612390248109,0.));
#12496=DIRECTION('',(0.,0.,1.));
#12497=DIRECTION('',(0.500402545236033,0.865792869410057,0.));
#12498=DIRECTION('',(-0.865792869410057,0.500402545236033,0.));
#12499=DIRECTION('',(0.865792869410061,-0.500402545236027,0.));
#12500=DIRECTION('',(0.,0.,1.));
#12501=DIRECTION('',(0.217096146010914,0.976150225829615,0.));
#12502=DIRECTION('',(-0.976150225829615,0.217096146010914,0.));
#12503=DIRECTION('',(0.976150226529778,-0.217096142862702,0.));
#12504=DIRECTION('',(0.,0.,1.));
#12505=DIRECTION('',(0.133223703108005,0.991085992702041,0.));
#12506=DIRECTION('',(-0.991085992702041,0.133223703108005,0.));
#12507=DIRECTION('',(0.991085992702007,-0.133223703108257,0.));
#12508=DIRECTION('',(0.,0.,1.));
#12509=DIRECTION('',(0.0897848467970311,0.995961184628012,0.));
#12510=DIRECTION('',(-0.995961184628012,0.0897848467970311,0.));
#12511=DIRECTION('',(0.995961184624569,-0.0897848468352305,0.));
#12512=DIRECTION('',(0.,0.,1.));
#12513=DIRECTION('',(0.282392537127036,0.959298939317122,0.));
#12514=DIRECTION('',(-0.959298939317122,0.282392537127036,0.));
#12515=DIRECTION('',(0.959298939317031,-0.282392537127346,0.));
#12516=DIRECTION('',(0.,0.,1.));
#12517=DIRECTION('',(0.464129123380957,0.885767552368918,0.));
#12518=DIRECTION('',(-0.885767552368918,0.464129123380957,0.));
#12519=DIRECTION('',(0.885767552373061,-0.464129123373051,0.));
#12520=DIRECTION('',(0.,0.,1.));
#12521=DIRECTION('',(0.460329440923879,0.887748165764767,0.));
#12522=DIRECTION('',(-0.887748165764767,0.460329440923879,0.));
#12523=DIRECTION('',(0.887748165753796,-0.460329440945038,0.));
#12524=DIRECTION('',(0.,0.,1.));
#12525=DIRECTION('',(0.62469504755418,0.780868809443226,0.));
#12526=DIRECTION('',(-0.780868809443226,0.62469504755418,0.));
#12527=DIRECTION('',(0.780868809446542,-0.624695047550035,0.));
#12528=DIRECTION('',(0.,0.,1.));
#12529=DIRECTION('',(0.765054970630923,0.643964977240935,0.));
#12530=DIRECTION('',(-0.643964977240935,0.765054970630923,0.));
#12531=DIRECTION('',(0.64396497725889,-0.76505497061581,0.));
#12532=DIRECTION('',(0.,0.,1.));
#12533=DIRECTION('',(0.678367249966873,0.734722991454863,0.));
#12534=DIRECTION('',(-0.734722991454863,0.678367249966873,0.));
#12535=DIRECTION('',(0.73472299142391,-0.678367250000396,0.));
#12536=DIRECTION('',(0.,0.,1.));
#12537=DIRECTION('',(0.808686600166937,0.588239732345954,0.));
#12538=DIRECTION('',(-0.588239732345954,0.808686600166937,0.));
#12539=DIRECTION('',(0.588239732346078,-0.808686600166848,0.));
#12540=DIRECTION('',(0.,0.,-1.));
#12541=DIRECTION('',(0.,1.,0.));
#12542=DIRECTION('',(0.,0.,-1.));
#12543=DIRECTION('',(1.,0.,0.));
#12544=DIRECTION('',(0.,0.,1.));
#12545=DIRECTION('',(0.19509085269394,0.980785174844701,0.));
#12546=DIRECTION('',(-0.980785174844701,0.19509085269394,0.));
#12547=DIRECTION('',(0.980785174845462,-0.195090852690116,0.));
#12548=DIRECTION('',(0.,0.,-1.));
#12549=DIRECTION('',(0.,1.,0.));
#12550=DIRECTION('',(0.,0.,-1.));
#12551=DIRECTION('',(1.,0.,0.));
#12552=DIRECTION('',(0.,0.,1.));
#12553=DIRECTION('',(-0.19509085269394,0.980785174844701,0.));
#12554=DIRECTION('',(-0.980785174844701,-0.19509085269394,0.));
#12555=DIRECTION('',(0.98078517484249,0.195090852705057,0.));
#12556=DIRECTION('',(0.,0.,-1.));
#12557=DIRECTION('',(0.,1.,0.));
#12558=DIRECTION('',(0.,0.,-1.));
#12559=DIRECTION('',(1.,0.,0.));
#12560=DIRECTION('',(0.,0.,1.));
#12561=DIRECTION('',(0.195222179206968,0.980759043162837,0.));
#12562=DIRECTION('',(-0.980759043162837,0.195222179206968,0.));
#12563=DIRECTION('',(0.980759043175168,-0.195222179145018,0.));
#12564=DIRECTION('',(0.,0.,1.));
#12565=DIRECTION('',(0.000808570585570198,0.999999673106751,0.));
#12566=DIRECTION('',(-0.999999673106751,0.000808570585570198,0.));
#12567=DIRECTION('',(1.,0.,0.));
#12568=DIRECTION('',(0.,0.,1.));
#12569=DIRECTION('',(0.19599979959398,0.9806039356229,0.));
#12570=DIRECTION('',(-0.9806039356229,0.19599979959398,0.));
#12571=DIRECTION('',(0.980603935622903,-0.195999799593963,0.));
#12572=DIRECTION('',(0.,0.,1.));
#12573=DIRECTION('',(0.383529850004814,0.923528480424553,0.));
#12574=DIRECTION('',(-0.923528480424553,0.383529850004814,0.));
#12575=DIRECTION('',(0.923528480411279,-0.38352985003678,0.));
#12576=DIRECTION('',(0.,0.,1.));
#12577=DIRECTION('',(0.305757648580913,0.952109374144731,0.));
#12578=DIRECTION('',(-0.952109374144731,0.305757648580913,0.));
#12579=DIRECTION('',(0.95210937417635,-0.305757648482453,0.));
#12580=DIRECTION('',(0.,0.,1.));
#12581=DIRECTION('',(0.129176757996944,0.991621583666571,0.));
#12582=DIRECTION('',(-0.991621583666571,0.129176757996944,0.));
#12583=DIRECTION('',(0.991621583663776,-0.129176758018407,0.));
#12584=DIRECTION('',(0.,0.,1.));
#12585=DIRECTION('',(0.658466780750638,0.752609791756586,0.));
#12586=DIRECTION('',(-0.752609791756586,0.658466780750638,0.));
#12587=DIRECTION('',(0.752609791760096,-0.658466780746626,0.));
#12588=DIRECTION('',(0.,0.,1.));
#12589=DIRECTION('',(0.64677132683917,0.7626839783152,0.));
#12590=DIRECTION('',(-0.7626839783152,0.64677132683917,0.));
#12591=DIRECTION('',(0.762683978310246,-0.646771326845011,0.));
#12592=DIRECTION('',(0.,0.,1.));
#12593=DIRECTION('',(0.962373790407383,0.271729070099109,0.));
#12594=DIRECTION('',(-0.271729070099109,0.962373790407383,0.));
#12595=DIRECTION('',(0.271729070554546,-0.962373790278789,0.));
#12596=DIRECTION('',(0.,0.,1.));
#12597=DIRECTION('',(0.568896063655979,0.822409428907969,0.));
#12598=DIRECTION('',(-0.822409428907969,0.568896063655979,0.));
#12599=DIRECTION('',(0.8224094289199,-0.568896063638732,0.));
#12600=DIRECTION('',(0.,0.,1.));
#12601=DIRECTION('',(0.930175032861556,0.367116341560825,0.));
#12602=DIRECTION('',(-0.367116341560825,0.930175032861556,0.));
#12603=DIRECTION('',(0.3671163415613,-0.930175032861368,0.));
#12604=DIRECTION('',(0.,0.,1.));
#12605=DIRECTION('',(0.896235635717843,0.443578274117922,0.));
#12606=DIRECTION('',(-0.443578274117922,0.896235635717843,0.));
#12607=DIRECTION('',(0.443578274120008,-0.89623563571681,0.));
#12608=DIRECTION('',(0.,0.,1.));
#12609=DIRECTION('',(0.991554096659058,-0.129693767771008,0.));
#12610=DIRECTION('',(0.129693767771008,0.991554096659058,0.));
#12611=DIRECTION('',(-0.129693767775666,-0.991554096658448,0.));
#12612=DIRECTION('',(0.,0.,1.));
#12613=DIRECTION('',(0.983887563411843,0.178788317748971,0.));
#12614=DIRECTION('',(-0.178788317748971,0.983887563411843,0.));
#12615=DIRECTION('',(0.178788317775062,-0.983887563407101,0.));
#12616=DIRECTION('',(0.,0.,1.));
#12617=DIRECTION('',(0.999861877521329,-0.0166200445102455,0.));
#12618=DIRECTION('',(0.0166200445102455,0.999861877521329,0.));
#12619=DIRECTION('',(-0.0166200445087132,-0.999861877521355,0.));
#12620=DIRECTION('',(0.,0.,1.));
#12621=DIRECTION('',(1.,-3.366124261056E-15,0.));
#12622=DIRECTION('',(3.366124261056E-15,1.,0.));
#12623=DIRECTION('',(0.,1.,0.));
#12624=DIRECTION('',(0.,0.,1.));
#12625=DIRECTION('',(0.999862183072574,0.016601652367953,0.));
#12626=DIRECTION('',(-0.016601652367953,0.999862183072574,0.));
#12627=DIRECTION('',(0.0166016523489559,-0.999862183072889,0.));
#12628=DIRECTION('',(0.,0.,1.));
#12629=DIRECTION('',(0.983868938362912,-0.178890782670984,0.));
#12630=DIRECTION('',(0.178890782670984,0.983868938362912,0.));
#12631=DIRECTION('',(-0.178890782671772,-0.983868938362768,0.));
#12632=DIRECTION('',(0.,0.,1.));
#12633=DIRECTION('',(0.930069060778452,-0.367384733192179,0.));
#12634=DIRECTION('',(0.367384733192179,0.930069060778452,0.));
#12635=DIRECTION('',(-0.367384733172924,-0.930069060786058,0.));
#12636=DIRECTION('',(0.,0.,1.));
#12637=DIRECTION('',(0.93502173774296,-0.354590397427984,0.));
#12638=DIRECTION('',(0.354590397427984,0.93502173774296,0.));
#12639=DIRECTION('',(-0.354590397429804,-0.93502173774227,0.));
#12640=DIRECTION('',(0.,0.,1.));
#12641=DIRECTION('',(0.847888106429248,-0.530175215354155,0.));
#12642=DIRECTION('',(0.530175215354155,0.847888106429248,0.));
#12643=DIRECTION('',(-0.530175215356027,-0.847888106428077,0.));
#12644=DIRECTION('',(0.,0.,1.));
#12645=DIRECTION('',(0.728112020576968,-0.68545815735997,0.));
#12646=DIRECTION('',(0.68545815735997,0.728112020576968,0.));
#12647=DIRECTION('',(-0.685458157391949,-0.728112020546863,0.));
#12648=DIRECTION('',(0.,0.,1.));
#12649=DIRECTION('',(0.831507269738989,-0.555513870547993,0.));
#12650=DIRECTION('',(0.555513870547993,0.831507269738989,0.));
#12651=DIRECTION('',(-0.55551387059476,-0.831507269707745,0.));
#12652=DIRECTION('',(0.,0.,1.));
#12653=DIRECTION('',(0.707106781186048,-0.707106781187048,0.));
#12654=DIRECTION('',(0.707106781187048,0.707106781186048,0.));
#12655=DIRECTION('',(-0.70710678113296,-0.707106781240135,0.));
#12656=DIRECTION('',(0.,0.,1.));
#12657=DIRECTION('',(0.877872257578313,-0.478894872988171,0.));
#12658=DIRECTION('',(0.478894872988171,0.877872257578313,0.));
#12659=DIRECTION('',(-0.478894872992818,-0.877872257575778,0.));
#12660=DIRECTION('',(0.,0.,1.));
#12661=DIRECTION('',(0.463834242814217,-0.885922002883415,0.));
#12662=DIRECTION('',(0.885922002883415,0.463834242814217,0.));
#12663=DIRECTION('',(-0.885922002884242,-0.463834242812638,0.));
#12664=DIRECTION('',(0.,0.,1.));
#12665=DIRECTION('',(0.555605992861044,-0.831445717228066,0.));
#12666=DIRECTION('',(0.831445717228066,0.555605992861044,0.));
#12667=DIRECTION('',(-0.831445717226372,-0.555605992863579,0.));
#12668=DIRECTION('',(0.,0.,1.));
#12669=DIRECTION('',(0.,-1.,0.));
#12670=DIRECTION('',(0.,0.,1.));
#12671=DIRECTION('',(1.,0.,0.));
#12672=DIRECTION('',(0.,0.,1.));
#12673=DIRECTION('',(0.28207205462302,-0.959393222824066,0.));
#12674=DIRECTION('',(0.959393222824066,0.28207205462302,0.));
#12675=DIRECTION('',(-0.959393222824106,-0.282072054622885,0.));
#12676=DIRECTION('',(0.,0.,1.));
#12677=DIRECTION('',(0.0895376222035795,-0.995983440730883,0.));
#12678=DIRECTION('',(0.995983440730883,0.0895376222035795,0.));
#12679=DIRECTION('',(-0.995983440730942,-0.0895376222029229,0.));
#12680=DIRECTION('',(0.,0.,1.));
#12681=DIRECTION('',(0.195010630362034,-0.980801128693173,0.));
#12682=DIRECTION('',(0.980801128693173,0.195010630362034,0.));
#12683=DIRECTION('',(-0.980801128692024,-0.195010630367813,0.));
#12684=DIRECTION('',(0.,0.,1.));
#12685=DIRECTION('',(0.,-1.,0.));
#12686=DIRECTION('',(0.,0.,1.));
#12687=DIRECTION('',(1.,0.,0.));
#12688=DIRECTION('',(0.,0.,1.));
#12689=DIRECTION('',(-0.195090852694903,-0.98078517484451,0.));
#12690=DIRECTION('',(0.98078517484451,-0.195090852694903,0.));
#12691=DIRECTION('',(-0.98078517484249,0.195090852705057,0.));
#12692=DIRECTION('',(0.,0.,1.));
#12693=DIRECTION('',(0.,-1.,0.));
#12694=DIRECTION('',(0.,0.,1.));
#12695=DIRECTION('',(1.,0.,0.));
#12696=DIRECTION('',(0.,0.,1.));
#12697=DIRECTION('',(0.196017557567014,-0.980600386052067,0.));
#12698=DIRECTION('',(0.980600386052067,0.196017557567014,0.));
#12699=DIRECTION('',(-0.980600386054256,-0.196017557556063,0.));
#12700=DIRECTION('',(0.,0.,1.));
#12701=DIRECTION('',(0.000947548323103488,-0.999999551075987,0.));
#12702=DIRECTION('',(0.999999551075987,0.000947548323103488,0.));
#12703=DIRECTION('',(-0.999999551075987,-0.000947548323162395,0.));
#12704=DIRECTION('',(0.,0.,-1.));
#12705=DIRECTION('',(1.,0.,0.));
#12706=DIRECTION('',(0.,0.,-1.));
#12707=DIRECTION('',(0.,1.,0.));
#12708=DIRECTION('',(0.,0.,1.));
#12709=DIRECTION('',(0.980789815047494,-0.195067523435098,0.));
#12710=DIRECTION('',(0.195067523435098,0.980789815047494,0.));
#12711=DIRECTION('',(-0.195067523270277,-0.980789815080275,0.));
#12712=DIRECTION('',(0.,0.,1.));
#12713=DIRECTION('',(0.999999489642178,-0.00101030459965618,0.));
#12714=DIRECTION('',(0.00101030459965618,0.999999489642178,0.));
#12715=DIRECTION('',(0.,1.,0.));
#12716=DIRECTION('',(0.,0.,1.));
#12717=DIRECTION('',(0.980580675690959,-0.196116135137992,0.));
#12718=DIRECTION('',(0.196116135137992,0.980580675690959,0.));
#12719=DIRECTION('',(-0.196116135150604,-0.980580675688436,0.));
#12720=DIRECTION('',(0.,0.,1.));
#12721=DIRECTION('',(0.923462172302239,-0.383689479041099,0.));
#12722=DIRECTION('',(0.383689479041099,0.923462172302239,0.));
#12723=DIRECTION('',(-0.383689479059633,-0.923462172294539,0.));
#12724=DIRECTION('',(0.,0.,1.));
#12725=DIRECTION('',(0.997835473159646,-0.0657599308413967,0.));
#12726=DIRECTION('',(0.0657599308413967,0.997835473159646,0.));
#12727=DIRECTION('',(-0.0657599308380261,-0.997835473159868,0.));
#12728=DIRECTION('',(0.,0.,1.));
#12729=DIRECTION('',(0.792441058937092,-0.609948496277071,0.));
#12730=DIRECTION('',(0.609948496277071,0.792441058937092,0.));
#12731=DIRECTION('',(-0.609948496277556,-0.792441058936719,0.));
#12732=DIRECTION('',(0.,0.,1.));
#12733=DIRECTION('',(0.817142538782824,-0.576435661033876,0.));
#12734=DIRECTION('',(0.576435661033876,0.817142538782824,0.));
#12735=DIRECTION('',(-0.5764356610333,-0.81714253878323,0.));
#12736=DIRECTION('',(0.,0.,1.));
#12737=DIRECTION('',(0.360031963407083,-0.932939968768216,0.));
#12738=DIRECTION('',(0.932939968768216,0.360031963407083,0.));
#12739=DIRECTION('',(-0.932939968768216,-0.360031963407083,0.));
#12740=DIRECTION('',(0.498724907858922,-0.866760328049865,0.));
#12741=DIRECTION('',(0.866760328049865,0.498724907858922,0.));
#12742=DIRECTION('',(-0.866760328049865,-0.498724907858922,0.));
#12743=DIRECTION('',(0.,0.,1.));
#12744=DIRECTION('',(0.613081585817806,-0.79001960047275,0.));
#12745=DIRECTION('',(0.79001960047275,0.613081585817806,0.));
#12746=DIRECTION('',(-0.79001960043185,-0.61308158587051,0.));
#12747=DIRECTION('',(0.,0.,1.));
#12748=DIRECTION('',(0.447213595499958,-0.894427190999916,0.));
#12749=DIRECTION('',(0.894427190999916,0.447213595499958,0.));
#12750=DIRECTION('',(-0.89442719099918,-0.44721359550143,0.));
#12751=DIRECTION('',(0.,0.,1.));
#12752=DIRECTION('',(0.264134248248995,-0.96448592467798,0.));
#12753=DIRECTION('',(0.96448592467798,0.264134248248995,0.));
#12754=DIRECTION('',(-0.964485924678606,-0.264134248246709,0.));
#12755=DIRECTION('',(0.,0.,1.));
#12756=DIRECTION('',(0.367778373946893,-0.929913473209728,0.));
#12757=DIRECTION('',(0.929913473209728,0.367778373946893,0.));
#12758=DIRECTION('',(-0.929913473214084,-0.36777837393588,0.));
#12759=DIRECTION('',(0.,0.,1.));
#12760=DIRECTION('',(0.179327755665052,-0.983789386021284,0.));
#12761=DIRECTION('',(0.983789386021284,0.179327755665052,0.));
#12762=DIRECTION('',(-0.983789386020947,-0.179327755666903,0.));
#12763=DIRECTION('',(0.,0.,1.));
#12764=DIRECTION('',(0.193460994885941,-0.9811079672787,0.));
#12765=DIRECTION('',(0.9811079672787,0.193460994885941,0.));
#12766=DIRECTION('',(-0.981107967279757,-0.19346099488058,0.));
#12767=DIRECTION('',(0.,0.,1.));
#12768=DIRECTION('',(-0.00158137919258223,-0.999998749619143,0.));
#12769=DIRECTION('',(0.999998749619143,-0.00158137919258223,0.));
#12770=DIRECTION('',(-0.999998749619143,0.00158137919252171,0.));
#12771=DIRECTION('',(0.,0.,1.));
#12772=DIRECTION('',(0.00485569876654524,-0.999988211025254,0.));
#12773=DIRECTION('',(0.999988211025254,0.00485569876654524,0.));
#12774=DIRECTION('',(-0.999988211025255,-0.00485569876643613,0.));
#12775=DIRECTION('',(0.,0.,1.));
#12776=DIRECTION('',(0.959393499896181,-0.282071112234054,0.));
#12777=DIRECTION('',(0.282071112234054,0.959393499896181,0.));
#12778=DIRECTION('',(-0.28207111219445,-0.959393499907825,0.));
#12779=DIRECTION('',(0.,0.,1.));
#12780=DIRECTION('',(0.996914334778379,0.0784971917547498,0.));
#12781=DIRECTION('',(-0.0784971917547498,0.996914334778379,0.));
#12782=DIRECTION('',(0.0784971917560609,-0.996914334778276,0.));
#12783=DIRECTION('',(0.,0.,1.));
#12784=DIRECTION('',(0.871599215792887,-0.490219141842936,0.));
#12785=DIRECTION('',(0.490219141842936,0.871599215792887,0.));
#12786=DIRECTION('',(-0.490219141843084,-0.871599215792804,0.));
#12787=DIRECTION('',(0.,0.,1.));
#12788=DIRECTION('',(0.885931371241936,-0.463816348837967,0.));
#12789=DIRECTION('',(0.463816348837967,0.885931371241936,0.));
#12790=DIRECTION('',(-0.463816348837767,-0.885931371242041,0.));
#12791=DIRECTION('',(0.,0.,1.));
#12792=DIRECTION('',(0.479812341936023,-0.877371139556043,0.));
#12793=DIRECTION('',(0.877371139556043,0.479812341936023,0.));
#12794=DIRECTION('',(-0.877371139556773,-0.479812341934688,0.));
#12795=DIRECTION('',(0.,0.,1.));
#12796=DIRECTION('',(0.617711543322092,-0.786404761714118,0.));
#12797=DIRECTION('',(0.786404761714118,0.617711543322092,0.));
#12798=DIRECTION('',(-0.786404761716541,-0.617711543319008,0.));
#12799=DIRECTION('',(0.,0.,1.));
#12800=DIRECTION('',(0.64697345277998,-0.762512525403977,0.));
#12801=DIRECTION('',(0.762512525403977,0.64697345277998,0.));
#12802=DIRECTION('',(-0.762512525404063,-0.646973452779879,0.));
#12803=DIRECTION('',(0.,0.,1.));
#12804=DIRECTION('',(0.485846376014022,-0.87404422022804,0.));
#12805=DIRECTION('',(0.87404422022804,0.485846376014022,0.));
#12806=DIRECTION('',(-0.874044220227647,-0.485846376014728,0.));
#12807=DIRECTION('',(0.,0.,1.));
#12808=DIRECTION('',(0.306113923698092,-0.951994887443288,0.));
#12809=DIRECTION('',(0.951994887443288,0.306113923698092,0.));
#12810=DIRECTION('',(-0.95199488744415,-0.30611392369541,0.));
#12811=DIRECTION('',(0.,0.,1.));
#12812=DIRECTION('',(0.3834297399199,-0.92357004853176,0.));
#12813=DIRECTION('',(0.92357004853176,0.3834297399199,0.));
#12814=DIRECTION('',(-0.923570048530582,-0.383429739922737,0.));
#12815=DIRECTION('',(0.,0.,1.));
#12816=DIRECTION('',(0.19599979959398,-0.9806039356229,0.));
#12817=DIRECTION('',(0.9806039356229,0.19599979959398,0.));
#12818=DIRECTION('',(-0.980603935622864,-0.195999799594158,0.));
#12819=DIRECTION('',(0.,0.,1.));
#12820=DIRECTION('',(0.00100542880815633,-0.999999494556328,0.));
#12821=DIRECTION('',(0.999999494556328,0.00100542880815633,0.));
#12822=DIRECTION('',(1.,0.,0.));
#12823=DIRECTION('',(0.,0.,1.));
#12824=DIRECTION('',(0.194065986222962,-0.980988477501805,0.));
#12825=DIRECTION('',(0.980988477501805,0.194065986222962,0.));
#12826=DIRECTION('',(-0.98098847749391,-0.194065986262872,0.));
#12827=DIRECTION('',(0.,0.,1.));
#12828=DIRECTION('',(-0.00101178490865451,-0.999999488145518,0.));
#12829=DIRECTION('',(0.999999488145518,-0.00101178490865451,0.));
#12830=DIRECTION('',(-0.999999488145518,0.00101178490864478,0.));
#12831=DIRECTION('',(0.,0.,1.));
#12832=DIRECTION('',(-0.19592706484508,-0.980618470793403,0.));
#12833=DIRECTION('',(0.980618470793403,-0.19592706484508,0.));
#12834=DIRECTION('',(-0.980618470792413,0.195927064850035,0.));
#12835=DIRECTION('',(0.,0.,1.));
#12836=DIRECTION('',(-0.0899401985716153,-0.99594716761528,0.));
#12837=DIRECTION('',(0.99594716761528,-0.0899401985716153,0.));
#12838=DIRECTION('',(-0.995947167615305,0.089940198571338,0.));
#12839=DIRECTION('',(0.,0.,1.));
#12840=DIRECTION('',(-0.282392537127036,-0.959298939317122,0.));
#12841=DIRECTION('',(0.959298939317122,-0.282392537127036,0.));
#12842=DIRECTION('',(-0.959298939317223,0.282392537126693,0.));
#12843=DIRECTION('',(0.,0.,1.));
#12844=DIRECTION('',(0.,-1.,0.));
#12845=DIRECTION('',(0.,0.,1.));
#12846=DIRECTION('',(1.,0.,0.));
#12847=DIRECTION('',(0.,0.,1.));
#12848=DIRECTION('',(-0.555119505900246,-0.831770601890369,0.));
#12849=DIRECTION('',(0.831770601890369,-0.555119505900246,0.));
#12850=DIRECTION('',(-0.83177060189014,0.55511950590059,0.));
#12851=DIRECTION('',(0.,0.,1.));
#12852=DIRECTION('',(-0.464242034194196,-0.885708379596374,0.));
#12853=DIRECTION('',(0.885708379596374,-0.464242034194196,0.));
#12854=DIRECTION('',(-0.885708379596294,0.46424203419435,0.));
#12855=DIRECTION('',(0.,0.,1.));
#12856=DIRECTION('',(-0.877778336025814,-0.479067002415898,0.));
#12857=DIRECTION('',(0.479067002415898,-0.877778336025814,0.));
#12858=DIRECTION('',(-0.479067002415615,0.877778336025968,0.));
#12859=DIRECTION('',(0.,0.,1.));
#12860=DIRECTION('',(-0.706791958101349,-0.707421464166349,0.));
#12861=DIRECTION('',(0.707421464166349,-0.706791958101349,0.));
#12862=DIRECTION('',(-0.707421464163999,0.706791958103701,0.));
#12863=DIRECTION('',(0.,0.,1.));
#12864=DIRECTION('',(-0.83118750946639,-0.555992197883261,0.));
#12865=DIRECTION('',(0.555992197883261,-0.83118750946639,0.));
#12866=DIRECTION('',(-0.555992197891061,0.831187509461173,0.));
#12867=DIRECTION('',(0.,0.,1.));
#12868=DIRECTION('',(-0.762852395497858,-0.64657267393788,0.));
#12869=DIRECTION('',(0.64657267393788,-0.762852395497858,0.));
#12870=DIRECTION('',(-0.646572673936667,0.762852395498886,0.));
#12871=DIRECTION('',(0.,0.,1.));
#12872=DIRECTION('',(-0.87429998231317,-0.485385971086094,0.));
#12873=DIRECTION('',(0.485385971086094,-0.87429998231317,0.));
#12874=DIRECTION('',(-0.485385971086093,0.874299982313171,0.));
#12875=DIRECTION('',(0.,0.,1.));
#12876=DIRECTION('',(-0.952178288186765,-0.305542971618925,0.));
#12877=DIRECTION('',(0.305542971618925,-0.952178288186765,0.));
#12878=DIRECTION('',(-0.305542971618995,0.952178288186742,0.));
#12879=DIRECTION('',(0.,0.,1.));
#12880=DIRECTION('',(-0.92350590071341,-0.38358421676017,0.));
#12881=DIRECTION('',(0.38358421676017,-0.92350590071341,0.));
#12882=DIRECTION('',(-0.383584216757064,0.923505900714701,0.));
#12883=DIRECTION('',(0.,0.,1.));
#12884=DIRECTION('',(-0.980580675690959,-0.196116135137992,0.));
#12885=DIRECTION('',(0.196116135137992,-0.980580675690959,0.));
#12886=DIRECTION('',(-0.196116135136303,0.980580675691296,0.));
#12887=DIRECTION('',(0.,0.,1.));
#12888=DIRECTION('',(-0.00095887111282579,-0.999999540282989,0.));
#12889=DIRECTION('',(0.999999540282989,-0.00095887111282579,0.));
#12890=DIRECTION('',(-0.999999540282989,0.000958871112814879,0.));
#12891=DIRECTION('',(0.,0.,1.));
#12892=DIRECTION('',(0.01648984587681,-0.999864033248001,0.));
#12893=DIRECTION('',(0.999864033248001,0.01648984587681,0.));
#12894=DIRECTION('',(-0.999864033247967,-0.0164898458788422,0.));
#12895=DIRECTION('',(0.,0.,1.));
#12896=DIRECTION('',(-0.178788317748003,-0.983887563412019,0.));
#12897=DIRECTION('',(0.983887563412019,-0.178788317748003,0.));
#12898=DIRECTION('',(-0.983887563411905,0.178788317748627,0.));
#12899=DIRECTION('',(0.,0.,1.));
#12900=DIRECTION('',(-0.367127970104998,-0.930170443287994,0.));
#12901=DIRECTION('',(0.930170443287994,-0.367127970104998,0.));
#12902=DIRECTION('',(-0.930170443286456,0.367127970108895,0.));
#12903=DIRECTION('',(0.,0.,1.));
#12904=DIRECTION('',(-0.264263927310086,-0.964450401380314,0.));
#12905=DIRECTION('',(0.964450401380314,-0.264263927310086,0.));
#12906=DIRECTION('',(-0.964450401380827,0.264263927308215,0.));
#12907=DIRECTION('',(0.,0.,1.));
#12908=DIRECTION('',(-0.447213595499958,-0.894427190999916,0.));
#12909=DIRECTION('',(0.894427190999916,-0.447213595499958,0.));
#12910=DIRECTION('',(-0.894427190999926,0.447213595499937,0.));
#12911=DIRECTION('',(0.,0.,1.));
#12912=DIRECTION('',(-0.612993720434009,-0.790087779116012,0.));
#12913=DIRECTION('',(0.790087779116012,-0.612993720434009,0.));
#12914=DIRECTION('',(-0.790087779113161,0.612993720437684,0.));
#12915=DIRECTION('',(0.,0.,1.));
#12916=DIRECTION('',(-0.498807263824034,-0.866712936073058,0.));
#12917=DIRECTION('',(0.866712936073058,-0.498807263824034,0.));
#12918=DIRECTION('',(-0.866712936073486,0.498807263823291,0.));
#12919=DIRECTION('',(0.,0.,1.));
#12920=DIRECTION('',(-0.658220198599197,-0.752825457962225,0.));
#12921=DIRECTION('',(0.752825457962225,-0.658220198599197,0.));
#12922=DIRECTION('',(-0.752825457962064,0.658220198599382,0.));
#12923=DIRECTION('',(0.,0.,1.));
#12924=DIRECTION('',(-0.792360328689252,-0.610053366124194,0.));
#12925=DIRECTION('',(0.610053366124194,-0.792360328689252,0.));
#12926=DIRECTION('',(-0.610053366123391,0.792360328689871,0.));
#12927=DIRECTION('',(0.,0.,1.));
#12928=DIRECTION('',(-0.728648077990927,-0.684888296322932,0.));
#12929=DIRECTION('',(0.684888296322932,-0.728648077990927,0.));
#12930=DIRECTION('',(-0.684888296321216,0.72864807799254,0.));
#12931=DIRECTION('',(0.,0.,1.));
#12932=DIRECTION('',(-0.848181948796082,-0.529704995008052,0.));
#12933=DIRECTION('',(0.529704995008052,-0.848181948796082,0.));
#12934=DIRECTION('',(-0.529704995012252,0.848181948793459,0.));
#12935=DIRECTION('',(0.,0.,1.));
#12936=DIRECTION('',(-0.700459108027061,-0.713692537429063,0.));
#12937=DIRECTION('',(0.713692537429063,-0.700459108027061,0.));
#12938=DIRECTION('',(-0.71369253742878,0.70045910802735,0.));
#12939=DIRECTION('',(0.,0.,1.));
#12940=DIRECTION('',(-0.978810284711858,-0.20476920310997,0.));
#12941=DIRECTION('',(0.20476920310997,-0.978810284711858,0.));
#12942=DIRECTION('',(-0.204769203110075,0.978810284711836,0.));
#12943=DIRECTION('',(0.,0.,1.));
#12944=DIRECTION('',(-0.935277194108792,-0.353916049621921,0.));
#12945=DIRECTION('',(0.353916049621921,-0.935277194108792,0.));
#12946=DIRECTION('',(-0.353916049622018,0.935277194108755,0.));
#12947=DIRECTION('',(0.,0.,1.));
#12948=DIRECTION('',(-0.974314153002571,0.225193097715901,0.));
#12949=DIRECTION('',(-0.225193097715901,-0.974314153002571,0.));
#12950=DIRECTION('',(0.225193097720374,0.974314153001537,0.));
#12951=DIRECTION('',(0.999952905456694,0.00970499194823703,0.));
#12952=DIRECTION('',(-0.00970499194823703,0.999952905456694,0.));
#12953=DIRECTION('',(-0.00970499194823703,0.999952905456694,0.));
#12954=DIRECTION('',(0.,0.,1.));
#12955=DIRECTION('',(0.974314153002571,-0.225193097715901,0.));
#12956=DIRECTION('',(0.225193097715901,0.974314153002571,0.));
#12957=DIRECTION('',(0.225193097715901,0.974314153002571,0.));
#12958=DIRECTION('',(0.,0.,1.));
#12959=DIRECTION('',(0.935277194108792,0.353916049621921,0.));
#12960=DIRECTION('',(-0.353916049621921,0.935277194108792,0.));
#12961=DIRECTION('',(-0.353916049621921,0.935277194108792,0.));
#12962=DIRECTION('',(0.,0.,1.));
#12963=DIRECTION('',(0.978810284711858,0.20476920310997,0.));
#12964=DIRECTION('',(-0.20476920310997,0.978810284711858,0.));
#12965=DIRECTION('',(-0.20476920310997,0.978810284711858,0.));
#12966=DIRECTION('',(0.,0.,1.));
#12967=DIRECTION('',(0.700459108027061,0.713692537429063,0.));
#12968=DIRECTION('',(-0.713692537429063,0.700459108027061,0.));
#12969=DIRECTION('',(-0.713692537429063,0.700459108027061,0.));
#12970=DIRECTION('',(0.,0.,1.));
#12971=DIRECTION('',(0.848181948796082,0.529704995008052,0.));
#12972=DIRECTION('',(-0.529704995008052,0.848181948796082,0.));
#12973=DIRECTION('',(-0.529704995008052,0.848181948796082,0.));
#12974=DIRECTION('',(0.,0.,1.));
#12975=DIRECTION('',(0.728648077990927,0.684888296322932,0.));
#12976=DIRECTION('',(-0.684888296322932,0.728648077990927,0.));
#12977=DIRECTION('',(-0.684888296322932,0.728648077990927,0.));
#12978=DIRECTION('',(0.,0.,1.));
#12979=DIRECTION('',(0.792360328689252,0.610053366124194,0.));
#12980=DIRECTION('',(-0.610053366124194,0.792360328689252,0.));
#12981=DIRECTION('',(-0.610053366124194,0.792360328689252,0.));
#12982=DIRECTION('',(0.,0.,1.));
#12983=DIRECTION('',(0.658220198599197,0.752825457962225,0.));
#12984=DIRECTION('',(-0.752825457962225,0.658220198599197,0.));
#12985=DIRECTION('',(-0.752825457962225,0.658220198599197,0.));
#12986=DIRECTION('',(0.,0.,1.));
#12987=DIRECTION('',(0.498807263824034,0.866712936073058,0.));
#12988=DIRECTION('',(-0.866712936073058,0.498807263824034,0.));
#12989=DIRECTION('',(-0.866712936073058,0.498807263824034,0.));
#12990=DIRECTION('',(0.,0.,1.));
#12991=DIRECTION('',(0.612993720434633,0.790087779115528,0.));
#12992=DIRECTION('',(-0.790087779115528,0.612993720434633,0.));
#12993=DIRECTION('',(-0.790087779115528,0.612993720434633,0.));
#12994=DIRECTION('',(0.,0.,1.));
#12995=DIRECTION('',(0.447213595499958,0.894427190999916,0.));
#12996=DIRECTION('',(-0.894427190999916,0.447213595499958,0.));
#12997=DIRECTION('',(-0.894427190999916,0.447213595499958,0.));
#12998=DIRECTION('',(0.,0.,1.));
#12999=DIRECTION('',(0.264263927310086,0.964450401380314,0.));
#13000=DIRECTION('',(-0.964450401380314,0.264263927310086,0.));
#13001=DIRECTION('',(-0.964450401380314,0.264263927310086,0.));
#13002=DIRECTION('',(0.,0.,1.));
#13003=DIRECTION('',(0.367127970104998,0.930170443287994,0.));
#13004=DIRECTION('',(-0.930170443287994,0.367127970104998,0.));
#13005=DIRECTION('',(-0.930170443287994,0.367127970104998,0.));
#13006=DIRECTION('',(0.,0.,1.));
#13007=DIRECTION('',(0.178788317748003,0.983887563412019,0.));
#13008=DIRECTION('',(-0.983887563412019,0.178788317748003,0.));
#13009=DIRECTION('',(-0.983887563412019,0.178788317748003,0.));
#13010=DIRECTION('',(0.,0.,1.));
#13011=DIRECTION('',(0.19594485168004,0.980614916825197,0.));
#13012=DIRECTION('',(-0.980614916825197,0.19594485168004,0.));
#13013=DIRECTION('',(-0.980614916825197,0.19594485168004,0.));
#13014=DIRECTION('',(0.,0.,1.));
#13015=DIRECTION('',(0.00095887111282579,0.999999540282989,0.));
#13016=DIRECTION('',(-0.999999540282989,0.00095887111282579,0.));
#13017=DIRECTION('',(-0.999999540282989,0.00095887111282579,0.));
#13018=DIRECTION('',(0.,0.,1.));
#13019=DIRECTION('',(0.999935481597832,0.0113592535719881,0.));
#13020=DIRECTION('',(-0.0113592535719881,0.999935481597832,0.));
#13021=DIRECTION('',(-0.0113592535719881,0.999935481597832,0.));
#13022=DIRECTION('',(0.,0.,1.));
#13023=DIRECTION('',(0.978520247849887,0.206150732590976,0.));
#13024=DIRECTION('',(-0.206150732590976,0.978520247849887,0.));
#13025=DIRECTION('',(-0.206150732590976,0.978520247849887,0.));
#13026=DIRECTION('',(0.,0.,1.));
#13027=DIRECTION('',(0.999999426102886,0.00107135143557088,0.));
#13028=DIRECTION('',(-0.00107135143557088,0.999999426102886,0.));
#13029=DIRECTION('',(-0.00107135143557088,0.999999426102886,0.));
#13030=DIRECTION('',(0.,0.,1.));
#13031=DIRECTION('',(0.980580675690959,0.196116135137992,0.));
#13032=DIRECTION('',(-0.196116135137992,0.980580675690959,0.));
#13033=DIRECTION('',(-0.196116135137992,0.980580675690959,0.));
#13034=DIRECTION('',(0.,0.,1.));
#13035=DIRECTION('',(0.92350590071341,0.38358421676017,0.));
#13036=DIRECTION('',(-0.38358421676017,0.92350590071341,0.));
#13037=DIRECTION('',(-0.38358421676017,0.92350590071341,0.));
#13038=DIRECTION('',(0.,0.,1.));
#13039=DIRECTION('',(0.952178288186765,0.305542971618925,0.));
#13040=DIRECTION('',(-0.305542971618925,0.952178288186765,0.));
#13041=DIRECTION('',(-0.305542971618925,0.952178288186765,0.));
#13042=DIRECTION('',(0.,0.,1.));
#13043=DIRECTION('',(0.87429998231317,0.485385971086094,0.));
#13044=DIRECTION('',(-0.485385971086094,0.87429998231317,0.));
#13045=DIRECTION('',(-0.485385971086094,0.87429998231317,0.));
#13046=DIRECTION('',(0.,0.,1.));
#13047=DIRECTION('',(0.762852395497858,0.64657267393788,0.));
#13048=DIRECTION('',(-0.64657267393788,0.762852395497858,0.));
#13049=DIRECTION('',(-0.64657267393788,0.762852395497858,0.));
#13050=DIRECTION('',(0.,0.,1.));
#13051=DIRECTION('',(0.83118750946639,0.555992197883261,0.));
#13052=DIRECTION('',(-0.555992197883261,0.83118750946639,0.));
#13053=DIRECTION('',(-0.555992197883261,0.83118750946639,0.));
#13054=DIRECTION('',(0.,0.,1.));
#13055=DIRECTION('',(0.706791958101349,0.707421464166349,0.));
#13056=DIRECTION('',(-0.707421464166349,0.706791958101349,0.));
#13057=DIRECTION('',(-0.707421464166349,0.706791958101349,0.));
#13058=DIRECTION('',(0.,0.,1.));
#13059=DIRECTION('',(0.877778336025814,0.479067002415898,0.));
#13060=DIRECTION('',(-0.479067002415898,0.877778336025814,0.));
#13061=DIRECTION('',(-0.479067002415898,0.877778336025814,0.));
#13062=DIRECTION('',(0.,0.,1.));
#13063=DIRECTION('',(0.464242034194196,0.885708379596374,0.));
#13064=DIRECTION('',(-0.885708379596374,0.464242034194196,0.));
#13065=DIRECTION('',(-0.885708379596374,0.464242034194196,0.));
#13066=DIRECTION('',(0.,0.,1.));
#13067=DIRECTION('',(0.555119505900246,0.831770601890369,0.));
#13068=DIRECTION('',(-0.831770601890369,0.555119505900246,0.));
#13069=DIRECTION('',(-0.831770601890369,0.555119505900246,0.));
#13070=DIRECTION('',(0.,0.,1.));
#13071=DIRECTION('',(0.,1.,0.));
#13072=DIRECTION('',(0.,0.,-1.));
#13073=DIRECTION('',(-1.,0.,0.));
#13074=DIRECTION('',(0.,0.,-1.));
#13075=DIRECTION('',(0.282392537127036,0.959298939317122,0.));
#13076=DIRECTION('',(-0.959298939317122,0.282392537127036,0.));
#13077=DIRECTION('',(-0.959298939317122,0.282392537127036,0.));
#13078=DIRECTION('',(0.,0.,1.));
#13079=DIRECTION('',(0.0899401985717939,0.995947167615264,0.));
#13080=DIRECTION('',(-0.995947167615264,0.0899401985717939,0.));
#13081=DIRECTION('',(-0.995947167615264,0.0899401985717939,0.));
#13082=DIRECTION('',(0.,0.,1.));
#13083=DIRECTION('',(0.19592706484508,0.980618470793403,0.));
#13084=DIRECTION('',(-0.980618470793403,0.19592706484508,0.));
#13085=DIRECTION('',(-0.980618470793403,0.19592706484508,0.));
#13086=DIRECTION('',(0.,0.,1.));
#13087=DIRECTION('',(0.00101178490865551,0.999999488145518,0.));
#13088=DIRECTION('',(-0.999999488145518,0.00101178490865551,0.));
#13089=DIRECTION('',(-0.999999488145518,0.00101178490865551,0.));
#13090=DIRECTION('',(0.,0.,1.));
#13091=DIRECTION('',(-0.194065986222962,0.980988477501805,0.));
#13092=DIRECTION('',(-0.980988477501805,-0.194065986222962,0.));
#13093=DIRECTION('',(-0.980988477501805,-0.194065986222962,0.));
#13094=DIRECTION('',(0.,0.,1.));
#13095=DIRECTION('',(-0.00100542880649133,0.99999949455633,0.));
#13096=DIRECTION('',(-0.99999949455633,-0.00100542880649133,0.));
#13097=DIRECTION('',(-0.99999949455633,-0.00100542880649133,0.));
#13098=DIRECTION('',(0.,0.,1.));
#13099=DIRECTION('',(-0.19599979959398,0.9806039356229,0.));
#13100=DIRECTION('',(-0.9806039356229,-0.19599979959398,0.));
#13101=DIRECTION('',(-0.9806039356229,-0.19599979959398,0.));
#13102=DIRECTION('',(0.,0.,1.));
#13103=DIRECTION('',(-0.3834297399199,0.92357004853176,0.));
#13104=DIRECTION('',(-0.92357004853176,-0.3834297399199,0.));
#13105=DIRECTION('',(-0.92357004853176,-0.3834297399199,0.));
#13106=DIRECTION('',(0.,0.,1.));
#13107=DIRECTION('',(-0.306113923698092,0.951994887443288,0.));
#13108=DIRECTION('',(-0.951994887443288,-0.306113923698092,0.));
#13109=DIRECTION('',(-0.951994887443288,-0.306113923698092,0.));
#13110=DIRECTION('',(0.,0.,1.));
#13111=DIRECTION('',(-0.485846376014022,0.87404422022804,0.));
#13112=DIRECTION('',(-0.87404422022804,-0.485846376014022,0.));
#13113=DIRECTION('',(-0.87404422022804,-0.485846376014022,0.));
#13114=DIRECTION('',(0.,0.,1.));
#13115=DIRECTION('',(-0.64697345277998,0.762512525403977,0.));
#13116=DIRECTION('',(-0.762512525403977,-0.64697345277998,0.));
#13117=DIRECTION('',(-0.762512525403977,-0.64697345277998,0.));
#13118=DIRECTION('',(0.,0.,1.));
#13119=DIRECTION('',(-0.617711543322092,0.786404761714118,0.));
#13120=DIRECTION('',(-0.786404761714118,-0.617711543322092,0.));
#13121=DIRECTION('',(-0.786404761714118,-0.617711543322092,0.));
#13122=DIRECTION('',(0.,0.,1.));
#13123=DIRECTION('',(-0.759259438035948,0.650788065158955,0.));
#13124=DIRECTION('',(-0.650788065158955,-0.759259438035948,0.));
#13125=DIRECTION('',(-0.650788065158955,-0.759259438035948,0.));
#13126=DIRECTION('',(0.,0.,1.));
#13127=DIRECTION('',(-0.479812341936023,0.877371139556043,0.));
#13128=DIRECTION('',(-0.877371139556043,-0.479812341936023,0.));
#13129=DIRECTION('',(-0.877371139556043,-0.479812341936023,0.));
#13130=DIRECTION('',(0.,0.,1.));
#13131=DIRECTION('',(-0.885931371241936,0.463816348837967,0.));
#13132=DIRECTION('',(-0.463816348837967,-0.885931371241936,0.));
#13133=DIRECTION('',(-0.463816348837967,-0.885931371241936,0.));
#13134=DIRECTION('',(0.,0.,1.));
#13135=DIRECTION('',(-0.871599215792887,0.490219141842936,0.));
#13136=DIRECTION('',(-0.490219141842936,-0.871599215792887,0.));
#13137=DIRECTION('',(-0.490219141842936,-0.871599215792887,0.));
#13138=DIRECTION('',(0.,0.,1.));
#13139=DIRECTION('',(-0.996914334778372,-0.0784971917548393,0.));
#13140=DIRECTION('',(0.0784971917548393,-0.996914334778372,0.));
#13141=DIRECTION('',(0.0784971917548393,-0.996914334778372,0.));
#13142=DIRECTION('',(0.,0.,1.));
#13143=DIRECTION('',(-0.959393499896181,0.282071112234054,0.));
#13144=DIRECTION('',(-0.282071112234054,-0.959393499896181,0.));
#13145=DIRECTION('',(-0.282071112234054,-0.959393499896181,0.));
#13146=DIRECTION('',(0.,0.,1.));
#13147=DIRECTION('',(-0.995992565185786,0.0894360670794408,0.));
#13148=DIRECTION('',(-0.0894360670794408,-0.995992565185786,0.));
#13149=DIRECTION('',(-0.0894360670794408,-0.995992565185786,0.));
#13150=DIRECTION('',(0.,0.,1.));
#13151=DIRECTION('',(-0.980784978628713,0.195091839132943,0.));
#13152=DIRECTION('',(-0.195091839132943,-0.980784978628713,0.));
#13153=DIRECTION('',(-0.195091839132943,-0.980784978628713,0.));
#13154=DIRECTION('',(0.,0.,1.));
#13155=DIRECTION('',(-1.,0.,0.));
#13156=DIRECTION('',(0.,0.,1.));
#13157=DIRECTION('',(0.,1.,0.));
#13158=DIRECTION('',(0.,0.,1.));
#13159=DIRECTION('',(-0.00485569876654624,0.999988211025254,0.));
#13160=DIRECTION('',(-0.999988211025254,-0.00485569876654624,0.));
#13161=DIRECTION('',(-0.999988211025254,-0.00485569876654624,0.));
#13162=DIRECTION('',(0.,0.,1.));
#13163=DIRECTION('',(0.00158137919258223,0.999998749619143,0.));
#13164=DIRECTION('',(-0.999998749619143,0.00158137919258223,0.));
#13165=DIRECTION('',(-0.999998749619143,0.00158137919258223,0.));
#13166=DIRECTION('',(0.,0.,1.));
#13167=DIRECTION('',(0.0159821931656028,0.999872276594174,0.));
#13168=DIRECTION('',(-0.999872276594174,0.0159821931656028,0.));
#13169=DIRECTION('',(-0.999872276594174,0.0159821931656028,0.));
#13170=DIRECTION('',(0.,0.,1.));
#13171=DIRECTION('',(-0.179327755665052,0.983789386021284,0.));
#13172=DIRECTION('',(-0.983789386021284,-0.179327755665052,0.));
#13173=DIRECTION('',(-0.983789386021284,-0.179327755665052,0.));
#13174=DIRECTION('',(0.,0.,1.));
#13175=DIRECTION('',(-0.367778373946893,0.929913473209728,0.));
#13176=DIRECTION('',(-0.929913473209728,-0.367778373946893,0.));
#13177=DIRECTION('',(-0.929913473209728,-0.367778373946893,0.));
#13178=DIRECTION('',(0.,0.,1.));
#13179=DIRECTION('',(-0.264134248248995,0.96448592467798,0.));
#13180=DIRECTION('',(-0.96448592467798,-0.264134248248995,0.));
#13181=DIRECTION('',(-0.96448592467798,-0.264134248248995,0.));
#13182=DIRECTION('',(0.,0.,1.));
#13183=DIRECTION('',(-0.447213595499958,0.894427190999916,0.));
#13184=DIRECTION('',(-0.894427190999916,-0.447213595499958,0.));
#13185=DIRECTION('',(-0.894427190999916,-0.447213595499958,0.));
#13186=DIRECTION('',(0.,0.,1.));
#13187=DIRECTION('',(-0.613081585817806,0.79001960047275,0.));
#13188=DIRECTION('',(-0.79001960047275,-0.613081585817806,0.));
#13189=DIRECTION('',(-0.79001960047275,-0.613081585817806,0.));
#13190=DIRECTION('',(0.,0.,1.));
#13191=DIRECTION('',(-0.498724907858922,0.866760328049865,0.));
#13192=DIRECTION('',(-0.866760328049865,-0.498724907858922,0.));
#13193=DIRECTION('',(-0.866760328049865,-0.498724907858922,0.));
#13194=DIRECTION('',(0.,0.,1.));
#13195=DIRECTION('',(-0.658216908981835,0.752828334170811,0.));
#13196=DIRECTION('',(-0.752828334170811,-0.658216908981835,0.));
#13197=DIRECTION('',(-0.752828334170811,-0.658216908981835,0.));
#13198=DIRECTION('',(0.,0.,1.));
#13199=DIRECTION('',(-0.360031963407083,0.932939968768216,0.));
#13200=DIRECTION('',(-0.932939968768216,-0.360031963407083,0.));
#13201=DIRECTION('',(-0.932939968768216,-0.360031963407083,0.));
#13202=DIRECTION('',(0.,0.,1.));
#13203=DIRECTION('',(-0.817142538782824,0.576435661033876,0.));
#13204=DIRECTION('',(-0.576435661033876,-0.817142538782824,0.));
#13205=DIRECTION('',(-0.576435661033876,-0.817142538782824,0.));
#13206=DIRECTION('',(0.,0.,1.));
#13207=DIRECTION('',(-0.792441058937092,0.609948496277071,0.));
#13208=DIRECTION('',(-0.609948496277071,-0.792441058937092,0.));
#13209=DIRECTION('',(-0.609948496277071,-0.792441058937092,0.));
#13210=DIRECTION('',(0.,0.,1.));
#13211=DIRECTION('',(-0.997835473159651,0.065759930841317,0.));
#13212=DIRECTION('',(-0.065759930841317,-0.997835473159651,0.));
#13213=DIRECTION('',(-0.065759930841317,-0.997835473159651,0.));
#13214=DIRECTION('',(0.,0.,1.));
#13215=DIRECTION('',(-0.913914842448303,0.405905975261134,0.));
#13216=DIRECTION('',(-0.405905975261134,-0.913914842448303,0.));
#13217=DIRECTION('',(-0.405905975261134,-0.913914842448303,0.));
#13218=DIRECTION('',(0.,0.,1.));
#13219=DIRECTION('',(-0.975552539685268,0.219766335715061,0.));
#13220=DIRECTION('',(-0.219766335715061,-0.975552539685268,0.));
#13221=DIRECTION('',(-0.219766335715061,-0.975552539685268,0.));
#13222=DIRECTION('',(0.,0.,1.));
#13223=DIRECTION('',(-0.92346217230274,0.383689479039892,0.));
#13224=DIRECTION('',(-0.383689479039892,-0.92346217230274,0.));
#13225=DIRECTION('',(-0.383689479039892,-0.92346217230274,0.));
#13226=DIRECTION('',(0.,0.,1.));
#13227=DIRECTION('',(-0.980580675690959,0.196116135137992,0.));
#13228=DIRECTION('',(-0.196116135137992,-0.980580675690959,0.));
#13229=DIRECTION('',(-0.196116135137992,-0.980580675690959,0.));
#13230=DIRECTION('',(0.,0.,1.));
#13231=DIRECTION('',(-0.999999489642178,0.00101030459893418,0.));
#13232=DIRECTION('',(-0.00101030459893418,-0.999999489642178,0.));
#13233=DIRECTION('',(-0.00101030459893418,-0.999999489642178,0.));
#13234=DIRECTION('',(0.,0.,1.));
#13235=DIRECTION('',(-0.980789815047111,0.195067523437022,0.));
#13236=DIRECTION('',(-0.195067523437022,-0.980789815047111,0.));
#13237=DIRECTION('',(-0.195067523437022,-0.980789815047111,0.));
#13238=DIRECTION('',(0.,0.,1.));
#13239=DIRECTION('',(-1.,0.,0.));
#13240=DIRECTION('',(0.,0.,1.));
#13241=DIRECTION('',(0.,1.,0.));
#13242=DIRECTION('',(0.,0.,1.));
#13243=DIRECTION('',(-0.000947548323104288,0.999999551075987,0.));
#13244=DIRECTION('',(-0.999999551075987,-0.000947548323104288,0.));
#13245=DIRECTION('',(-0.999999551075987,-0.000947548323104288,0.));
#13246=DIRECTION('',(0.,0.,1.));
#13247=DIRECTION('',(-0.196017557567014,0.980600386052067,0.));
#13248=DIRECTION('',(-0.980600386052067,-0.196017557567014,0.));
#13249=DIRECTION('',(-0.980600386052067,-0.196017557567014,0.));
#13250=DIRECTION('',(0.,0.,1.));
#13251=DIRECTION('',(0.,1.,0.));
#13252=DIRECTION('',(0.,0.,-1.));
#13253=DIRECTION('',(-1.,0.,0.));
#13254=DIRECTION('',(0.,0.,-1.));
#13255=DIRECTION('',(0.195090852694903,0.98078517484451,0.));
#13256=DIRECTION('',(-0.98078517484451,0.195090852694903,0.));
#13257=DIRECTION('',(-0.98078517484451,0.195090852694903,0.));
#13258=DIRECTION('',(0.,0.,1.));
#13259=DIRECTION('',(0.,1.,0.));
#13260=DIRECTION('',(0.,0.,-1.));
#13261=DIRECTION('',(-1.,0.,0.));
#13262=DIRECTION('',(0.,0.,-1.));
#13263=DIRECTION('',(-0.195010630362034,0.980801128693173,0.));
#13264=DIRECTION('',(-0.980801128693173,-0.195010630362034,0.));
#13265=DIRECTION('',(-0.980801128693173,-0.195010630362034,0.));
#13266=DIRECTION('',(0.,0.,1.));
#13267=DIRECTION('',(-0.0895376222034605,0.995983440730894,0.));
#13268=DIRECTION('',(-0.995983440730894,-0.0895376222034605,0.));
#13269=DIRECTION('',(-0.995983440730894,-0.0895376222034605,0.));
#13270=DIRECTION('',(0.,0.,1.));
#13271=DIRECTION('',(-0.28207205462302,0.959393222824066,0.));
#13272=DIRECTION('',(-0.959393222824066,-0.28207205462302,0.));
#13273=DIRECTION('',(-0.959393222824066,-0.28207205462302,0.));
#13274=DIRECTION('',(0.,0.,1.));
#13275=DIRECTION('',(0.,1.,0.));
#13276=DIRECTION('',(0.,0.,-1.));
#13277=DIRECTION('',(-1.,0.,0.));
#13278=DIRECTION('',(0.,0.,-1.));
#13279=DIRECTION('',(-0.555605992861044,0.831445717228066,0.));
#13280=DIRECTION('',(-0.831445717228066,-0.555605992861044,0.));
#13281=DIRECTION('',(-0.831445717228066,-0.555605992861044,0.));
#13282=DIRECTION('',(0.,0.,1.));
#13283=DIRECTION('',(-0.463834242814217,0.885922002883415,0.));
#13284=DIRECTION('',(-0.885922002883415,-0.463834242814217,0.));
#13285=DIRECTION('',(-0.885922002883415,-0.463834242814217,0.));
#13286=DIRECTION('',(0.,0.,1.));
#13287=DIRECTION('',(-0.877872257578313,0.478894872988171,0.));
#13288=DIRECTION('',(-0.478894872988171,-0.877872257578313,0.));
#13289=DIRECTION('',(-0.478894872988171,-0.877872257578313,0.));
#13290=DIRECTION('',(0.,0.,1.));
#13291=DIRECTION('',(-0.707106781186048,0.707106781187048,0.));
#13292=DIRECTION('',(-0.707106781187048,-0.707106781186048,0.));
#13293=DIRECTION('',(-0.707106781187048,-0.707106781186048,0.));
#13294=DIRECTION('',(0.,0.,1.));
#13295=DIRECTION('',(-0.831507269738219,0.555513870549146,0.));
#13296=DIRECTION('',(-0.555513870549146,-0.831507269738219,0.));
#13297=DIRECTION('',(-0.555513870549146,-0.831507269738219,0.));
#13298=DIRECTION('',(0.,0.,1.));
#13299=DIRECTION('',(-0.728112020576968,0.68545815735997,0.));
#13300=DIRECTION('',(-0.68545815735997,-0.728112020576968,0.));
#13301=DIRECTION('',(-0.68545815735997,-0.728112020576968,0.));
#13302=DIRECTION('',(0.,0.,1.));
#13303=DIRECTION('',(-0.847888106429248,0.530175215354155,0.));
#13304=DIRECTION('',(-0.530175215354155,-0.847888106429248,0.));
#13305=DIRECTION('',(-0.530175215354155,-0.847888106429248,0.));
#13306=DIRECTION('',(0.,0.,1.));
#13307=DIRECTION('',(-0.93502173774296,0.354590397427984,0.));
#13308=DIRECTION('',(-0.354590397427984,-0.93502173774296,0.));
#13309=DIRECTION('',(-0.354590397427984,-0.93502173774296,0.));
#13310=DIRECTION('',(0.,0.,1.));
#13311=DIRECTION('',(-0.930069060778452,0.367384733192179,0.));
#13312=DIRECTION('',(-0.367384733192179,-0.930069060778452,0.));
#13313=DIRECTION('',(-0.367384733192179,-0.930069060778452,0.));
#13314=DIRECTION('',(0.,0.,1.));
#13315=DIRECTION('',(-0.983868938362912,0.178890782670984,0.));
#13316=DIRECTION('',(-0.178890782670984,-0.983868938362912,0.));
#13317=DIRECTION('',(-0.178890782670984,-0.983868938362912,0.));
#13318=DIRECTION('',(0.,0.,1.));
#13319=DIRECTION('',(-0.980767686585935,0.195178751273987,0.));
#13320=DIRECTION('',(-0.195178751273987,-0.980767686585935,0.));
#13321=DIRECTION('',(-0.195178751273987,-0.980767686585935,0.));
#13322=DIRECTION('',(0.,0.,1.));
#13323=DIRECTION('',(-1.,-8.968602712854E-15,0.));
#13324=DIRECTION('',(8.968602712854E-15,-1.,0.));
#13325=DIRECTION('',(8.968602712854E-15,-1.,0.));
#13326=DIRECTION('',(0.,0.,1.));
#13327=DIRECTION('',(-0.999861877521328,0.0166200445103155,0.));
#13328=DIRECTION('',(-0.0166200445103155,-0.999861877521328,0.));
#13329=DIRECTION('',(-0.0166200445103155,-0.999861877521328,0.));
#13330=DIRECTION('',(0.,0.,1.));
#13331=DIRECTION('',(-0.983887563412019,-0.178788317748003,0.));
#13332=DIRECTION('',(0.178788317748003,-0.983887563412019,0.));
#13333=DIRECTION('',(0.178788317748003,-0.983887563412019,0.));
#13334=DIRECTION('',(0.,0.,1.));
#13335=DIRECTION('',(-0.991554096658929,0.129693767771991,0.));
#13336=DIRECTION('',(-0.129693767771991,-0.991554096658929,0.));
#13337=DIRECTION('',(-0.129693767771991,-0.991554096658929,0.));
#13338=DIRECTION('',(0.,0.,1.));
#13339=DIRECTION('',(-0.896235635717843,-0.443578274117922,0.));
#13340=DIRECTION('',(0.443578274117922,-0.896235635717843,0.));
#13341=DIRECTION('',(0.443578274117922,-0.896235635717843,0.));
#13342=DIRECTION('',(0.,0.,1.));
#13343=DIRECTION('',(-0.930175032861556,-0.367116341560825,0.));
#13344=DIRECTION('',(0.367116341560825,-0.930175032861556,0.));
#13345=DIRECTION('',(0.367116341560825,-0.930175032861556,0.));
#13346=DIRECTION('',(0.,0.,1.));
#13347=DIRECTION('',(-0.568896063655979,-0.822409428907969,0.));
#13348=DIRECTION('',(0.822409428907969,-0.568896063655979,0.));
#13349=DIRECTION('',(0.822409428907969,-0.568896063655979,0.));
#13350=DIRECTION('',(0.,0.,1.));
#13351=DIRECTION('',(-0.792582035615393,-0.609765296503302,0.));
#13352=DIRECTION('',(0.609765296503302,-0.792582035615393,0.));
#13353=DIRECTION('',(0.609765296503302,-0.792582035615393,0.));
#13354=DIRECTION('',(0.,0.,1.));
#13355=DIRECTION('',(-0.962373790407122,-0.271729070100034,0.));
#13356=DIRECTION('',(0.271729070100034,-0.962373790407122,0.));
#13357=DIRECTION('',(0.271729070100034,-0.962373790407122,0.));
#13358=DIRECTION('',(0.,0.,1.));
#13359=DIRECTION('',(-0.64677132683917,-0.7626839783152,0.));
#13360=DIRECTION('',(0.7626839783152,-0.64677132683917,0.));
#13361=DIRECTION('',(0.7626839783152,-0.64677132683917,0.));
#13362=DIRECTION('',(0.,0.,1.));
#13363=DIRECTION('',(-0.658466780750071,-0.752609791757082,0.));
#13364=DIRECTION('',(0.752609791757082,-0.658466780750071,0.));
#13365=DIRECTION('',(0.752609791757082,-0.658466780750071,0.));
#13366=DIRECTION('',(0.,0.,1.));
#13367=DIRECTION('',(-0.129176757996944,-0.991621583666571,0.));
#13368=DIRECTION('',(0.991621583666571,-0.129176757996944,0.));
#13369=DIRECTION('',(0.991621583666571,-0.129176757996944,0.));
#13370=DIRECTION('',(0.,0.,1.));
#13371=DIRECTION('',(-0.485642931178717,-0.874157276121491,0.));
#13372=DIRECTION('',(0.874157276121491,-0.485642931178717,0.));
#13373=DIRECTION('',(0.874157276121491,-0.485642931178717,0.));
#13374=DIRECTION('',(0.,0.,1.));
#13375=DIRECTION('',(-0.305757648580913,-0.952109374144731,0.));
#13376=DIRECTION('',(0.952109374144731,-0.305757648580913,0.));
#13377=DIRECTION('',(0.952109374144731,-0.305757648580913,0.));
#13378=DIRECTION('',(0.,0.,1.));
#13379=DIRECTION('',(-0.383529850003962,-0.923528480424908,0.));
#13380=DIRECTION('',(0.923528480424908,-0.383529850003962,0.));
#13381=DIRECTION('',(0.923528480424908,-0.383529850003962,0.));
#13382=DIRECTION('',(0.,0.,1.));
#13383=DIRECTION('',(-0.19599979959398,-0.9806039356229,0.));
#13384=DIRECTION('',(0.9806039356229,-0.19599979959398,0.));
#13385=DIRECTION('',(0.9806039356229,-0.19599979959398,0.));
#13386=DIRECTION('',(0.,0.,1.));
#13387=DIRECTION('',(-0.000808570587387997,-0.999999673106749,0.));
#13388=DIRECTION('',(0.999999673106749,-0.000808570587387997,0.));
#13389=DIRECTION('',(0.999999673106749,-0.000808570587387997,0.));
#13390=DIRECTION('',(0.,0.,1.));
#13391=DIRECTION('',(-0.195222179206968,-0.980759043162837,0.));
#13392=DIRECTION('',(0.980759043162837,-0.195222179206968,0.));
#13393=DIRECTION('',(0.980759043162837,-0.195222179206968,0.));
#13394=DIRECTION('',(0.,0.,1.));
#13395=DIRECTION('',(0.,-1.,0.));
#13396=DIRECTION('',(0.,0.,1.));
#13397=DIRECTION('',(-1.,0.,0.));
#13398=DIRECTION('',(0.,0.,1.));
#13399=DIRECTION('',(0.19509085269394,-0.980785174844701,0.));
#13400=DIRECTION('',(0.980785174844701,0.19509085269394,0.));
#13401=DIRECTION('',(0.980785174844701,0.19509085269394,0.));
#13402=DIRECTION('',(0.,0.,1.));
#13403=DIRECTION('',(0.,-1.,0.));
#13404=DIRECTION('',(0.,0.,1.));
#13405=DIRECTION('',(-1.,0.,0.));
#13406=DIRECTION('',(0.,0.,1.));
#13407=DIRECTION('',(-0.19509085269394,-0.980785174844701,0.));
#13408=DIRECTION('',(0.980785174844701,-0.19509085269394,0.));
#13409=DIRECTION('',(0.980785174844701,-0.19509085269394,0.));
#13410=DIRECTION('',(0.,0.,1.));
#13411=DIRECTION('',(0.,-1.,0.));
#13412=DIRECTION('',(0.,0.,1.));
#13413=DIRECTION('',(-1.,0.,0.));
#13414=DIRECTION('',(0.,0.,1.));
#13415=DIRECTION('',(-0.808686600166937,-0.588239732345954,0.));
#13416=DIRECTION('',(0.588239732345954,-0.808686600166937,0.));
#13417=DIRECTION('',(0.588239732345954,-0.808686600166937,0.));
#13418=DIRECTION('',(0.,0.,1.));
#13419=DIRECTION('',(-0.678367249966333,-0.734722991455361,0.));
#13420=DIRECTION('',(0.734722991455361,-0.678367249966333,0.));
#13421=DIRECTION('',(0.734722991455361,-0.678367249966333,0.));
#13422=DIRECTION('',(0.,0.,1.));
#13423=DIRECTION('',(-0.765054970630923,-0.643964977240935,0.));
#13424=DIRECTION('',(0.643964977240935,-0.765054970630923,0.));
#13425=DIRECTION('',(0.643964977240935,-0.765054970630923,0.));
#13426=DIRECTION('',(0.,0.,1.));
#13427=DIRECTION('',(-0.62469504755418,-0.780868809443226,0.));
#13428=DIRECTION('',(0.780868809443226,-0.62469504755418,0.));
#13429=DIRECTION('',(0.780868809443226,-0.62469504755418,0.));
#13430=DIRECTION('',(0.,0.,1.));
#13431=DIRECTION('',(-0.460329440924288,-0.887748165764555,0.));
#13432=DIRECTION('',(0.887748165764555,-0.460329440924288,0.));
#13433=DIRECTION('',(0.887748165764555,-0.460329440924288,0.));
#13434=DIRECTION('',(0.,0.,1.));
#13435=DIRECTION('',(-0.464129123380957,-0.885767552368918,0.));
#13436=DIRECTION('',(0.885767552368918,-0.464129123380957,0.));
#13437=DIRECTION('',(0.885767552368918,-0.464129123380957,0.));
#13438=DIRECTION('',(0.,0.,1.));
#13439=DIRECTION('',(-0.282392537127036,-0.959298939317122,0.));
#13440=DIRECTION('',(0.959298939317122,-0.282392537127036,0.));
#13441=DIRECTION('',(0.959298939317122,-0.282392537127036,0.));
#13442=DIRECTION('',(0.,0.,1.));
#13443=DIRECTION('',(-0.324031297813039,-0.946046361463114,0.));
#13444=DIRECTION('',(0.946046361463114,-0.324031297813039,0.));
#13445=DIRECTION('',(0.946046361463114,-0.324031297813039,0.));
#13446=DIRECTION('',(0.,0.,1.));
#13447=DIRECTION('',(-0.133223703108005,-0.991085992702041,0.));
#13448=DIRECTION('',(0.991085992702041,-0.133223703108005,0.));
#13449=DIRECTION('',(0.991085992702041,-0.133223703108005,0.));
#13450=DIRECTION('',(0.,0.,1.));
#13451=DIRECTION('',(-0.217096146009008,-0.976150225830039,0.));
#13452=DIRECTION('',(0.976150225830039,-0.217096146009008,0.));
#13453=DIRECTION('',(0.976150225830039,-0.217096146009008,0.));
#13454=DIRECTION('',(0.,0.,1.));
#13455=DIRECTION('',(-0.500402545236033,-0.865792869410057,0.));
#13456=DIRECTION('',(0.865792869410057,-0.500402545236033,0.));
#13457=DIRECTION('',(0.865792869410057,-0.500402545236033,0.));
#13458=DIRECTION('',(0.,0.,1.));
#13459=DIRECTION('',(-0.534250298880191,-0.845326338254302,0.));
#13460=DIRECTION('',(0.845326338254302,-0.534250298880191,0.));
#13461=DIRECTION('',(0.845326338254302,-0.534250298880191,0.));
#13462=DIRECTION('',(0.,0.,1.));
#13463=DIRECTION('',(-0.358832130430915,-0.933402111723779,0.));
#13464=DIRECTION('',(0.933402111723779,-0.358832130430915,0.));
#13465=DIRECTION('',(0.933402111723779,-0.358832130430915,0.));
#13466=DIRECTION('',(0.,0.,1.));
#13467=DIRECTION('',(-0.169673045265038,-0.98550040979722,0.));
#13468=DIRECTION('',(0.98550040979722,-0.169673045265038,0.));
#13469=DIRECTION('',(0.98550040979722,-0.169673045265038,0.));
#13470=DIRECTION('',(0.,0.,1.));
#13471=DIRECTION('',(-0.306363336505848,-0.951914652710528,0.));
#13472=DIRECTION('',(0.951914652710528,-0.306363336505848,0.));
#13473=DIRECTION('',(0.951914652710528,-0.306363336505848,0.));
#13474=DIRECTION('',(0.,0.,1.));
#13475=DIRECTION('',(-0.11459725808597,-0.993412033568739,0.));
#13476=DIRECTION('',(0.993412033568739,-0.11459725808597,0.));
#13477=DIRECTION('',(0.993412033568739,-0.11459725808597,0.));
#13478=DIRECTION('',(0.,0.,1.));
#13479=DIRECTION('',(0.0815753989996719,-0.996667173272023,0.));
#13480=DIRECTION('',(0.996667173272023,0.0815753989996719,0.));
#13481=DIRECTION('',(0.996667173272023,0.0815753989996719,0.));
#13482=DIRECTION('',(0.,0.,1.));
#13483=DIRECTION('',(-0.00658486974716222,-0.999978319510185,0.));
#13484=DIRECTION('',(0.999978319510185,-0.00658486974716222,0.));
#13485=DIRECTION('',(0.999978319510185,-0.00658486974716222,0.));
#13486=DIRECTION('',(0.,0.,1.));
#13487=DIRECTION('',(0.188760959341904,-0.982023065018498,0.));
#13488=DIRECTION('',(0.982023065018498,0.188760959341904,0.));
#13489=DIRECTION('',(0.982023065018498,0.188760959341904,0.));
#13490=DIRECTION('',(0.,0.,1.));
#13491=DIRECTION('',(0.376778347889982,-0.926303447343955,0.));
#13492=DIRECTION('',(0.926303447343955,0.376778347889982,0.));
#13493=DIRECTION('',(0.926303447343955,0.376778347889982,0.));
#13494=DIRECTION('',(0.,0.,1.));
#13495=DIRECTION('',(0.312737026573152,-0.949839750805463,0.));
#13496=DIRECTION('',(0.949839750805463,0.312737026573152,0.));
#13497=DIRECTION('',(0.949839750805463,0.312737026573152,0.));
#13498=DIRECTION('',(0.,0.,1.));
#13499=DIRECTION('',(0.492134219420058,-0.870519333545103,0.));
#13500=DIRECTION('',(0.870519333545103,0.492134219420058,0.));
#13501=DIRECTION('',(0.870519333545103,0.492134219420058,0.));
#13502=DIRECTION('',(0.,0.,1.));
#13503=DIRECTION('',(0.652552314733857,-0.757743674691835,0.));
#13504=DIRECTION('',(0.757743674691835,0.652552314733857,0.));
#13505=DIRECTION('',(0.757743674691835,0.652552314733857,0.));
#13506=DIRECTION('',(0.,0.,1.));
#13507=DIRECTION('',(0.51107539287689,-0.859535888020816,0.));
#13508=DIRECTION('',(0.859535888020816,0.51107539287689,0.));
#13509=DIRECTION('',(0.859535888020816,0.51107539287689,0.));
#13510=DIRECTION('',(0.,0.,1.));
#13511=DIRECTION('',(0.668964731622284,-0.743294146247316,0.));
#13512=DIRECTION('',(0.743294146247316,0.668964731622284,0.));
#13513=DIRECTION('',(0.743294146247316,0.668964731622284,0.));
#13514=DIRECTION('',(0.,0.,1.));
#13515=DIRECTION('',(0.635469094104967,-0.77212630471796,0.));
#13516=DIRECTION('',(0.77212630471796,0.635469094104967,0.));
#13517=DIRECTION('',(0.77212630471796,0.635469094104967,0.));
#13518=DIRECTION('',(0.,0.,1.));
#13519=DIRECTION('',(0.773918619663505,-0.633285062304595,0.));
#13520=DIRECTION('',(0.633285062304595,0.773918619663505,0.));
#13521=DIRECTION('',(0.633285062304595,0.773918619663505,0.));
#13522=DIRECTION('',(0.,0.,1.));
#13523=DIRECTION('',(0.752243531046261,-0.658885172089229,0.));
#13524=DIRECTION('',(0.658885172089229,0.752243531046261,0.));
#13525=DIRECTION('',(0.658885172089229,0.752243531046261,0.));
#13526=DIRECTION('',(0.,0.,1.));
#13527=DIRECTION('',(0.866344095970956,-0.499447602232975,0.));
#13528=DIRECTION('',(0.499447602232975,0.866344095970956,0.));
#13529=DIRECTION('',(0.499447602232975,0.866344095970956,0.));
#13530=DIRECTION('',(0.,0.,1.));
#13531=DIRECTION('',(0.,0.,1.));
#13532=DIRECTION('',(1.,0.,0.));
#13533=DIRECTION('',(0.,1.,0.));
#13534=DIRECTION('',(-0.938138017019179,0.346261550021544,0.));
#13535=DIRECTION('',(-1.,0.,0.));
#13536=DIRECTION('',(0.,0.,1.));
#13537=DIRECTION('',(0.,-1.,0.));
#13538=DIRECTION('',(0.,1.,0.));
#13539=DIRECTION('',(0.346261550024969,0.938138017017915,0.));
#13540=DIRECTION('',(-0.938138017017915,0.346261550024969,0.));
#13541=DIRECTION('',(-0.938138017017915,0.346261550024969,0.));
#13542=DIRECTION('',(0.,0.,1.));
#13543=DIRECTION('',(-0.938138017017915,0.346261550024969,0.));
#13544=DIRECTION('',(0.789676695251843,-0.613523200030878,0.));
#13545=DIRECTION('',(0.613523200030878,0.789676695251843,0.));
#13546=DIRECTION('',(0.,0.,1.));
#13547=DIRECTION('',(0.894243114654268,-0.447581558929134,0.));
#13548=DIRECTION('',(0.447581558929134,0.894243114654268,0.));
#13549=DIRECTION('',(0.,0.,1.));
#13550=DIRECTION('',(0.964351904157127,-0.264623137591035,0.));
#13551=DIRECTION('',(0.264623137591035,0.964351904157127,0.));
#13552=DIRECTION('',(0.128118384000303,0.466894953676444,0.874982732351114));
#13553=DIRECTION('',(0.,0.,1.));
#13554=DIRECTION('',(0.889531712825543,-0.456873430916765,0.));
#13555=DIRECTION('',(0.456873430916765,0.889531712825543,0.));
#13556=DIRECTION('',(0.222086715046159,0.432402417516223,0.873902534797864));
#13557=DIRECTION('',(0.,0.,1.));
#13558=DIRECTION('',(0.961556244062042,-0.274608065259012,0.));
#13559=DIRECTION('',(0.274608065259012,0.961556244062042,0.));
#13560=DIRECTION('',(0.,0.,1.));
#13561=DIRECTION('',(0.943371479898154,-0.331738226490055,0.));
#13562=DIRECTION('',(0.331738226490055,0.943371479898154,0.));
#13563=DIRECTION('',(0.943371479898154,-0.331738226490055,0.));
#13564=DIRECTION('',(-0.331738226490055,-0.943371479898154,0.));
#13565=DIRECTION('',(0.,0.,1.));
#13566=DIRECTION('',(0.989958217719626,-0.141360274367947,0.));
#13567=DIRECTION('',(0.141360274367947,0.989958217719626,0.));
#13568=DIRECTION('',(0.,0.,1.));
#13569=DIRECTION('',(0.998514440560162,0.0544877233221089,0.));
#13570=DIRECTION('',(-0.0544877233221089,0.998514440560162,0.));
#13571=DIRECTION('',(0.,0.,1.));
#13572=DIRECTION('',(0.7999592332363,0.600054351838225,0.));
#13573=DIRECTION('',(-0.600054351838225,0.7999592332363,0.));
#13574=DIRECTION('',(0.7999592332363,0.600054351838225,0.));
#13575=DIRECTION('',(0.600054351838225,-0.7999592332363,0.));
#13576=DIRECTION('',(0.832054314552606,-0.554694165855738,0.));
#13577=DIRECTION('',(0.554694165855738,0.832054314552606,0.));
#13578=DIRECTION('',(0.554694165855738,0.832054314552606,0.));
#13579=DIRECTION('',(0.,0.,1.));
#13580=DIRECTION('',(0.999999474515832,0.00102516733285283,0.));
#13581=DIRECTION('',(-0.00102516733285283,0.999999474515832,0.));
#13582=DIRECTION('',(-0.00102516733285283,0.999999474515832,0.));
#13583=DIRECTION('',(0.,0.,1.));
#13584=DIRECTION('',(0.980580675690959,0.196116135137992,0.));
#13585=DIRECTION('',(-0.196116135137992,0.980580675690959,0.));
#13586=DIRECTION('',(-0.196116135137992,0.980580675690959,0.));
#13587=DIRECTION('',(0.,0.,1.));
#13588=DIRECTION('',(0.923505900713056,0.383584216761023,0.));
#13589=DIRECTION('',(-0.383584216761023,0.923505900713056,0.));
#13590=DIRECTION('',(-0.383584216761023,0.923505900713056,0.));
#13591=DIRECTION('',(0.,0.,1.));
#13592=DIRECTION('',(0.952178288188022,0.305542971615007,0.));
#13593=DIRECTION('',(-0.305542971615007,0.952178288188022,0.));
#13594=DIRECTION('',(-0.305542971615007,0.952178288188022,0.));
#13595=DIRECTION('',(0.,0.,1.));
#13596=DIRECTION('',(0.87429998231317,0.485385971086094,0.));
#13597=DIRECTION('',(-0.485385971086094,0.87429998231317,0.));
#13598=DIRECTION('',(-0.485385971086094,0.87429998231317,0.));
#13599=DIRECTION('',(0.,0.,1.));
#13600=DIRECTION('',(0.762868249182909,0.646553968658923,0.));
#13601=DIRECTION('',(-0.646553968658923,0.762868249182909,0.));
#13602=DIRECTION('',(-0.646553968658923,0.762868249182909,0.));
#13603=DIRECTION('',(0.,0.,1.));
#13604=DIRECTION('',(0.786086552822948,0.618116438440959,0.));
#13605=DIRECTION('',(-0.618116438440959,0.786086552822948,0.));
#13606=DIRECTION('',(-0.618116438440959,0.786086552822948,0.));
#13607=DIRECTION('',(0.,0.,1.));
#13608=DIRECTION('',(0.650460649099612,0.759539955481547,0.));
#13609=DIRECTION('',(-0.759539955481547,0.650460649099612,0.));
#13610=DIRECTION('',(-0.759539955481547,0.650460649099612,0.));
#13611=DIRECTION('',(0.,0.,1.));
#13612=DIRECTION('',(0.489805398146137,0.871831791085244,0.));
#13613=DIRECTION('',(-0.871831791085244,0.489805398146137,0.));
#13614=DIRECTION('',(-0.871831791085244,0.489805398146137,0.));
#13615=DIRECTION('',(0.,0.,1.));
#13616=DIRECTION('',(0.510558922950752,0.859842768298582,0.));
#13617=DIRECTION('',(-0.859842768298582,0.510558922950752,0.));
#13618=DIRECTION('',(-0.859842768298582,0.510558922950752,0.));
#13619=DIRECTION('',(0.,0.,1.));
#13620=DIRECTION('',(0.333017040469014,0.94292080831704,0.));
#13621=DIRECTION('',(-0.94292080831704,0.333017040469014,0.));
#13622=DIRECTION('',(-0.94292080831704,0.333017040469014,0.));
#13623=DIRECTION('',(0.,0.,1.));
#13624=DIRECTION('',(0.142761387352973,0.989757134998811,0.));
#13625=DIRECTION('',(-0.989757134998811,0.142761387352973,0.));
#13626=DIRECTION('',(-0.989757134998811,0.142761387352973,0.));
#13627=DIRECTION('',(0.,0.,1.));
#13628=DIRECTION('',(0.194570096689896,0.980888616242479,0.));
#13629=DIRECTION('',(-0.980888616242479,0.194570096689896,0.));
#13630=DIRECTION('',(-0.980888616242479,0.194570096689896,0.));
#13631=DIRECTION('',(0.,0.,1.));
#13632=DIRECTION('',(1.,0.,0.));
#13633=DIRECTION('',(0.,1.,0.));
#13634=DIRECTION('',(0.938138017017915,-0.346261550024969,0.));
#13635=DIRECTION('',(0.,1.,0.));
#13636=DIRECTION('',(0.,0.,1.));
#13637=DIRECTION('',(0.,-1.,0.));
#13638=DIRECTION('',(0.,0.,-1.));
#13639=DIRECTION('',(-0.938138017017915,0.346261550024969,0.));
#13640=DIRECTION('',(0.346261550024969,0.938138017017915,0.));
#13641=DIRECTION('',(0.938138017017915,-0.346261550024969,0.));
#13642=DIRECTION('',(-0.346261550024969,-0.938138017017915,0.));
#13643=DIRECTION('',(0.341743063087106,0.939793423488291,0.));
#13644=DIRECTION('',(-0.939793423488291,0.341743063087106,0.));
#13645=DIRECTION('',(0.,0.,1.));
#13646=DIRECTION('',(0.,0.,1.));
#13647=DIRECTION('',(0.429933580392037,0.902860518824078,0.));
#13648=DIRECTION('',(-0.902860518824078,0.429933580392037,0.));
#13649=DIRECTION('',(0.,0.,1.));
#13650=DIRECTION('',(0.564683915591919,0.825307261249881,0.));
#13651=DIRECTION('',(-0.825307261249881,0.564683915591919,0.));
#13652=DIRECTION('',(0.,0.,1.));
#13653=DIRECTION('',(0.757768802353173,0.652523135360149,0.));
#13654=DIRECTION('',(-0.652523135360149,0.757768802353173,0.));
#13655=DIRECTION('',(0.,0.,1.));
#13656=DIRECTION('',(0.910366477462742,0.413802944300882,0.));
#13657=DIRECTION('',(-0.413802944300882,0.910366477462742,0.));
#13658=DIRECTION('',(0.,0.,1.));
#13659=DIRECTION('',(0.985211754819726,0.171341174750952,0.));
#13660=DIRECTION('',(-0.171341174750952,0.985211754819726,0.));
#13661=DIRECTION('',(0.,0.,1.));
#13662=DIRECTION('',(0.985821169784183,-0.167799348048031,0.));
#13663=DIRECTION('',(0.167799348048031,0.985821169784183,0.));
#13664=DIRECTION('',(0.,0.,1.));
#13665=DIRECTION('',(0.902860518824078,-0.429933580392037,0.));
#13666=DIRECTION('',(0.429933580392037,0.902860518824078,0.));
#13667=DIRECTION('',(0.,0.,1.));
#13668=DIRECTION('',(0.819231920519181,-0.573462344363127,0.));
#13669=DIRECTION('',(0.573462344363127,0.819231920519181,0.));
#13670=DIRECTION('',(0.,0.,1.));
#13671=DIRECTION('',(0.766520481180297,-0.642219862610249,0.));
#13672=DIRECTION('',(0.642219862610249,0.766520481180297,0.));
#13673=DIRECTION('',(0.,0.,1.));
#13674=DIRECTION('',(0.640184399664972,-0.768221279596966,0.));
#13675=DIRECTION('',(0.768221279596966,0.640184399664972,0.));
#13676=DIRECTION('',(0.,0.,1.));
#13677=DIRECTION('',(0.564683915591919,-0.825307261249881,0.));
#13678=DIRECTION('',(0.825307261249881,0.564683915591919,0.));
#13679=DIRECTION('',(0.,0.,1.));
#13680=DIRECTION('',(0.341743063087106,-0.939793423488291,0.));
#13681=DIRECTION('',(0.939793423488291,0.341743063087106,0.));
#13682=DIRECTION('',(0.,0.,1.));
#13683=DIRECTION('',(0.0830454798532335,-0.996545758244922,0.));
#13684=DIRECTION('',(0.996545758244922,0.0830454798532335,0.));
#13685=DIRECTION('',(0.,0.,1.));
#13686=DIRECTION('',(0.,-1.,0.));
#13687=DIRECTION('',(0.,0.,1.));
#13688=DIRECTION('',(0.,0.,1.));
#13689=DIRECTION('',(-0.171341174750952,-0.985211754819726,0.));
#13690=DIRECTION('',(0.985211754819726,-0.171341174750952,0.));
#13691=DIRECTION('',(0.,0.,1.));
#13692=DIRECTION('',(-0.418143605528155,-0.908380936147338,0.));
#13693=DIRECTION('',(0.908380936147338,-0.418143605528155,0.));
#13694=DIRECTION('',(0.,0.,1.));
#13695=DIRECTION('',(-0.413802944300882,-0.910366477462742,0.));
#13696=DIRECTION('',(0.910366477462742,-0.413802944300882,0.));
#13697=DIRECTION('',(0.,0.,1.));
#13698=DIRECTION('',(-0.564683915591919,-0.825307261249881,0.));
#13699=DIRECTION('',(0.825307261249881,-0.564683915591919,0.));
#13700=DIRECTION('',(0.,0.,1.));
#13701=DIRECTION('',(-0.707106781186548,-0.707106781186548,0.));
#13702=DIRECTION('',(0.707106781186548,-0.707106781186548,0.));
#13703=DIRECTION('',(0.,0.,1.));
#13704=DIRECTION('',(-0.863014469346924,-0.505179201568956,0.));
#13705=DIRECTION('',(0.505179201568956,-0.863014469346924,0.));
#13706=DIRECTION('',(0.,0.,1.));
#13707=DIRECTION('',(-0.905458935958784,-0.424433876230899,0.));
#13708=DIRECTION('',(0.424433876230899,-0.905458935958784,0.));
#13709=DIRECTION('',(0.,0.,1.));
#13710=DIRECTION('',(-0.985821169784183,-0.167799348048031,0.));
#13711=DIRECTION('',(0.167799348048031,-0.985821169784183,0.));
#13712=DIRECTION('',(0.,0.,1.));
#13713=DIRECTION('',(-0.996545758244887,-0.0830454798536506,0.));
#13714=DIRECTION('',(0.0830454798536506,-0.996545758244887,0.));
#13715=DIRECTION('',(0.,0.,1.));
#13716=DIRECTION('',(-0.99624058819569,0.086629616364763,0.));
#13717=DIRECTION('',(-0.086629616364763,-0.99624058819569,0.));
#13718=DIRECTION('',(0.,0.,1.));
#13719=DIRECTION('',(-0.967617272396855,0.252421897146962,0.));
#13720=DIRECTION('',(-0.252421897146962,-0.967617272396855,0.));
#13721=DIRECTION('',(0.,0.,1.));
#13722=DIRECTION('',(-0.942214690279064,0.335009667655022,0.));
#13723=DIRECTION('',(-0.335009667655022,-0.942214690279064,0.));
#13724=DIRECTION('',(0.,0.,1.));
#13725=DIRECTION('',(-0.863014469346924,0.505179201568956,0.));
#13726=DIRECTION('',(-0.505179201568956,-0.863014469346924,0.));
#13727=DIRECTION('',(0.,0.,1.));
#13728=DIRECTION('',(-0.805055837353167,0.593199038050123,0.));
#13729=DIRECTION('',(-0.593199038050123,-0.805055837353167,0.));
#13730=DIRECTION('',(0.,0.,1.));
#13731=DIRECTION('',(-0.707106781186548,0.707106781186548,0.));
#13732=DIRECTION('',(-0.707106781186548,-0.707106781186548,0.));
#13733=DIRECTION('',(0.,0.,1.));
#13734=DIRECTION('',(-0.640184399664382,0.768221279597458,0.));
#13735=DIRECTION('',(-0.768221279597458,-0.640184399664382,0.));
#13736=DIRECTION('',(0.,0.,1.));
#13737=DIRECTION('',(-0.489250974282892,0.872143041113808,0.));
#13738=DIRECTION('',(-0.872143041113808,-0.489250974282892,0.));
#13739=DIRECTION('',(0.,0.,1.));
#13740=DIRECTION('',(-0.413802944300882,0.910366477462742,0.));
#13741=DIRECTION('',(-0.910366477462742,-0.413802944300882,0.));
#13742=DIRECTION('',(0.,0.,1.));
#13743=DIRECTION('',(-0.171341174750952,0.985211754819726,0.));
#13744=DIRECTION('',(-0.985211754819726,-0.171341174750952,0.));
#13745=DIRECTION('',(0.,0.,1.));
#13746=DIRECTION('',(0.08304547985374,0.99654575824488,0.));
#13747=DIRECTION('',(-0.99654575824488,0.08304547985374,0.));
#13748=DIRECTION('',(0.,0.,1.));
#13749=DIRECTION('',(0.252421897146962,0.967617272396855,0.));
#13750=DIRECTION('',(-0.967617272396855,0.252421897146962,0.));
#13751=DIRECTION('',(-0.757768802353173,0.652523135360149,0.));
#13752=DIRECTION('',(-0.652523135360149,-0.757768802353173,0.));
#13753=DIRECTION('',(0.,0.,1.));
#13754=DIRECTION('',(0.,0.,1.));
#13755=DIRECTION('',(-0.593199038050123,0.805055837353167,0.));
#13756=DIRECTION('',(-0.805055837353167,-0.593199038050123,0.));
#13757=DIRECTION('',(0.,0.,1.));
#13758=DIRECTION('',(-0.505179201568956,0.863014469346924,0.));
#13759=DIRECTION('',(-0.863014469346924,-0.505179201568956,0.));
#13760=DIRECTION('',(0.,0.,1.));
#13761=DIRECTION('',(-0.413802944300882,0.910366477462742,0.));
#13762=DIRECTION('',(-0.910366477462742,-0.413802944300882,0.));
#13763=DIRECTION('',(0.,0.,1.));
#13764=DIRECTION('',(-0.26311740579194,0.964763821237778,0.));
#13765=DIRECTION('',(-0.964763821237778,-0.26311740579194,0.));
#13766=DIRECTION('',(0.,0.,1.));
#13767=DIRECTION('',(-0.171341174750952,0.985211754819726,0.));
#13768=DIRECTION('',(-0.985211754819726,-0.171341174750952,0.));
#13769=DIRECTION('',(0.,0.,1.));
#13770=DIRECTION('',(-0.08304547985372,0.996545758244881,0.));
#13771=DIRECTION('',(-0.996545758244881,-0.08304547985372,0.));
#13772=DIRECTION('',(0.,0.,1.));
#13773=DIRECTION('',(0.0830454798539187,0.996545758244865,0.));
#13774=DIRECTION('',(-0.996545758244865,0.0830454798539187,0.));
#13775=DIRECTION('',(0.,0.,1.));
#13776=DIRECTION('',(0.167799348048031,0.985821169784183,0.));
#13777=DIRECTION('',(-0.985821169784183,0.167799348048031,0.));
#13778=DIRECTION('',(0.,0.,1.));
#13779=DIRECTION('',(0.252421897146962,0.967617272396855,0.));
#13780=DIRECTION('',(-0.967617272396855,0.252421897146962,0.));
#13781=DIRECTION('',(0.,0.,1.));
#13782=DIRECTION('',(0.514495755427674,0.857492925712456,0.));
#13783=DIRECTION('',(-0.857492925712456,0.514495755427674,0.));
#13784=DIRECTION('',(0.,0.,1.));
#13785=DIRECTION('',(0.707106781187048,0.707106781186048,0.));
#13786=DIRECTION('',(-0.707106781186048,0.707106781187048,0.));
#13787=DIRECTION('',(0.,0.,1.));
#13788=DIRECTION('',(0.757768802353173,0.652523135360149,0.));
#13789=DIRECTION('',(-0.652523135360149,0.757768802353173,0.));
#13790=DIRECTION('',(0.,0.,1.));
#13791=DIRECTION('',(0.863014469346924,0.505179201568956,0.));
#13792=DIRECTION('',(-0.505179201568956,0.863014469346924,0.));
#13793=DIRECTION('',(0.,0.,1.));
#13794=DIRECTION('',(0.910366477462742,0.413802944300882,0.));
#13795=DIRECTION('',(-0.413802944300882,0.910366477462742,0.));
#13796=DIRECTION('',(0.,0.,1.));
#13797=DIRECTION('',(0.964763821237778,0.26311740579194,0.));
#13798=DIRECTION('',(-0.26311740579194,0.964763821237778,0.));
#13799=DIRECTION('',(0.,0.,1.));
#13800=DIRECTION('',(0.985211754819726,0.171341174750952,0.));
#13801=DIRECTION('',(-0.171341174750952,0.985211754819726,0.));
#13802=DIRECTION('',(0.,0.,1.));
#13803=DIRECTION('',(1.,0.,0.));
#13804=DIRECTION('',(0.,0.,-1.));
#13805=DIRECTION('',(0.,0.,-1.));
#13806=DIRECTION('',(0.985211754819726,-0.171341174750952,0.));
#13807=DIRECTION('',(0.171341174750952,0.985211754819726,0.));
#13808=DIRECTION('',(0.,0.,1.));
#13809=DIRECTION('',(0.939793423488291,-0.341743063087106,0.));
#13810=DIRECTION('',(0.341743063087106,0.939793423488291,0.));
#13811=DIRECTION('',(0.,0.,1.));
#13812=DIRECTION('',(0.863014469346924,-0.505179201568956,0.));
#13813=DIRECTION('',(0.505179201568956,0.863014469346924,0.));
#13814=DIRECTION('',(0.,0.,1.));
#13815=DIRECTION('',(0.757768802353173,-0.652523135360149,0.));
#13816=DIRECTION('',(0.652523135360149,0.757768802353173,0.));
#13817=DIRECTION('',(0.,0.,1.));
#13818=DIRECTION('',(0.707106781186548,-0.707106781186548,0.));
#13819=DIRECTION('',(0.707106781186548,0.707106781186548,0.));
#13820=DIRECTION('',(0.,0.,1.));
#13821=DIRECTION('',(0.514495755427674,-0.857492925712456,0.));
#13822=DIRECTION('',(0.857492925712456,0.514495755427674,0.));
#13823=DIRECTION('',(0.,0.,1.));
#13824=DIRECTION('',(0.167799348048031,-0.985821169784183,0.));
#13825=DIRECTION('',(0.985821169784183,0.167799348048031,0.));
#13826=DIRECTION('',(0.,0.,1.));
#13827=DIRECTION('',(-0.0830454798536307,-0.996545758244889,0.));
#13828=DIRECTION('',(0.996545758244889,-0.0830454798536307,0.));
#13829=DIRECTION('',(0.,0.,1.));
#13830=DIRECTION('',(-0.341743063087106,-0.939793423488291,0.));
#13831=DIRECTION('',(0.939793423488291,-0.341743063087106,0.));
#13832=DIRECTION('',(0.,0.,1.));
#13833=DIRECTION('',(-0.593199038050123,-0.805055837353167,0.));
#13834=DIRECTION('',(0.805055837353167,-0.593199038050123,0.));
#13835=DIRECTION('',(0.,0.,1.));
#13836=DIRECTION('',(-0.652523135360149,-0.757768802353173,0.));
#13837=DIRECTION('',(0.757768802353173,-0.652523135360149,0.));
#13838=DIRECTION('',(0.,0.,1.));
#13839=DIRECTION('',(-0.707106781186548,-0.707106781186548,0.));
#13840=DIRECTION('',(0.707106781186548,-0.707106781186548,0.));
#13841=DIRECTION('',(0.,0.,1.));
#13842=DIRECTION('',(-0.805055837353167,-0.593199038050123,0.));
#13843=DIRECTION('',(0.593199038050123,-0.805055837353167,0.));
#13844=DIRECTION('',(0.,0.,1.));
#13845=DIRECTION('',(-0.939793423488291,-0.341743063087106,0.));
#13846=DIRECTION('',(0.341743063087106,-0.939793423488291,0.));
#13847=DIRECTION('',(0.,0.,1.));
#13848=DIRECTION('',(-0.996545758244885,-0.0830454798536804,0.));
#13849=DIRECTION('',(0.0830454798536804,-0.996545758244885,0.));
#13850=DIRECTION('',(0.,0.,1.));
#13851=DIRECTION('',(-0.996545758244885,0.0830454798536804,0.));
#13852=DIRECTION('',(-0.0830454798536804,-0.996545758244885,0.));
#13853=DIRECTION('',(0.,0.,1.));
#13854=DIRECTION('',(-0.939793423488291,0.341743063087106,0.));
#13855=DIRECTION('',(-0.341743063087106,-0.939793423488291,0.));
#13856=DIRECTION('',(-0.942214690279064,0.335009667655022,0.));
#13857=DIRECTION('',(-0.335009667655022,-0.942214690279064,0.));
#13858=DIRECTION('',(0.,0.,1.));
#13859=DIRECTION('',(0.,0.,1.));
#13860=DIRECTION('',(-0.910366477462742,0.413802944300882,0.));
#13861=DIRECTION('',(-0.413802944300882,-0.910366477462742,0.));
#13862=DIRECTION('',(0.,0.,1.));
#13863=DIRECTION('',(-0.757768802353173,0.652523135360149,0.));
#13864=DIRECTION('',(-0.652523135360149,-0.757768802353173,0.));
#13865=DIRECTION('',(0.,0.,1.));
#13866=DIRECTION('',(-0.49847112425782,0.866906303057687,0.));
#13867=DIRECTION('',(-0.866906303057687,-0.49847112425782,0.));
#13868=DIRECTION('',(0.,0.,1.));
#13869=DIRECTION('',(-0.188072270788022,0.982155191892115,0.));
#13870=DIRECTION('',(-0.982155191892115,-0.188072270788022,0.));
#13871=DIRECTION('',(0.,0.,1.));
#13872=DIRECTION('',(0.0830454798535513,0.996545758244895,0.));
#13873=DIRECTION('',(-0.996545758244895,0.0830454798535513,0.));
#13874=DIRECTION('',(0.,0.,1.));
#13875=DIRECTION('',(0.192011606385991,0.981392654859955,0.));
#13876=DIRECTION('',(-0.981392654859955,0.192011606385991,0.));
#13877=DIRECTION('',(0.,0.,1.));
#13878=DIRECTION('',(0.303203657277071,0.952925780013223,0.));
#13879=DIRECTION('',(-0.952925780013223,0.303203657277071,0.));
#13880=DIRECTION('',(0.,0.,1.));
#13881=DIRECTION('',(0.413802944300882,0.910366477462742,0.));
#13882=DIRECTION('',(-0.910366477462742,0.413802944300882,0.));
#13883=DIRECTION('',(0.,0.,1.));
#13884=DIRECTION('',(0.489250974282892,0.872143041113808,0.));
#13885=DIRECTION('',(-0.872143041113808,0.489250974282892,0.));
#13886=DIRECTION('',(0.,0.,1.));
#13887=DIRECTION('',(0.564683915591919,0.825307261249881,0.));
#13888=DIRECTION('',(-0.825307261249881,0.564683915591919,0.));
#13889=DIRECTION('',(0.,0.,1.));
#13890=DIRECTION('',(0.707106781187048,0.707106781186048,0.));
#13891=DIRECTION('',(-0.707106781186048,0.707106781187048,0.));
#13892=DIRECTION('',(0.,0.,1.));
#13893=DIRECTION('',(0.757768802353173,0.652523135360149,0.));
#13894=DIRECTION('',(-0.652523135360149,0.757768802353173,0.));
#13895=DIRECTION('',(0.,0.,1.));
#13896=DIRECTION('',(0.863014469346924,0.505179201568956,0.));
#13897=DIRECTION('',(-0.505179201568956,0.863014469346924,0.));
#13898=DIRECTION('',(0.,0.,1.));
#13899=DIRECTION('',(0.942214690279064,0.335009667655022,0.));
#13900=DIRECTION('',(-0.335009667655022,0.942214690279064,0.));
#13901=DIRECTION('',(0.,0.,1.));
#13902=DIRECTION('',(0.967617272396855,0.252421897146962,0.));
#13903=DIRECTION('',(-0.252421897146962,0.967617272396855,0.));
#13904=DIRECTION('',(0.,0.,1.));
#13905=DIRECTION('',(0.996240588195659,0.0866296163651203,0.));
#13906=DIRECTION('',(-0.0866296163651203,0.996240588195659,0.));
#13907=DIRECTION('',(0.,0.,1.));
#13908=DIRECTION('',(1.,0.,0.));
#13909=DIRECTION('',(0.,0.,-1.));
#13910=DIRECTION('',(0.,0.,-1.));
#13911=DIRECTION('',(0.985821169784183,-0.167799348048031,0.));
#13912=DIRECTION('',(0.167799348048031,0.985821169784183,0.));
#13913=DIRECTION('',(0.,0.,1.));
#13914=DIRECTION('',(0.967617272396855,-0.252421897146962,0.));
#13915=DIRECTION('',(0.252421897146962,0.967617272396855,0.));
#13916=DIRECTION('',(0.,0.,1.));
#13917=DIRECTION('',(0.902860518824078,-0.429933580392037,0.));
#13918=DIRECTION('',(0.429933580392037,0.902860518824078,0.));
#13919=DIRECTION('',(0.,0.,1.));
#13920=DIRECTION('',(0.863014469346924,-0.505179201568956,0.));
#13921=DIRECTION('',(0.505179201568956,0.863014469346924,0.));
#13922=DIRECTION('',(0.,0.,1.));
#13923=DIRECTION('',(0.819231920519181,-0.573462344363127,0.));
#13924=DIRECTION('',(0.573462344363127,0.819231920519181,0.));
#13925=DIRECTION('',(0.,0.,1.));
#13926=DIRECTION('',(0.685364699004897,-0.728199992692891,0.));
#13927=DIRECTION('',(0.728199992692891,0.685364699004897,0.));
#13928=DIRECTION('',(0.,0.,1.));
#13929=DIRECTION('',(0.640184399664972,-0.768221279596966,0.));
#13930=DIRECTION('',(0.768221279596966,0.640184399664972,0.));
#13931=DIRECTION('',(0.,0.,1.));
#13932=DIRECTION('',(0.593199038050123,-0.805055837353167,0.));
#13933=DIRECTION('',(0.805055837353167,0.593199038050123,0.));
#13934=DIRECTION('',(0.,0.,1.));
#13935=DIRECTION('',(0.341743063087106,-0.939793423488291,0.));
#13936=DIRECTION('',(0.939793423488291,0.341743063087106,0.));
#13937=DIRECTION('',(0.,0.,1.));
#13938=DIRECTION('',(0.0830454798537102,-0.996545758244882,0.));
#13939=DIRECTION('',(0.996545758244882,0.0830454798537102,0.));
#13940=DIRECTION('',(0.,0.,1.));
#13941=DIRECTION('',(0.,-1.,0.));
#13942=DIRECTION('',(0.,0.,1.));
#13943=DIRECTION('',(0.,0.,1.));
#13944=DIRECTION('',(-0.0830454798537002,-0.996545758244883,0.));
#13945=DIRECTION('',(0.996545758244883,-0.0830454798537002,0.));
#13946=DIRECTION('',(0.,0.,1.));
#13947=DIRECTION('',(-0.252421897146962,-0.967617272396855,0.));
#13948=DIRECTION('',(0.967617272396855,-0.252421897146962,0.));
#13949=DIRECTION('',(0.,0.,1.));
#13950=DIRECTION('',(-0.429933580392037,-0.902860518824078,0.));
#13951=DIRECTION('',(0.902860518824078,-0.429933580392037,0.));
#13952=DIRECTION('',(0.,0.,1.));
#13953=DIRECTION('',(-0.514495755428115,-0.857492925712191,0.));
#13954=DIRECTION('',(0.857492925712191,-0.514495755428115,0.));
#13955=DIRECTION('',(0.,0.,1.));
#13956=DIRECTION('',(-0.640184399664972,-0.768221279596966,0.));
#13957=DIRECTION('',(0.768221279596966,-0.640184399664972,0.));
#13958=DIRECTION('',(0.,0.,1.));
#13959=DIRECTION('',(-0.685364699004897,-0.728199992692891,0.));
#13960=DIRECTION('',(0.728199992692891,-0.685364699004897,0.));
#13961=DIRECTION('',(0.,0.,1.));
#13962=DIRECTION('',(-0.819231920519181,-0.573462344363127,0.));
#13963=DIRECTION('',(0.573462344363127,-0.819231920519181,0.));
#13964=DIRECTION('',(0.,0.,1.));
#13965=DIRECTION('',(-0.939793423488291,-0.341743063087106,0.));
#13966=DIRECTION('',(0.341743063087106,-0.939793423488291,0.));
#13967=DIRECTION('',(0.,0.,1.));
#13968=DIRECTION('',(-0.996545758244883,-0.0830454798537002,0.));
#13969=DIRECTION('',(0.0830454798537002,-0.996545758244883,0.));
#13970=DIRECTION('',(0.,0.,1.));
#13971=DIRECTION('',(-0.996240588195663,0.0866296163650707,0.));
#13972=DIRECTION('',(-0.0866296163650707,-0.996240588195663,0.));
#13973=DIRECTION('',(0.,0.,1.));
#13974=DIRECTION('',(-0.985211754819726,0.171341174750952,0.));
#13975=DIRECTION('',(-0.171341174750952,-0.985211754819726,0.));
#13976=DIRECTION('',(0.996545758244881,-0.08304547985372,0.));
#13977=DIRECTION('',(0.08304547985372,0.996545758244881,0.));
#13978=DIRECTION('',(0.,0.,1.));
#13979=DIRECTION('',(0.,0.,-1.));
#13980=DIRECTION('',(0.967617272396855,-0.252421897146962,0.));
#13981=DIRECTION('',(0.252421897146962,0.967617272396855,0.));
#13982=DIRECTION('',(0.,0.,1.));
#13983=DIRECTION('',(0.872143041113808,-0.489250974282892,0.));
#13984=DIRECTION('',(0.489250974282892,0.872143041113808,0.));
#13985=DIRECTION('',(0.,0.,1.));
#13986=DIRECTION('',(0.902860518824078,-0.429933580392037,0.));
#13987=DIRECTION('',(0.429933580392037,0.902860518824078,0.));
#13988=DIRECTION('',(0.,0.,1.));
#13989=DIRECTION('',(0.776755748719808,-0.629801958420844,0.));
#13990=DIRECTION('',(0.629801958420844,0.776755748719808,0.));
#13991=DIRECTION('',(0.,0.,1.));
#13992=DIRECTION('',(0.629801958421334,-0.776755748719411,0.));
#13993=DIRECTION('',(0.776755748719411,0.629801958421334,0.));
#13994=DIRECTION('',(0.,0.,1.));
#13995=DIRECTION('',(0.489250974282892,-0.872143041113808,0.));
#13996=DIRECTION('',(0.872143041113808,0.489250974282892,0.));
#13997=DIRECTION('',(0.,0.,1.));
#13998=DIRECTION('',(0.429933580392037,-0.902860518824078,0.));
#13999=DIRECTION('',(0.902860518824078,0.429933580392037,0.));
#14000=DIRECTION('',(0.,0.,1.));
#14001=DIRECTION('',(0.171341174750952,-0.985211754819726,0.));
#14002=DIRECTION('',(0.985211754819726,0.171341174750952,0.));
#14003=DIRECTION('',(0.,0.,1.));
#14004=DIRECTION('',(-0.0830454798536307,-0.996545758244889,0.));
#14005=DIRECTION('',(0.996545758244889,-0.0830454798536307,0.));
#14006=DIRECTION('',(0.,0.,1.));
#14007=DIRECTION('',(-0.341743063087106,-0.939793423488291,0.));
#14008=DIRECTION('',(0.939793423488291,-0.341743063087106,0.));
#14009=DIRECTION('',(0.,0.,1.));
#14010=DIRECTION('',(-0.629801958420844,-0.776755748719808,0.));
#14011=DIRECTION('',(0.776755748719808,-0.629801958420844,0.));
#14012=DIRECTION('',(0.,0.,1.));
#14013=DIRECTION('',(-0.838443616300477,-0.54498835059566,0.));
#14014=DIRECTION('',(0.54498835059566,-0.838443616300477,0.));
#14015=DIRECTION('',(0.,0.,1.));
#14016=DIRECTION('',(-0.872143041113808,-0.489250974282892,0.));
#14017=DIRECTION('',(0.489250974282892,-0.872143041113808,0.));
#14018=DIRECTION('',(0.,0.,1.));
#14019=DIRECTION('',(-0.939793423488291,-0.341743063087106,0.));
#14020=DIRECTION('',(0.341743063087106,-0.939793423488291,0.));
#14021=DIRECTION('',(0.,0.,1.));
#14022=DIRECTION('',(-0.985821169784183,-0.167799348048031,0.));
#14023=DIRECTION('',(0.167799348048031,-0.985821169784183,0.));
#14024=DIRECTION('',(0.,0.,1.));
#14025=DIRECTION('',(-0.996545758244876,-0.0830454798537896,0.));
#14026=DIRECTION('',(0.0830454798537896,-0.996545758244876,0.));
#14027=DIRECTION('',(0.,0.,1.));
#14028=DIRECTION('',(-0.99624058819568,0.0866296163648722,0.));
#14029=DIRECTION('',(-0.0866296163648722,-0.99624058819568,0.));
#14030=DIRECTION('',(0.,0.,1.));
#14031=DIRECTION('',(-0.967617272396855,0.252421897146962,0.));
#14032=DIRECTION('',(-0.252421897146962,-0.967617272396855,0.));
#14033=DIRECTION('',(0.,0.,1.));
#14034=DIRECTION('',(-0.902860518824078,0.429933580392037,0.));
#14035=DIRECTION('',(-0.429933580392037,-0.902860518824078,0.));
#14036=DIRECTION('',(0.,0.,1.));
#14037=DIRECTION('',(-0.838443616300934,0.544988350594957,0.));
#14038=DIRECTION('',(-0.544988350594957,-0.838443616300934,0.));
#14039=DIRECTION('',(0.,0.,1.));
#14040=DIRECTION('',(-0.776755748719808,0.629801958420844,0.));
#14041=DIRECTION('',(-0.629801958420844,-0.776755748719808,0.));
#14042=DIRECTION('',(0.,0.,1.));
#14043=DIRECTION('',(-0.629801958420844,0.776755748719808,0.));
#14044=DIRECTION('',(-0.776755748719808,-0.629801958420844,0.));
#14045=DIRECTION('',(0.,0.,1.));
#14046=DIRECTION('',(-0.544988350594957,0.838443616300934,0.));
#14047=DIRECTION('',(-0.838443616300934,-0.544988350594957,0.));
#14048=DIRECTION('',(0.,0.,1.));
#14049=DIRECTION('',(-0.429933580392037,0.902860518824078,0.));
#14050=DIRECTION('',(-0.902860518824078,-0.429933580392037,0.));
#14051=DIRECTION('',(0.,0.,1.));
#14052=DIRECTION('',(-0.167799348048031,0.985821169784183,0.));
#14053=DIRECTION('',(-0.985821169784183,-0.167799348048031,0.));
#14054=DIRECTION('',(0.,0.,1.));
#14055=DIRECTION('',(0.0866296163648028,0.996240588195686,0.));
#14056=DIRECTION('',(-0.996240588195686,0.0866296163648028,0.));
#14057=DIRECTION('',(0.,0.,1.));
#14058=DIRECTION('',(0.252421897146962,0.967617272396855,0.));
#14059=DIRECTION('',(-0.967617272396855,0.252421897146962,0.));
#14060=DIRECTION('',(0.,0.,1.));
#14061=DIRECTION('',(0.341743063087106,0.939793423488291,0.));
#14062=DIRECTION('',(-0.939793423488291,0.341743063087106,0.));
#14063=DIRECTION('',(0.,0.,1.));
#14064=DIRECTION('',(0.429933580392037,0.902860518824078,0.));
#14065=DIRECTION('',(-0.902860518824078,0.429933580392037,0.));
#14066=DIRECTION('',(0.,0.,1.));
#14067=DIRECTION('',(0.544988350594957,0.838443616300934,0.));
#14068=DIRECTION('',(-0.838443616300934,0.544988350594957,0.));
#14069=DIRECTION('',(0.,0.,1.));
#14070=DIRECTION('',(0.629801958420844,0.776755748719808,0.));
#14071=DIRECTION('',(-0.776755748719808,0.629801958420844,0.));
#14072=DIRECTION('',(0.,0.,1.));
#14073=DIRECTION('',(0.776755748719808,0.629801958420844,0.));
#14074=DIRECTION('',(-0.629801958420844,0.776755748719808,0.));
#14075=DIRECTION('',(0.,0.,1.));
#14076=DIRECTION('',(0.838443616300934,0.544988350594957,0.));
#14077=DIRECTION('',(-0.544988350594957,0.838443616300934,0.));
#14078=DIRECTION('',(0.,0.,1.));
#14079=DIRECTION('',(0.902860518824078,0.429933580392037,0.));
#14080=DIRECTION('',(-0.429933580392037,0.902860518824078,0.));
#14081=DIRECTION('',(0.,0.,1.));
#14082=DIRECTION('',(0.985211754819726,0.171341174750952,0.));
#14083=DIRECTION('',(-0.171341174750952,0.985211754819726,0.));
#14084=DIRECTION('',(0.,0.,1.));
#14085=DIRECTION('',(0.939793423488291,0.341743063087106,0.));
#14086=DIRECTION('',(-0.341743063087106,0.939793423488291,0.));
#14087=DIRECTION('',(0.,0.,1.));
#14088=DIRECTION('',(1.,0.,0.));
#14089=DIRECTION('',(0.,0.,-1.));
#14090=DIRECTION('',(0.866906303057687,-0.49847112425782,0.));
#14091=DIRECTION('',(0.49847112425782,0.866906303057687,0.));
#14092=DIRECTION('',(0.,0.,1.));
#14093=DIRECTION('',(0.,0.,1.));
#14094=DIRECTION('',(0.908380936147338,-0.418143605528155,0.));
#14095=DIRECTION('',(0.418143605528155,0.908380936147338,0.));
#14096=DIRECTION('',(0.,0.,1.));
#14097=DIRECTION('',(0.707106781186048,-0.707106781187048,0.));
#14098=DIRECTION('',(0.707106781187048,0.707106781186048,0.));
#14099=DIRECTION('',(0.,0.,1.));
#14100=DIRECTION('',(0.652523135360149,-0.757768802353173,0.));
#14101=DIRECTION('',(0.757768802353173,0.652523135360149,0.));
#14102=DIRECTION('',(0.,0.,1.));
#14103=DIRECTION('',(0.593199038050123,-0.805055837353167,0.));
#14104=DIRECTION('',(0.805055837353167,0.593199038050123,0.));
#14105=DIRECTION('',(0.,0.,1.));
#14106=DIRECTION('',(0.335009667655022,-0.942214690279064,0.));
#14107=DIRECTION('',(0.942214690279064,0.335009667655022,0.));
#14108=DIRECTION('',(0.,0.,1.));
#14109=DIRECTION('',(0.0866296163648226,-0.996240588195685,0.));
#14110=DIRECTION('',(0.996240588195685,0.0866296163648226,0.));
#14111=DIRECTION('',(0.,0.,1.));
#14112=DIRECTION('',(-0.08304547985373,-0.99654575824488,0.));
#14113=DIRECTION('',(0.99654575824488,-0.08304547985373,0.));
#14114=DIRECTION('',(0.,0.,1.));
#14115=DIRECTION('',(-0.252421897146962,-0.967617272396855,0.));
#14116=DIRECTION('',(0.967617272396855,-0.252421897146962,0.));
#14117=DIRECTION('',(0.,0.,1.));
#14118=DIRECTION('',(-0.429933580392037,-0.902860518824078,0.));
#14119=DIRECTION('',(0.902860518824078,-0.429933580392037,0.));
#14120=DIRECTION('',(0.,0.,1.));
#14121=DIRECTION('',(-0.652523135360149,-0.757768802353173,0.));
#14122=DIRECTION('',(0.757768802353173,-0.652523135360149,0.));
#14123=DIRECTION('',(0.,0.,1.));
#14124=DIRECTION('',(-0.805055837353167,-0.593199038050123,0.));
#14125=DIRECTION('',(0.593199038050123,-0.805055837353167,0.));
#14126=DIRECTION('',(0.,0.,1.));
#14127=DIRECTION('',(-0.902860518824078,-0.429933580392037,0.));
#14128=DIRECTION('',(0.429933580392037,-0.902860518824078,0.));
#14129=DIRECTION('',(0.,0.,1.));
#14130=DIRECTION('',(-0.939793423488291,-0.341743063087106,0.));
#14131=DIRECTION('',(0.341743063087106,-0.939793423488291,0.));
#14132=DIRECTION('',(0.,0.,1.));
#14133=DIRECTION('',(-0.967617272396855,-0.252421897146962,0.));
#14134=DIRECTION('',(0.252421897146962,-0.967617272396855,0.));
#14135=DIRECTION('',(0.,0.,1.));
#14136=DIRECTION('',(-0.99654575824488,-0.08304547985374,0.));
#14137=DIRECTION('',(0.08304547985374,-0.99654575824488,0.));
#14138=DIRECTION('',(0.,0.,1.));
#14139=DIRECTION('',(-0.996240588195685,0.0866296163648226,0.));
#14140=DIRECTION('',(-0.0866296163648226,-0.996240588195685,0.));
#14141=DIRECTION('',(0.,0.,1.));
#14142=DIRECTION('',(-0.942214690279064,0.335009667655022,0.));
#14143=DIRECTION('',(-0.335009667655022,-0.942214690279064,0.));
#14144=DIRECTION('',(0.,0.,1.));
#14145=DIRECTION('',(-0.905458935958784,0.424433876230899,0.));
#14146=DIRECTION('',(-0.424433876230899,-0.905458935958784,0.));
#14147=DIRECTION('',(0.,0.,1.));
#14148=DIRECTION('',(-0.768221279597458,0.640184399664382,0.));
#14149=DIRECTION('',(-0.640184399664382,-0.768221279597458,0.));
#14150=DIRECTION('',(0.,0.,1.));
#14151=DIRECTION('',(-0.652523135360149,0.757768802353173,0.));
#14152=DIRECTION('',(-0.757768802353173,-0.652523135360149,0.));
#14153=DIRECTION('',(0.,0.,1.));
#14154=DIRECTION('',(-0.505179201568956,0.863014469346924,0.));
#14155=DIRECTION('',(-0.863014469346924,-0.505179201568956,0.));
#14156=DIRECTION('',(0.,0.,1.));
#14157=DIRECTION('',(-0.429933580392037,0.902860518824078,0.));
#14158=DIRECTION('',(-0.902860518824078,-0.429933580392037,0.));
#14159=DIRECTION('',(0.,0.,1.));
#14160=DIRECTION('',(-0.167799348048031,0.985821169784183,0.));
#14161=DIRECTION('',(-0.985821169784183,-0.167799348048031,0.));
#14162=DIRECTION('',(0.,0.,1.));
#14163=DIRECTION('',(0.0866296163648226,0.996240588195685,0.));
#14164=DIRECTION('',(-0.996240588195685,0.0866296163648226,0.));
#14165=DIRECTION('',(0.,0.,1.));
#14166=DIRECTION('',(0.335009667655022,0.942214690279064,0.));
#14167=DIRECTION('',(-0.942214690279064,0.335009667655022,0.));
#14168=DIRECTION('',(0.,0.,1.));
#14169=DIRECTION('',(0.424433876230899,0.905458935958784,0.));
#14170=DIRECTION('',(-0.905458935958784,0.424433876230899,0.));
#14171=DIRECTION('',(0.,0.,1.));
#14172=DIRECTION('',(0.593199038050123,0.805055837353167,0.));
#14173=DIRECTION('',(-0.805055837353167,0.593199038050123,0.));
#14174=DIRECTION('',(0.,0.,1.));
#14175=DIRECTION('',(0.707106781186048,0.707106781187048,0.));
#14176=DIRECTION('',(-0.707106781187048,0.707106781186048,0.));
#14177=DIRECTION('',(0.,0.,1.));
#14178=DIRECTION('',(0.768221279597458,0.640184399664382,0.));
#14179=DIRECTION('',(-0.640184399664382,0.768221279597458,0.));
#14180=DIRECTION('',(0.,0.,1.));
#14181=DIRECTION('',(0.825307261249881,0.564683915591919,0.));
#14182=DIRECTION('',(-0.564683915591919,0.825307261249881,0.));
#14183=DIRECTION('',(0.,0.,1.));
#14184=DIRECTION('',(0.942214690279064,0.335009667655022,0.));
#14185=DIRECTION('',(-0.335009667655022,0.942214690279064,0.));
#14186=DIRECTION('',(0.,0.,1.));
#14187=DIRECTION('',(0.991600411186188,0.129339184068025,0.));
#14188=DIRECTION('',(-0.129339184068025,0.991600411186188,0.));
#14189=DIRECTION('',(0.,0.,1.));
#14190=DIRECTION('',(1.,0.,0.));
#14191=DIRECTION('',(0.,0.,-1.));
#14192=DIRECTION('',(0.,0.,-1.));
#14193=DIRECTION('',(0.992277876713698,-0.124034734588962,0.));
#14194=DIRECTION('',(0.124034734588962,0.992277876713698,0.));
#14195=DIRECTION('',(0.,0.,1.));
#14196=DIRECTION('',(0.967617272396855,-0.252421897146962,0.));
#14197=DIRECTION('',(0.252421897146962,0.967617272396855,0.));
#14198=DIRECTION('',(0.,1.,0.));
#14199=DIRECTION('',(0.,0.,-1.));
#14200=DIRECTION('',(-1.,0.,0.));
#14201=DIRECTION('',(-1.,0.,0.));
#14202=DIRECTION('',(0.,0.,-1.));
#14203=DIRECTION('',(-1.,0.,0.));
#14204=DIRECTION('',(-1.,0.,0.));
#14205=DIRECTION('',(0.,1.,0.));
#14206=DIRECTION('',(0.,0.,-1.));
#14207=DIRECTION('',(-1.,0.,0.));
#14208=DIRECTION('',(0.,0.,-1.));
#14209=DIRECTION('',(-1.,0.,0.));
#14210=DIRECTION('',(0.,0.,-1.));
#14211=DIRECTION('',(-1.,0.,0.));
#14212=DIRECTION('',(-0.000442872147746071,0.999999901932126,0.));
#14213=DIRECTION('',(0.000442872147817155,-0.999999901932126,0.));
#14214=DIRECTION('',(-0.999999901932126,-0.000442872147817155,0.));
#14215=DIRECTION('',(0.000442872147817155,-0.999999901932126,0.));
#14216=DIRECTION('',(0.000442872147817155,-0.999999901932126,0.));
#14217=DIRECTION('',(1.582921166034E-16,7.010317653752E-20,-1.));
#14218=DIRECTION('',(-1.,0.,-1.582921166034E-16));
#14219=DIRECTION('',(-0.000442872147746068,0.999999901932126,0.));
#14220=DIRECTION('',(-0.999999901932126,-0.000442872147817155,0.));
#14221=DIRECTION('',(0.000442872147817155,-0.999999901932126,0.));
#14222=CARTESIAN_POINT('',(0.,0.,0.));
#14223=CARTESIAN_POINT('',(-0.086453124380256,0.039094891505594,-0.0015));
#14224=CARTESIAN_POINT('',(-0.086453124380256,0.039094891505594,-0.0015));
#14225=CARTESIAN_POINT('',(-0.0769531243802573,0.0390990987914106,-0.0015));
#14226=CARTESIAN_POINT('',(-0.112138005805557,0.0390835163858752,-0.0015));
#14227=CARTESIAN_POINT('',(-0.112138005805557,0.0390835163858752,-0.0015));
#14228=CARTESIAN_POINT('',(-0.112138005805557,0.0390835163858751,0.009));
#14229=CARTESIAN_POINT('',(-0.098953124380256,0.039089355603203,0.009));
#14230=CARTESIAN_POINT('',(-0.098953124380256,0.0390893556032032,0.009));
#14231=CARTESIAN_POINT('',(-0.098953124380256,0.0390893556032034,0.00900000000000001));
#14232=CARTESIAN_POINT('',(-0.0985995709896627,0.0390895121821682,0.00900000000000001));
#14233=CARTESIAN_POINT('',(-0.0978357831153682,0.0390898504425777,0.0091281402399981));
#14234=CARTESIAN_POINT('',(-0.0967684441211387,0.0390903231373369,0.00981531974088293));
#14235=CARTESIAN_POINT('',(-0.0960812646202539,0.0390906274700283,0.0108826587351124));
#14236=CARTESIAN_POINT('',(-0.0959531243802558,0.0390906842197771,0.0116464466094067));
#14237=CARTESIAN_POINT('',(-0.0959531243802558,0.0390906842197771,0.012));
#14238=CARTESIAN_POINT('',(-0.095953124380256,0.0390906842197771,0.012));
#14239=CARTESIAN_POINT('',(-0.095953124380256,0.039090684219777,0.0165));
#14240=CARTESIAN_POINT('',(-0.0959531243802561,0.0390906842197771,0.0135));
#14241=CARTESIAN_POINT('',(-0.0959531243802562,0.0390906842197771,0.0135));
#14242=CARTESIAN_POINT('',(-0.0959531243802562,0.0390906842197771,0.0138535533905933));
#14243=CARTESIAN_POINT('',(-0.0958249841402581,0.039090740969526,0.0146173412648876));
#14244=CARTESIAN_POINT('',(-0.0951378046393733,0.0390910453022173,0.0156846802591171));
#14245=CARTESIAN_POINT('',(-0.0940704656451438,0.0390915179969765,0.0163718597600019));
#14246=CARTESIAN_POINT('',(-0.0933066777708493,0.0390918562573861,0.0165));
#14247=CARTESIAN_POINT('',(-0.092953124380256,0.0390920128363509,0.0165));
#14248=CARTESIAN_POINT('',(-0.092953124380256,0.0390920128363504,0.0165));
#14249=CARTESIAN_POINT('',(-0.076953124380256,0.03909909879141,0.0165));
#14250=CARTESIAN_POINT('',(-0.076953124380256,0.0390990987914101,0.0165));
#14251=CARTESIAN_POINT('',(-0.0769531243802559,0.0390990987914103,-0.0015));
#14252=CARTESIAN_POINT('',(-0.0914161229619,0.039092693531537,-0.0015));
#14253=CARTESIAN_POINT('',(-0.0914161229619,0.0390926935315365,0.011836));
#14254=CARTESIAN_POINT('',(-0.0914161229619,0.039092693531537,0.005371));
#14255=CARTESIAN_POINT('',(-0.086453124380256,0.039094891505594,0.005371));
#14256=CARTESIAN_POINT('',(-0.080457124036626,0.0390975469674045,0.005371));
#14257=CARTESIAN_POINT('',(-0.0804571240366261,0.039097546967404,0.0086035));
#14258=CARTESIAN_POINT('',(-0.0804571240366261,0.039097546967404,0.011836));
#14259=CARTESIAN_POINT('',(-0.0914161229619,0.039092693531536,0.011836));
#14260=CARTESIAN_POINT('',(-0.104839203389783,0.037563386805732,0.009));
#14261=CARTESIAN_POINT('',(-0.07709853325052,0.0375756723771029,0.0165));
#14262=CARTESIAN_POINT('',(-0.077098533250521,0.0375756723771031,0.0165));
#14263=CARTESIAN_POINT('',(-0.0770985332505205,0.0375756723771031,-4.33680868994202E-19));
#14264=CARTESIAN_POINT('',(-0.104839203389783,0.037563386805732,0.0165));
#14265=CARTESIAN_POINT('',(-0.092953124380256,0.0375686508195883,0.0165));
#14266=CARTESIAN_POINT('',(-0.092953124380256,0.0375686508195883,0.0165));
#14267=CARTESIAN_POINT('',(-0.0933066777708493,0.0375684942406235,0.0165));
#14268=CARTESIAN_POINT('',(-0.0940704656451437,0.0375681559802139,0.0163718597600019));
#14269=CARTESIAN_POINT('',(-0.0951378046393733,0.0375676832854548,0.0156846802591171));
#14270=CARTESIAN_POINT('',(-0.0958249841402581,0.0375673789527634,0.0146173412648876));
#14271=CARTESIAN_POINT('',(-0.0959531243802562,0.0375673222030145,0.0138535533905933));
#14272=CARTESIAN_POINT('',(-0.0959531243802562,0.0375673222030145,0.0135));
#14273=CARTESIAN_POINT('',(-0.0959531243802561,0.0375673222030145,0.0135));
#14274=CARTESIAN_POINT('',(-0.0959531243802562,0.0375673222030145,0.009));
#14275=CARTESIAN_POINT('',(-0.095953124380256,0.0375673222030145,0.012));
#14276=CARTESIAN_POINT('',(-0.0959531243802558,0.0375673222030145,0.012));
#14277=CARTESIAN_POINT('',(-0.0959531243802558,0.0375673222030145,0.0116464466094067));
#14278=CARTESIAN_POINT('',(-0.0960812646202539,0.0375672654532657,0.0108826587351124));
#14279=CARTESIAN_POINT('',(-0.0967684441211387,0.0375669611205743,0.00981531974088292));
#14280=CARTESIAN_POINT('',(-0.0978357831153682,0.0375664884258152,0.0091281402399981));
#14281=CARTESIAN_POINT('',(-0.0985995709896627,0.0375661501654056,0.009));
#14282=CARTESIAN_POINT('',(-0.098953124380256,0.0375659935864408,0.009));
#14283=CARTESIAN_POINT('',(-0.098953124380256,0.0375659935864408,0.009));
#14284=CARTESIAN_POINT('',(-0.104839203389783,0.037563386805732,0.009));
#14285=CARTESIAN_POINT('',(-0.113725282399309,0.0375594514084494,0.009));
#14286=CARTESIAN_POINT('',(-0.113725282399309,0.0375594514084494,0.009));
#14287=CARTESIAN_POINT('',(-0.113725282399309,0.0375594514084494,-2.16840434497101E-18));
#14288=CARTESIAN_POINT('',(-0.104839203389783,0.037563386805732,-1.7347234759768E-18));
#14289=CARTESIAN_POINT('',(-0.080456449382084,0.0375741852494281,0.009));
#14290=CARTESIAN_POINT('',(-0.080456449382084,0.0375741852494281,0.011836));
#14291=CARTESIAN_POINT('',(-0.080456449382084,0.0375741852494281,0.005371));
#14292=CARTESIAN_POINT('',(-0.091415448307358,0.03756933181356,0.005371));
#14293=CARTESIAN_POINT('',(-0.091415448307358,0.03756933181356,0.005371));
#14294=CARTESIAN_POINT('',(-0.091415448307358,0.03756933181356,0.0086035));
#14295=CARTESIAN_POINT('',(-0.091415448307358,0.0375693318135601,0.011836));
#14296=CARTESIAN_POINT('',(-0.104839203389783,0.037563386805732,0.011836));
#14297=CARTESIAN_POINT('',(-0.074418762033974,0.034174379971481,-0.0015));
#14298=CARTESIAN_POINT('',(-0.074418762033974,0.034174379971481,-0.0015));
#14299=CARTESIAN_POINT('',(-0.0744187620339739,-0.0156341653989585,-0.0015));
#14300=CARTESIAN_POINT('',(-0.074418762033974,0.0356021579423098,-0.0015));
#14301=CARTESIAN_POINT('',(-0.074418762033974,0.03560215794231,-0.0015));
#14302=CARTESIAN_POINT('',(-0.074418762033974,0.03560215794231,0.0165));
#14303=CARTESIAN_POINT('',(-0.074418762033974,-0.1648231956365,0.0165));
#14304=CARTESIAN_POINT('',(-0.074418762033974,-0.01490672859615,0.0165));
#14305=CARTESIAN_POINT('',(-0.074418762033974,-0.01490672859615,0.0165));
#14306=CARTESIAN_POINT('',(-0.074418762033974,-0.0151508125919253,0.0165));
#14307=CARTESIAN_POINT('',(-0.074418762033974,-0.0153964805398955,0.0164734382571503));
#14308=CARTESIAN_POINT('',(-0.074418762033974,-0.01563416539896,0.0164213491647759));
#14309=CARTESIAN_POINT('',(-0.0744187620339738,-0.0156341653989599,0.0164213491647757));
#14310=CARTESIAN_POINT('',(-0.0744187620339738,-0.01563416539896,-0.0015));
#14311=CARTESIAN_POINT('',(-0.074418762033974,-0.005010648640376,0.007893));
#14312=CARTESIAN_POINT('',(-0.074418762033974,0.002082268118212,0.007893));
#14313=CARTESIAN_POINT('',(-0.074418762033974,-0.01210356539896,0.007893));
#14314=CARTESIAN_POINT('',(-0.074418762033974,0.002082268118212,-0.0015));
#14315=CARTESIAN_POINT('',(-0.074418762033974,0.002082268118212,0.002248));
#14316=CARTESIAN_POINT('',(-0.074418762033974,0.034174379971481,0.002248));
#14317=CARTESIAN_POINT('',(-0.074418762033974,-0.01210356539896,0.002248));
#14318=CARTESIAN_POINT('',(-0.074418762033974,-0.01210356539896,0.0050705));
#14319=CARTESIAN_POINT('',(-0.075939714287645,-0.01577990107412,0.0165));
#14320=CARTESIAN_POINT('',(-0.075939714287645,0.036065524682389,0.0165));
#14321=CARTESIAN_POINT('',(-0.075939714287645,0.0360655246823881,0.0165));
#14322=CARTESIAN_POINT('',(-0.075939714287645,0.036065524682389,0.));
#14323=CARTESIAN_POINT('',(-0.075939714287645,-0.1648231956365,0.));
#14324=CARTESIAN_POINT('',(-0.0759397142876442,-0.0158580440743188,0.));
#14325=CARTESIAN_POINT('',(-0.0759397142876418,-0.0158580440743176,0.0165));
#14326=CARTESIAN_POINT('',(-0.0759397142876434,-0.0158580440743186,0.0161431268810216));
#14327=CARTESIAN_POINT('',(-0.075939714287645,-0.0158580440743196,0.0161431268810212));
#14328=CARTESIAN_POINT('',(-0.075939714287645,-0.0153999640961954,0.0163738583652727));
#14329=CARTESIAN_POINT('',(-0.075939714287645,-0.0148652831491681,0.0165));
#14330=CARTESIAN_POINT('',(-0.075939714287645,-0.01434535353692,0.0165));
#14331=CARTESIAN_POINT('',(-0.075939714287645,-0.0143453535369196,0.0165));
#14332=CARTESIAN_POINT('',(-0.075939714287645,-0.01577990107412,0.0165));
#14333=CARTESIAN_POINT('',(-0.075939714287645,-0.005010648640376,0.002248));
#14334=CARTESIAN_POINT('',(-0.075939714287645,0.002082268118212,0.002248));
#14335=CARTESIAN_POINT('',(-0.075939714287645,-0.01210356539896,0.002248));
#14336=CARTESIAN_POINT('',(-0.075939714287645,0.002082268118212,0.0050705));
#14337=CARTESIAN_POINT('',(-0.075939714287645,0.002082268118212,0.007893));
#14338=CARTESIAN_POINT('',(-0.075939714287645,-0.01577990107412,0.007893));
#14339=CARTESIAN_POINT('',(-0.075939714287645,-0.01210356539896,0.007893));
#14340=CARTESIAN_POINT('',(-0.075939714287645,-0.01210356539896,0.0165));
#14341=CARTESIAN_POINT('',(-0.074535687805523,-0.1648231956365,-0.0015));
#14342=CARTESIAN_POINT('',(-0.10181685585541,-0.1648231956365,-0.0015));
#14343=CARTESIAN_POINT('',(-0.10181685585541,-0.0204601351181673,-0.0015));
#14344=CARTESIAN_POINT('',(-0.10181685585541,-0.02065904428159,-0.0015));
#14345=CARTESIAN_POINT('',(-0.10181685585541,-0.02065904428159,-0.0015));
#14346=CARTESIAN_POINT('',(-0.10174914209765,-0.02084525711543,-0.0015));
#14347=CARTESIAN_POINT('',(-0.10174914209765,-0.02084525711543,-0.0015));
#14348=CARTESIAN_POINT('',(-0.10171528521877,-0.02103993416899,-0.0015));
#14349=CARTESIAN_POINT('',(-0.10171528521877,-0.02103993416899,-0.0015));
#14350=CARTESIAN_POINT('',(-0.10167296412017,-0.02112880847605,-0.0015));
#14351=CARTESIAN_POINT('',(-0.10167296412017,-0.02112880847605,-0.0015));
#14352=CARTESIAN_POINT('',(-0.10161794669199,-0.02121345067325,-0.0015));
#14353=CARTESIAN_POINT('',(-0.10161794669199,-0.02121345067325,-0.0015));
#14354=CARTESIAN_POINT('',(-0.10149098339619,-0.02137003873807,-0.0015));
#14355=CARTESIAN_POINT('',(-0.10149098339619,-0.02137003873807,-0.0015));
#14356=CARTESIAN_POINT('',(-0.10133439533137,-0.02149700203387,-0.0015));
#14357=CARTESIAN_POINT('',(-0.10133439533137,-0.02149700203387,-0.0015));
#14358=CARTESIAN_POINT('',(-0.10124975313417,-0.02155201946205,-0.0015));
#14359=CARTESIAN_POINT('',(-0.10124975313417,-0.02155201946205,-0.0015));
#14360=CARTESIAN_POINT('',(-0.10116087882711,-0.02159434056065,-0.0015));
#14361=CARTESIAN_POINT('',(-0.10116087882711,-0.02159434056065,-0.0015));
#14362=CARTESIAN_POINT('',(-0.10097466599327,-0.02166205431841,-0.0015));
#14363=CARTESIAN_POINT('',(-0.10097466599327,-0.02166205431841,-0.0015));
#14364=CARTESIAN_POINT('',(-0.10087732746649,-0.02168744697757,-0.0015));
#14365=CARTESIAN_POINT('',(-0.10087732746649,-0.02168744697757,-0.0015));
#14366=CARTESIAN_POINT('',(-0.10068265041293,-0.02170437541701,-0.0015));
#14367=CARTESIAN_POINT('',(-0.10068265041293,-0.02170437541701,-0.0015));
#14368=CARTESIAN_POINT('',(-0.10028483208609,-0.02163666165925,-0.0015));
#14369=CARTESIAN_POINT('',(-0.10028483208609,-0.02163666165925,-0.0015));
#14370=CARTESIAN_POINT('',(-0.10010708347197,-0.02155201946205,-0.0015));
#14371=CARTESIAN_POINT('',(-0.10010708347197,-0.02155201946205,-0.0015));
#14372=CARTESIAN_POINT('',(-0.10002244127477,-0.02149700203387,-0.0015));
#14373=CARTESIAN_POINT('',(-0.10002244127477,-0.02149700203387,-0.0015));
#14374=CARTESIAN_POINT('',(-0.09986585320995,-0.02137003873807,-0.0015));
#14375=CARTESIAN_POINT('',(-0.09986585320995,-0.02137003873807,-0.0015));
#14376=CARTESIAN_POINT('',(-0.09973888991415,-0.02121345067325,-0.0015));
#14377=CARTESIAN_POINT('',(-0.09973888991415,-0.02121345067325,-0.0015));
#14378=CARTESIAN_POINT('',(-0.09968387248597,-0.02112880847605,-0.0015));
#14379=CARTESIAN_POINT('',(-0.09968387248597,-0.02112880847605,-0.0015));
#14380=CARTESIAN_POINT('',(-0.09959923028877,-0.02095105986193,-0.0015));
#14381=CARTESIAN_POINT('',(-0.09959923028877,-0.02095105986193,-0.0015));
#14382=CARTESIAN_POINT('',(-0.09954844497045,-0.02075638280837,-0.0015));
#14383=CARTESIAN_POINT('',(-0.09954844497045,-0.02075638280837,-0.0015));
#14384=CARTESIAN_POINT('',(-0.09953151653101,-0.02056170575481,-0.0015));
#14385=CARTESIAN_POINT('',(-0.09953151653101,-0.02056170575481,-0.0015));
#14386=CARTESIAN_POINT('',(-0.09953998075073,-0.02046013511817,-0.0015));
#14387=CARTESIAN_POINT('',(-0.09953998075073,-0.02046013511817,-0.0015));
#14388=CARTESIAN_POINT('',(-0.09957383762961,-0.02026122595475,-0.0015));
#14389=CARTESIAN_POINT('',(-0.09957383762961,-0.02026122595475,-0.0015));
#14390=CARTESIAN_POINT('',(-0.09964155138737,-0.02007501312091,-0.0015));
#14391=CARTESIAN_POINT('',(-0.09964155138737,-0.02007501312091,-0.0015));
#14392=CARTESIAN_POINT('',(-0.09973888991415,-0.01990149661665,-0.0015));
#14393=CARTESIAN_POINT('',(-0.09973888991415,-0.01990149661665,-0.0015));
#14394=CARTESIAN_POINT('',(-0.09979390734233,-0.01981685441945,-0.0015));
#14395=CARTESIAN_POINT('',(-0.09979390734233,-0.01981685441945,-0.0015));
#14396=CARTESIAN_POINT('',(-0.10010708347197,-0.01956292782785,-0.0015));
#14397=CARTESIAN_POINT('',(-0.10010708347197,-0.01956292782785,-0.0015));
#14398=CARTESIAN_POINT('',(-0.10047950913965,-0.01942750031233,-0.0015));
#14399=CARTESIAN_POINT('',(-0.10047950913965,-0.01942750031233,-0.0015));
#14400=CARTESIAN_POINT('',(-0.10068265041293,-0.01941057187289,-0.0015));
#14401=CARTESIAN_POINT('',(-0.10068265041293,-0.01941057187289,-0.0015));
#14402=CARTESIAN_POINT('',(-0.10107200452005,-0.01947828563065,-0.0015));
#14403=CARTESIAN_POINT('',(-0.10107200452005,-0.01947828563065,-0.0015));
#14404=CARTESIAN_POINT('',(-0.10116087882711,-0.01952060672925,-0.0015));
#14405=CARTESIAN_POINT('',(-0.10116087882711,-0.01952060672925,-0.0015));
#14406=CARTESIAN_POINT('',(-0.10133439533137,-0.01961794525603,-0.0015));
#14407=CARTESIAN_POINT('',(-0.10133439533137,-0.01961794525603,-0.0015));
#14408=CARTESIAN_POINT('',(-0.10149098339619,-0.01974490855183,-0.0015));
#14409=CARTESIAN_POINT('',(-0.10149098339619,-0.01974490855183,-0.0015));
#14410=CARTESIAN_POINT('',(-0.10161794669199,-0.01990149661665,-0.0015));
#14411=CARTESIAN_POINT('',(-0.10161794669199,-0.01990149661665,-0.0015));
#14412=CARTESIAN_POINT('',(-0.10166026779059,-0.01999037092371,-0.0015));
#14413=CARTESIAN_POINT('',(-0.10166026779059,-0.01999037092371,-0.0015));
#14414=CARTESIAN_POINT('',(-0.10175760631737,-0.02016388742797,-0.0015));
#14415=CARTESIAN_POINT('',(-0.10175760631737,-0.02016388742797,-0.0015));
#14416=CARTESIAN_POINT('',(-0.10180839163569,-0.02035856448153,-0.0015));
#14417=CARTESIAN_POINT('',(-0.10180839163569,-0.02035856448153,-0.0015));
#14418=CARTESIAN_POINT('',(-0.18507938524105,0.000167168339470003,-0.0015));
#14419=CARTESIAN_POINT('',(-0.18507938524105,0.000167168339470004,-0.0015));
#14420=CARTESIAN_POINT('',(-0.18494395772553,0.000539594007150004,-0.0015));
#14421=CARTESIAN_POINT('',(-0.18494395772553,0.000539594007150007,-0.0015));
#14422=CARTESIAN_POINT('',(-0.18492702928609,0.000742735280430002,-0.0015));
#14423=CARTESIAN_POINT('',(-0.18492702928609,0.000742735280430007,-0.0015));
#14424=CARTESIAN_POINT('',(-0.18494395772553,0.000945876553710016,-0.0015));
#14425=CARTESIAN_POINT('',(-0.18494395772553,0.000945876553710007,-0.0015));
#14426=CARTESIAN_POINT('',(-0.18507938524105,0.00131830222139001,-0.0015));
#14427=CARTESIAN_POINT('',(-0.18507938524105,0.00131830222139001,-0.0015));
#14428=CARTESIAN_POINT('',(-0.18519788431713,0.00147912239607001,-0.0015));
#14429=CARTESIAN_POINT('',(-0.18519788431713,0.00147912239607001,-0.0015));
#14430=CARTESIAN_POINT('',(-0.18526983018475,0.00155106826369,-0.0015));
#14431=CARTESIAN_POINT('',(-0.18526983018475,0.00155106826369001,-0.0015));
#14432=CARTESIAN_POINT('',(-0.18542218613971,0.00168226366934998,-0.0015));
#14433=CARTESIAN_POINT('',(-0.18542218613971,0.00168226366934998,-0.0015));
#14434=CARTESIAN_POINT('',(-0.18550259622705,0.00174151320738997,-0.0015));
#14435=CARTESIAN_POINT('',(-0.18550259622705,0.00174151320738999,-0.0015));
#14436=CARTESIAN_POINT('',(-0.18587502189473,0.00187694072291,-0.0015));
#14437=CARTESIAN_POINT('',(-0.18587502189473,0.00187694072291,-0.0015));
#14438=CARTESIAN_POINT('',(-0.18607816316801,0.00189386916235,-0.0015));
#14439=CARTESIAN_POINT('',(-0.18607816316801,0.00189386916235002,-0.0015));
#14440=CARTESIAN_POINT('',(-0.18647598149485,0.00182615540459001,-0.0015));
#14441=CARTESIAN_POINT('',(-0.18647598149485,0.00182615540459,-0.0015));
#14442=CARTESIAN_POINT('',(-0.18681455028365,0.00162301413131,-0.0015));
#14443=CARTESIAN_POINT('',(-0.18681455028365,0.00162301413131,-0.0015));
#14444=CARTESIAN_POINT('',(-0.18688649615127,0.00155106826369,-0.0015));
#14445=CARTESIAN_POINT('',(-0.18688649615127,0.00155106826369001,-0.0015));
#14446=CARTESIAN_POINT('',(-0.18701769155693,0.00139871230872999,-0.0015));
#14447=CARTESIAN_POINT('',(-0.18701769155693,0.00139871230872998,-0.0015));
#14448=CARTESIAN_POINT('',(-0.18711926219357,0.00122519580447,-0.0015));
#14449=CARTESIAN_POINT('',(-0.18711926219357,0.00122519580447,-0.0015));
#14450=CARTESIAN_POINT('',(-0.18718697595133,0.00103898297062999,-0.0015));
#14451=CARTESIAN_POINT('',(-0.18718697595133,0.00103898297062999,-0.0015));
#14452=CARTESIAN_POINT('',(-0.18722083283021,0.000844305917070378,-0.0015));
#14453=CARTESIAN_POINT('',(-0.18722083283021,-0.1648231956365,-0.0015));
#14454=CARTESIAN_POINT('',(-0.18722083283021,0.000641164643789998,-0.0015));
#14455=CARTESIAN_POINT('',(-0.18722083283021,0.000641164643789993,-0.0015));
#14456=CARTESIAN_POINT('',(-0.18718697595133,0.00044648759023,-0.0015));
#14457=CARTESIAN_POINT('',(-0.18718697595133,0.000446487590229999,-0.0015));
#14458=CARTESIAN_POINT('',(-0.18716158329217,0.000353381173309999,-0.0015));
#14459=CARTESIAN_POINT('',(-0.18716158329217,0.000353381173309991,-0.0015));
#14460=CARTESIAN_POINT('',(-0.18711926219357,0.000260274756390006,-0.0015));
#14461=CARTESIAN_POINT('',(-0.18711926219357,0.000260274756390011,-0.0015));
#14462=CARTESIAN_POINT('',(-0.18701769155693,8.6758252130002E-5,-0.0015));
#14463=CARTESIAN_POINT('',(-0.18701769155693,8.67582521300037E-5,-0.0015));
#14464=CARTESIAN_POINT('',(-0.18688649615127,-6.55977028299824E-5,-0.0015));
#14465=CARTESIAN_POINT('',(-0.18688649615127,-6.55977028299892E-5,-0.0015));
#14466=CARTESIAN_POINT('',(-0.18681455028365,-0.000137543570449998,-0.0015));
#14467=CARTESIAN_POINT('',(-0.18681455028365,-0.00013754357045001,-0.0015));
#14468=CARTESIAN_POINT('',(-0.18647598149485,-0.000340684843730009,-0.0015));
#14469=CARTESIAN_POINT('',(-0.18647598149485,-0.000340684843730011,-0.0015));
#14470=CARTESIAN_POINT('',(-0.18637864296807,-0.000366077502890009,-0.0015));
#14471=CARTESIAN_POINT('',(-0.18637864296807,-0.00036607750289,-0.0015));
#14472=CARTESIAN_POINT('',(-0.18617973380465,-0.000399934381769994,-0.0015));
#14473=CARTESIAN_POINT('',(-0.18617973380465,-0.000399934381769995,-0.0015));
#14474=CARTESIAN_POINT('',(-0.18607816316801,-0.000408398601490001,-0.0015));
#14475=CARTESIAN_POINT('',(-0.18607816316801,-0.000408398601490001,-0.0015));
#14476=CARTESIAN_POINT('',(-0.18597659253137,-0.000399934381769989,-0.0015));
#14477=CARTESIAN_POINT('',(-0.18597659253137,-0.000399934381769995,-0.0015));
#14478=CARTESIAN_POINT('',(-0.18578191547781,-0.000366077502889999,-0.0015));
#14479=CARTESIAN_POINT('',(-0.18578191547781,-0.00036607750289,-0.0015));
#14480=CARTESIAN_POINT('',(-0.18568880906089,-0.000340684843730004,-0.0015));
#14481=CARTESIAN_POINT('',(-0.18568880906089,-0.000340684843730011,-0.0015));
#14482=CARTESIAN_POINT('',(-0.18559570264397,-0.000298363745130009,-0.0015));
#14483=CARTESIAN_POINT('',(-0.18559570264397,-0.000298363745130009,-0.0015));
#14484=CARTESIAN_POINT('',(-0.18542218613971,-0.000196793108489999,-0.0015));
#14485=CARTESIAN_POINT('',(-0.18542218613971,-0.000196793108489996,-0.0015));
#14486=CARTESIAN_POINT('',(-0.18534177605237,-0.000137543570449993,-0.0015));
#14487=CARTESIAN_POINT('',(-0.18534177605237,-0.00013754357045001,-0.0015));
#14488=CARTESIAN_POINT('',(-0.076870234876478,0.039082656742336,-0.0015));
#14489=CARTESIAN_POINT('',(-0.0767873453727032,0.0390662146932626,-0.0015));
#14490=CARTESIAN_POINT('',(-0.076703711786177,0.039054151484603,-0.0015));
#14491=CARTESIAN_POINT('',(-0.0766200781996535,0.039042088275944,-0.0015));
#14492=CARTESIAN_POINT('',(-0.076275754366901,0.03892048134699,-0.0015));
#14493=CARTESIAN_POINT('',(-0.0759314305341503,0.0387988744180364,-0.0015));
#14494=CARTESIAN_POINT('',(-0.075844748206048,0.038747404035652,-0.0015));
#14495=CARTESIAN_POINT('',(-0.0757580658779491,0.0386959336532697,-0.0015));
#14496=CARTESIAN_POINT('',(-0.075670178262286,0.038646557352678,-0.0015));
#14497=CARTESIAN_POINT('',(-0.0755822906466239,0.038597181052087,-0.0015));
#14498=CARTESIAN_POINT('',(-0.075359140959118,0.038406078412214,-0.0015));
#14499=CARTESIAN_POINT('',(-0.0751359912716126,0.0382149757723417,-0.0015));
#14500=CARTESIAN_POINT('',(-0.075078188131862,0.038141464912505,-0.0015));
#14501=CARTESIAN_POINT('',(-0.0750203849921124,0.0380679540526697,-0.0015));
#14502=CARTESIAN_POINT('',(-0.074959915785553,0.037996606508654,-0.0015));
#14503=CARTESIAN_POINT('',(-0.0748994465789949,0.03792525896464,-0.0015));
#14504=CARTESIAN_POINT('',(-0.074752618124311,0.037660784663815,-0.0015));
#14505=CARTESIAN_POINT('',(-0.0746057896696273,0.0373963103629903,-0.0015));
#14506=CARTESIAN_POINT('',(-0.074585285351467,0.037332411768095,-0.0015));
#14507=CARTESIAN_POINT('',(-0.0745647810333071,0.0372685131732013,-0.0015));
#14508=CARTESIAN_POINT('',(-0.07453904200693,0.037206544662248,-0.0015));
#14509=CARTESIAN_POINT('',(-0.0745133029805535,0.0371445761512958,-0.0015));
#14510=CARTESIAN_POINT('',(-0.074454130933184,0.036848715914448,-0.0015));
#14511=CARTESIAN_POINT('',(-0.0743949588858149,0.0365528556776011,-0.0015));
#14512=CARTESIAN_POINT('',(-0.074394490595508,0.036096061897906,-0.0015));
#14513=CARTESIAN_POINT('',(-0.0743940223052008,0.0356392681182113,-0.0015));
#14514=CARTESIAN_POINT('',(-0.074406392169587,0.035620713030261,-0.0015));
#14515=CARTESIAN_POINT('',(-0.074402195390817,-0.01593775731683,-0.0015));
#14516=CARTESIAN_POINT('',(-0.0743856287476598,-0.0162413492347092,-0.0015));
#14517=CARTESIAN_POINT('',(-0.074429831211089,-0.01655090290607,-0.0015));
#14518=CARTESIAN_POINT('',(-0.0744740336745201,-0.01686045657744,-0.0015));
#14519=CARTESIAN_POINT('',(-0.074479949913783,-0.01693252521444,-0.0015));
#14520=CARTESIAN_POINT('',(-0.0744858661530464,-0.0170045938514525,-0.0015));
#14521=CARTESIAN_POINT('',(-0.074559439795498,-0.017262216275,-0.0015));
#14522=CARTESIAN_POINT('',(-0.0746330134379331,-0.0175198386984919,-0.0015));
#14523=CARTESIAN_POINT('',(-0.0746494700483,-0.01757981064081,-0.0015));
#14524=CARTESIAN_POINT('',(-0.0746659266586509,-0.0176397825830692,-0.0015));
#14525=CARTESIAN_POINT('',(-0.074730120929839,-0.01776803917422,-0.0015));
#14526=CARTESIAN_POINT('',(-0.0747943152010294,-0.0178962957653741,-0.0015));
#14527=CARTESIAN_POINT('',(-0.074804800043082,-0.017927246844,-0.0015));
#14528=CARTESIAN_POINT('',(-0.0748152848851367,-0.0179581979226341,-0.0015));
#14529=CARTESIAN_POINT('',(-0.081706536987035,-0.02991179534834,-0.0015));
#14530=CARTESIAN_POINT('',(-0.0885977890889102,-0.0418653927740089,-0.0015));
#14531=CARTESIAN_POINT('',(-0.088635888403475,-0.04193690073428,-0.0015));
#14532=CARTESIAN_POINT('',(-0.0886739877180181,-0.0420084086945111,-0.0015));
#14533=CARTESIAN_POINT('',(-0.088807294117117,-0.04217131843378,-0.0015));
#14534=CARTESIAN_POINT('',(-0.0889406005162282,-0.0423342281730628,-0.0015));
#14535=CARTESIAN_POINT('',(-0.088987557646793,-0.04239707659596,-0.0015));
#14536=CARTESIAN_POINT('',(-0.0890345147773653,-0.0424599250188654,-0.0015));
#14537=CARTESIAN_POINT('',(-0.089278397701915,-0.04267941965096,-0.0015));
#14538=CARTESIAN_POINT('',(-0.089522280626469,-0.0428989142830603,-0.0015));
#14539=CARTESIAN_POINT('',(-0.089535175726743,-0.04290658163998,-0.0015));
#14540=CARTESIAN_POINT('',(-0.0895480708270148,-0.0429142489969,-0.0015));
#14541=CARTESIAN_POINT('',(-0.089559450679857,-0.0429240490778,-0.0015));
#14542=CARTESIAN_POINT('',(-0.089570830532679,-0.0429338491586794,-0.0015));
#14543=CARTESIAN_POINT('',(-0.089948034911897,-0.04314709563762,-0.0015));
#14544=CARTESIAN_POINT('',(-0.0903252392911198,-0.0433603421165668,-0.0015));
#14545=CARTESIAN_POINT('',(-0.090397146343495,-0.04338401768682,-0.0015));
#14546=CARTESIAN_POINT('',(-0.0904690533959181,-0.0434076932570863,-0.0015));
#14547=CARTESIAN_POINT('',(-0.090539153795567,-0.04343620692919,-0.0015));
#14548=CARTESIAN_POINT('',(-0.0906092541952544,-0.0434647206013106,-0.0015));
#14549=CARTESIAN_POINT('',(-0.091035269287048,-0.04354660769774,-0.0015));
#14550=CARTESIAN_POINT('',(-0.0914612843788536,-0.0436284947941731,-0.0015));
#14551=CARTESIAN_POINT('',(-0.091525605900215,-0.04362807123615,-0.0015));
#14552=CARTESIAN_POINT('',(-0.0915899274216367,-0.0436276476781218,-0.0015));
#14553=CARTESIAN_POINT('',(-0.091654056624379,-0.04363289653696,-0.0015));
#14554=CARTESIAN_POINT('',(-0.0917181858271789,-0.0436381453958037,-0.0015));
#14555=CARTESIAN_POINT('',(-0.092146723725234,-0.04358871045195,-0.0015));
#14556=CARTESIAN_POINT('',(-0.0925752616232921,-0.0435392755080962,-0.0015));
#14557=CARTESIAN_POINT('',(-0.092607941641117,-0.04352875780121,-0.0015));
#14558=CARTESIAN_POINT('',(-0.0926406216589235,-0.0435182400943323,-0.0015));
#14559=CARTESIAN_POINT('',(-0.092674450571598,-0.04351241578967,-0.0015));
#14560=CARTESIAN_POINT('',(-0.0927082794842537,-0.0435065914850108,-0.0015));
#14561=CARTESIAN_POINT('',(-0.092906330453702,-0.04343045382643,-0.0015));
#14562=CARTESIAN_POINT('',(-0.0931043814231355,-0.0433543161678554,-0.0015));
#14563=CARTESIAN_POINT('',(-0.09318007591951,-0.04332860593138,-0.0015));
#14564=CARTESIAN_POINT('',(-0.0932557704158639,-0.0433028956949101,-0.0015));
#14565=CARTESIAN_POINT('',(-0.100629697099989,-0.03904098524093,-0.0015));
#14566=CARTESIAN_POINT('',(-0.108003623784095,-0.0347790747869644,-0.0015));
#14567=CARTESIAN_POINT('',(-0.108004254034714,-0.03477893461901,-0.0015));
#14568=CARTESIAN_POINT('',(-0.108004884285334,-0.0347787944510543,-0.0015));
#14569=CARTESIAN_POINT('',(-0.124278562893821,-0.03259125498084,-0.0015));
#14570=CARTESIAN_POINT('',(-0.140552241502457,-0.0304037155105996,-0.0015));
#14571=CARTESIAN_POINT('',(-0.140630544337235,-0.03039665659291,-0.0015));
#14572=CARTESIAN_POINT('',(-0.140708847172167,-0.0303895976752098,-0.0015));
#14573=CARTESIAN_POINT('',(-0.141056846052763,-0.03028715589947,-0.0015));
#14574=CARTESIAN_POINT('',(-0.141404844933381,-0.0301847141237242,-0.0015));
#14575=CARTESIAN_POINT('',(-0.141504131920451,-0.03013268920799,-0.0015));
#14576=CARTESIAN_POINT('',(-0.141603418907692,-0.0300806642921653,-0.0015));
#14577=CARTESIAN_POINT('',(-0.141702809072709,-0.03002912690706,-0.0015));
#14578=CARTESIAN_POINT('',(-0.141802199237882,-0.0299775895218703,-0.0015));
#14579=CARTESIAN_POINT('',(-0.142013848367383,-0.02980827021827,-0.0015));
#14580=CARTESIAN_POINT('',(-0.142225497496877,-0.0296389509146763,-0.0015));
#14581=CARTESIAN_POINT('',(-0.142253173665676,-0.02960607056985,-0.0015));
#14582=CARTESIAN_POINT('',(-0.142280849834471,-0.0295731902250307,-0.0015));
#14583=CARTESIAN_POINT('',(-0.142312423010957,-0.0295440388181,-0.0015));
#14584=CARTESIAN_POINT('',(-0.142343996187434,-0.029514887411176,-0.0015));
#14585=CARTESIAN_POINT('',(-0.146488325212018,-0.02381744270526,-0.0015));
#14586=CARTESIAN_POINT('',(-0.150632654236603,-0.01811999799934,-0.0015));
#14587=CARTESIAN_POINT('',(-0.16796068012541,-0.01811999799934,-0.0015));
#14588=CARTESIAN_POINT('',(-0.185288706014221,-0.0181199979993401,-0.0015));
#14589=CARTESIAN_POINT('',(-0.18535154758017,-0.01810749799934,-0.0015));
#14590=CARTESIAN_POINT('',(-0.185414389146119,-0.01809499799934,-0.0015));
#14591=CARTESIAN_POINT('',(-0.18596901203397,-0.01809499799934,-0.0015));
#14592=CARTESIAN_POINT('',(-0.186523634921821,-0.0180949979993399,-0.0015));
#14593=CARTESIAN_POINT('',(-0.18658647648777,-0.01810749799934,-0.0015));
#14594=CARTESIAN_POINT('',(-0.186649318053715,-0.01811999799934,-0.0015));
#14595=CARTESIAN_POINT('',(-0.1956196872395,-0.01811999799934,-0.0015));
#14596=CARTESIAN_POINT('',(-0.20459005642529,-0.0181199979993401,-0.0015));
#14597=CARTESIAN_POINT('',(-0.204592928306,-0.01811942634536,-0.0015));
#14598=CARTESIAN_POINT('',(-0.20459580018669,-0.0181188546913877,-0.0015));
#14599=CARTESIAN_POINT('',(-0.20459871902522,-0.0181188523313,-0.0015));
#14600=CARTESIAN_POINT('',(-0.204601637863709,-0.0181188499712082,-0.0015));
#14601=CARTESIAN_POINT('',(-0.20489764006624,-0.01805968605164,-0.0015));
#14602=CARTESIAN_POINT('',(-0.205193642268786,-0.018000522132074,-0.0015));
#14603=CARTESIAN_POINT('',(-0.20525579252858,-0.01797471190497,-0.0015));
#14604=CARTESIAN_POINT('',(-0.2053179427884,-0.017948901677855,-0.0015));
#14605=CARTESIAN_POINT('',(-0.20534466166282,-0.01794032125586,-0.0015));
#14606=CARTESIAN_POINT('',(-0.205371380537265,-0.0179317408338543,-0.0015));
#14607=CARTESIAN_POINT('',(-0.20551596450495,-0.01791290614075,-0.0015));
#14608=CARTESIAN_POINT('',(-0.205660548472665,-0.0178940714476429,-0.0015));
#14609=CARTESIAN_POINT('',(-0.20591168120207,-0.01767435259508,-0.0015));
#14610=CARTESIAN_POINT('',(-0.206162813931499,-0.0174546337424951,-0.0015));
#14611=CARTESIAN_POINT('',(-0.20641872663545,-0.01723761463131,-0.0015));
#14612=CARTESIAN_POINT('',(-0.206674639339421,-0.0170205955201046,-0.0015));
#14613=CARTESIAN_POINT('',(-0.20667580536479,-0.01701646584692,-0.0015));
#14614=CARTESIAN_POINT('',(-0.206676971390159,-0.0170123361737413,-0.0015));
#14615=CARTESIAN_POINT('',(-0.2066906578501,-0.01700286865925,-0.0015));
#14616=CARTESIAN_POINT('',(-0.206704344310041,-0.0169934011447597,-0.0015));
#14617=CARTESIAN_POINT('',(-0.20681270468902,-0.0167188448048,-0.0015));
#14618=CARTESIAN_POINT('',(-0.206921065068002,-0.016444288464832,-0.0015));
#14619=CARTESIAN_POINT('',(-0.20705197283191,-0.01617979353834,-0.0015));
#14620=CARTESIAN_POINT('',(-0.207182880595819,-0.015915298611848,-0.0015));
#14621=CARTESIAN_POINT('',(-0.20716163324129,-0.0157528551746,-0.0015));
#14622=CARTESIAN_POINT('',(-0.207140385886761,-0.01559041173735,-0.0015));
#14623=CARTESIAN_POINT('',(-0.20714553862864,-0.01556205575349,-0.0015));
#14624=CARTESIAN_POINT('',(-0.207150691370515,-0.0155336997696406,-0.0015));
#14625=CARTESIAN_POINT('',(-0.20714942670224,-0.01545761732622,-0.0015));
#14626=CARTESIAN_POINT('',(-0.20714816203397,-0.0153815348829587,-0.0015));
#14627=CARTESIAN_POINT('',(-0.20714816203397,0.009355141600061,-0.0015));
#14628=CARTESIAN_POINT('',(-0.207148162033971,0.0340918180828179,-0.0015));
#14629=CARTESIAN_POINT('',(-0.2071494258262,0.034167932076072,-0.0015));
#14630=CARTESIAN_POINT('',(-0.207150689618426,0.0342440460692101,-0.0015));
#14631=CARTESIAN_POINT('',(-0.20709527645405,0.034548809067009,-0.0015));
#14632=CARTESIAN_POINT('',(-0.207039863289675,0.0348535720647977,-0.0015));
#14633=CARTESIAN_POINT('',(-0.20700068973937,0.034952743597656,-0.0015));
#14634=CARTESIAN_POINT('',(-0.206961516189033,0.0350519151305911,-0.0015));
#14635=CARTESIAN_POINT('',(-0.20692369837213,0.035151637179285,-0.0015));
#14636=CARTESIAN_POINT('',(-0.206885880555194,0.0352513592280678,-0.0015));
#14637=CARTESIAN_POINT('',(-0.20672912898675,0.035502045768478,-0.0015));
#14638=CARTESIAN_POINT('',(-0.206572377418302,0.0357527323088931,-0.0015));
#14639=CARTESIAN_POINT('',(-0.20655883280379,0.035767119761335,-0.0015));
#14640=CARTESIAN_POINT('',(-0.206545288189277,0.0357815072137778,-0.0015));
#14641=CARTESIAN_POINT('',(-0.20653431470854,0.035797932598436,-0.0015));
#14642=CARTESIAN_POINT('',(-0.2065233412278,0.0358143579831016,-0.0015));
#14643=CARTESIAN_POINT('',(-0.20650017622542,0.035837522985481,-0.0015));
#14644=CARTESIAN_POINT('',(-0.206477011223033,0.035860687987866,-0.0015));
#14645=CARTESIAN_POINT('',(-0.20639233894433,0.036015902521685,-0.0015));
#14646=CARTESIAN_POINT('',(-0.206307666665627,0.0361711170555063,-0.0015));
#14647=CARTESIAN_POINT('',(-0.20605817876566,0.036301739199212,-0.0015));
#14648=CARTESIAN_POINT('',(-0.205808690865694,0.0364323613429177,-0.0015));
#14649=CARTESIAN_POINT('',(-0.20557454276048,0.036588828671786,-0.0015));
#14650=CARTESIAN_POINT('',(-0.205340394655269,0.036745296000653,-0.0015));
#14651=CARTESIAN_POINT('',(-0.20516355489536,0.036745296000653,-0.0015));
#14652=CARTESIAN_POINT('',(-0.20498671513545,0.036745296000653,-0.0015));
#14653=CARTESIAN_POINT('',(-0.20489450253797,0.036772407508442,-0.0015));
#14654=CARTESIAN_POINT('',(-0.204802289940489,0.0367995190162316,-0.0015));
#14655=CARTESIAN_POINT('',(-0.20474875455141,0.036804331778418,-0.0015));
#14656=CARTESIAN_POINT('',(-0.204695219162326,0.0368091445406045,-0.0015));
#14657=CARTESIAN_POINT('',(-0.20464251664957,0.036819623270628,-0.0015));
#14658=CARTESIAN_POINT('',(-0.204589814136808,0.036830102000653,-0.0015));
#14659=CARTESIAN_POINT('',(-0.19561956609526,0.036830102000653,-0.0015));
#14660=CARTESIAN_POINT('',(-0.186649318053715,0.0368301020006522,-0.0015));
#14661=CARTESIAN_POINT('',(-0.18658647648777,0.036817602000653,-0.0015));
#14662=CARTESIAN_POINT('',(-0.186523634921821,0.036805102000653,-0.0015));
#14663=CARTESIAN_POINT('',(-0.18596925790792,0.036805102000653,-0.0015));
#14664=CARTESIAN_POINT('',(-0.185414880894017,0.0368051020006524,-0.0015));
#14665=CARTESIAN_POINT('',(-0.18535287009254,0.036817497677853,-0.0015));
#14666=CARTESIAN_POINT('',(-0.18529085929107,0.0368298933550524,-0.0015));
#14667=CARTESIAN_POINT('',(-0.17751796066252,0.03683725855542,-0.0015));
#14668=CARTESIAN_POINT('',(-0.16974506203397,0.0368446237557878,-0.0015));
#14669=CARTESIAN_POINT('',(-0.16974506203397,0.037940521508911,-0.0015));
#14670=CARTESIAN_POINT('',(-0.16974506203397,0.0390364192620353,-0.0015));
#14671=CARTESIAN_POINT('',(-0.16974446835186,0.039039404266186,-0.0015));
#14672=CARTESIAN_POINT('',(-0.169743874669746,0.0390423892703455,-0.0015));
#14673=CARTESIAN_POINT('',(-0.16974387156304,0.039045464288453,-0.0015));
#14674=CARTESIAN_POINT('',(-0.169743868456332,0.0390485393065597,-0.0015));
#14675=CARTESIAN_POINT('',(-0.1696846822168,0.039344470504222,-0.0015));
#14676=CARTESIAN_POINT('',(-0.169625495977269,0.0396404017018798,-0.0015));
#14677=CARTESIAN_POINT('',(-0.16961926366396,0.039655401606493,-0.0015));
#14678=CARTESIAN_POINT('',(-0.169613031350656,0.0396704015111008,-0.0015));
#14679=CARTESIAN_POINT('',(-0.16960320641556,0.039819484222029,-0.0015));
#14680=CARTESIAN_POINT('',(-0.169593381480462,0.0399685669329459,-0.0015));
#14681=CARTESIAN_POINT('',(-0.16939858076489,0.040221650736369,-0.0015));
#14682=CARTESIAN_POINT('',(-0.169203780049318,0.0404747345397908,-0.0015));
#14683=CARTESIAN_POINT('',(-0.16902040618184,0.040734681308783,-0.0015));
#14684=CARTESIAN_POINT('',(-0.16883703231436,0.0409946280777774,-0.0015));
#14685=CARTESIAN_POINT('',(-0.16870635397827,0.041045058308545,-0.0015));
#14686=CARTESIAN_POINT('',(-0.168575664242212,0.041095497284631,-0.0015));
#14687=CARTESIAN_POINT('',(-0.16854449262652,0.041113437786851,-0.0015));
#14688=CARTESIAN_POINT('',(-0.168513332570908,0.0411313669598458,-0.0015));
#14689=CARTESIAN_POINT('',(-0.16848493582963,0.04115340377914,-0.0015));
#14690=CARTESIAN_POINT('',(-0.168456539088361,0.0411754405984276,-0.0015));
#14691=CARTESIAN_POINT('',(-0.16821195636642,0.041297731959398,-0.0015));
#14692=CARTESIAN_POINT('',(-0.167967373644481,0.041420023320367,-0.0015));
#14693=CARTESIAN_POINT('',(-0.16791699137487,0.041433821015666,-0.0015));
#14694=CARTESIAN_POINT('',(-0.16786660910525,0.0414476187109662,-0.0015));
#14695=CARTESIAN_POINT('',(-0.16781804748003,0.041466824708163,-0.0015));
#14696=CARTESIAN_POINT('',(-0.167769485854807,0.0414860307053616,-0.0015));
#14697=CARTESIAN_POINT('',(-0.16754776980131,0.041526445699499,-0.0015));
#14698=CARTESIAN_POINT('',(-0.167326053747834,0.0415668606936327,-0.0015));
#14699=CARTESIAN_POINT('',(-0.16725458595232,0.041580953159787,-0.0015));
#14700=CARTESIAN_POINT('',(-0.16718311815682,0.0415950456259383,-0.0015));
#14701=CARTESIAN_POINT('',(-0.16192376545453,0.041586728584609,-0.0015));
#14702=CARTESIAN_POINT('',(-0.156664412752255,0.0415784115432797,-0.0015));
#14703=CARTESIAN_POINT('',(-0.15417460589496,0.041590501437893,-0.0015));
#14704=CARTESIAN_POINT('',(-0.151684799037689,0.0416025913325062,-0.0015));
#14705=CARTESIAN_POINT('',(-0.151683508692019,0.041606980116733,-0.0015));
#14706=CARTESIAN_POINT('',(-0.151682218346349,0.0416113689009593,-0.0015));
#14707=CARTESIAN_POINT('',(-0.151692700302704,0.041744489746597,-0.0015));
#14708=CARTESIAN_POINT('',(-0.151703182259059,0.0418776105922361,-0.0015));
#14709=CARTESIAN_POINT('',(-0.151543170666728,0.042162107802747,-0.0015));
#14710=CARTESIAN_POINT('',(-0.151383159074397,0.0424466050132577,-0.0015));
#14711=CARTESIAN_POINT('',(-0.15123257334109,0.042734237446941,-0.0015));
#14712=CARTESIAN_POINT('',(-0.151081987607783,0.0430218698806235,-0.0015));
#14713=CARTESIAN_POINT('',(-0.150945803442292,0.043096345596125,-0.0015));
#14714=CARTESIAN_POINT('',(-0.150809619276803,0.0431708213116258,-0.0015));
#14715=CARTESIAN_POINT('',(-0.150767631258192,0.043203802398516,-0.0015));
#14716=CARTESIAN_POINT('',(-0.150725643239573,0.0432367834854128,-0.0015));
#14717=CARTESIAN_POINT('',(-0.150654787761574,0.043296902646373,-0.0015));
#14718=CARTESIAN_POINT('',(-0.150583932283566,0.0433570218073419,-0.0015));
#14719=CARTESIAN_POINT('',(-0.150319538897373,0.043503987562107,-0.0015));
#14720=CARTESIAN_POINT('',(-0.150055145511179,0.0436509533168729,-0.0015));
#14721=CARTESIAN_POINT('',(-0.149990882720336,0.043671617015084,-0.0015));
#14722=CARTESIAN_POINT('',(-0.149926619929495,0.0436922807132948,-0.0015));
#14723=CARTESIAN_POINT('',(-0.149864271399556,0.043718165355891,-0.0015));
#14724=CARTESIAN_POINT('',(-0.149801922869621,0.0437440499984852,-0.0015));
#14725=CARTESIAN_POINT('',(-0.149506088787041,0.043803180314806,-0.0015));
#14726=CARTESIAN_POINT('',(-0.149210254704463,0.0438623106311265,-0.0015));
#14727=CARTESIAN_POINT('',(-0.149206660936601,0.043862314244406,-0.0015));
#14728=CARTESIAN_POINT('',(-0.149203067168739,0.0438623178576856,-0.0015));
#14729=CARTESIAN_POINT('',(-0.149199516861518,0.043863020204235,-0.0015));
#14730=CARTESIAN_POINT('',(-0.149195966554297,0.0438637225507846,-0.0015));
#14731=CARTESIAN_POINT('',(-0.140971280616654,0.043855400933415,-0.0015));
#14732=CARTESIAN_POINT('',(-0.13274659467901,0.0438470793160454,-0.0015));
#14733=CARTESIAN_POINT('',(-0.132694240980849,0.043836619074147,-0.0015));
#14734=CARTESIAN_POINT('',(-0.132641887282688,0.0438261588322484,-0.0015));
#14735=CARTESIAN_POINT('',(-0.132588698048193,0.043821355514896,-0.0015));
#14736=CARTESIAN_POINT('',(-0.132535508813698,0.0438165521975436,-0.0015));
#14737=CARTESIAN_POINT('',(-0.13244353869814,0.043789478599098,-0.0015));
#14738=CARTESIAN_POINT('',(-0.132351568582583,0.043762405000653,-0.0015));
#14739=CARTESIAN_POINT('',(-0.132175264317826,0.043762405000653,-0.0015));
#14740=CARTESIAN_POINT('',(-0.131998960053071,0.0437624050006528,-0.0015));
#14741=CARTESIAN_POINT('',(-0.131764521635141,0.043605941982569,-0.0015));
#14742=CARTESIAN_POINT('',(-0.131530083217213,0.0434494789644865,-0.0015));
#14743=CARTESIAN_POINT('',(-0.131280485380562,0.043318652825673,-0.0015));
#14744=CARTESIAN_POINT('',(-0.131030887543912,0.04318782668686,-0.0015));
#14745=CARTESIAN_POINT('',(-0.130946439582107,0.043033095530216,-0.0015));
#14746=CARTESIAN_POINT('',(-0.130861991620302,0.0428783643735711,-0.0015));
#14747=CARTESIAN_POINT('',(-0.130838962223982,0.04285535547019,-0.0015));
#14748=CARTESIAN_POINT('',(-0.130815932827662,0.0428323465668091,-0.0015));
#14749=CARTESIAN_POINT('',(-0.130788244110506,0.042790952971825,-0.0015));
#14750=CARTESIAN_POINT('',(-0.13076055539335,0.0427495593768413,-0.0015));
#14751=CARTESIAN_POINT('',(-0.130728357670619,0.042711571211079,-0.0015));
#14752=CARTESIAN_POINT('',(-0.130696159947887,0.0426735830453153,-0.0015));
#14753=CARTESIAN_POINT('',(-0.130549324808758,0.042409096704155,-0.0015));
#14754=CARTESIAN_POINT('',(-0.13040248966963,0.042144610362995,-0.0015));
#14755=CARTESIAN_POINT('',(-0.130381985351469,0.042080711768099,-0.0015));
#14756=CARTESIAN_POINT('',(-0.130361481033308,0.0420168131732026,-0.0015));
#14757=CARTESIAN_POINT('',(-0.130335742006931,0.041954844662249,-0.0015));
#14758=CARTESIAN_POINT('',(-0.130310002980553,0.0418928761512938,-0.0015));
#14759=CARTESIAN_POINT('',(-0.130280019933951,0.041742960918283,-0.0015));
#14760=CARTESIAN_POINT('',(-0.130250036887349,0.0415930456852716,-0.0015));
#14761=CARTESIAN_POINT('',(-0.122596020702629,0.041585706466881,-0.0015));
#14762=CARTESIAN_POINT('',(-0.114942004517902,0.0415783672484903,-0.0015));
#14763=CARTESIAN_POINT('',(-0.114865060433909,0.041579636217114,-0.0015));
#14764=CARTESIAN_POINT('',(-0.114788116349908,0.0415809051857378,-0.0015));
#14765=CARTESIAN_POINT('',(-0.114483513607318,0.041525553930214,-0.0015));
#14766=CARTESIAN_POINT('',(-0.11417891086473,0.0414702026746902,-0.0015));
#14767=CARTESIAN_POINT('',(-0.114129974941288,0.04145088820779,-0.0015));
#14768=CARTESIAN_POINT('',(-0.114081039017852,0.0414315737408924,-0.0015));
#14769=CARTESIAN_POINT('',(-0.114030277176724,0.041417664758663,-0.0015));
#14770=CARTESIAN_POINT('',(-0.1139795153356,0.0414037557764344,-0.0015));
#14771=CARTESIAN_POINT('',(-0.113735056025789,0.041281526121529,-0.0015));
#14772=CARTESIAN_POINT('',(-0.113490596715979,0.0411592964666239,-0.0015));
#14773=CARTESIAN_POINT('',(-0.113462158024394,0.041137232159569,-0.0015));
#14774=CARTESIAN_POINT('',(-0.11343371933281,0.0411151678525144,-0.0015));
#14775=CARTESIAN_POINT('',(-0.113402503056546,0.041097202382401,-0.0015));
#14776=CARTESIAN_POINT('',(-0.113371286780282,0.0410792369122875,-0.0015));
#14777=CARTESIAN_POINT('',(-0.113141566943937,0.040878385261082,-0.0015));
#14778=CARTESIAN_POINT('',(-0.112911847107593,0.0406775336098771,-0.0015));
#14779=CARTESIAN_POINT('',(-0.112876203063583,0.040631237780699,-0.0015));
#14780=CARTESIAN_POINT('',(-0.112840559019573,0.0405849419515205,-0.0015));
#14781=CARTESIAN_POINT('',(-0.112800549094873,0.040542375660215,-0.0015));
#14782=CARTESIAN_POINT('',(-0.112760539170173,0.0404998093689095,-0.0015));
#14783=CARTESIAN_POINT('',(-0.112729334667642,0.040449843640782,-0.0015));
#14784=CARTESIAN_POINT('',(-0.112698130165111,0.0403998779126551,-0.0015));
#14785=CARTESIAN_POINT('',(-0.112552756001038,0.040257199305333,-0.0015));
#14786=CARTESIAN_POINT('',(-0.112407381836965,0.0401145206980108,-0.0015));
#14787=CARTESIAN_POINT('',(-0.112355486253755,0.039866456390461,-0.0015));
#14788=CARTESIAN_POINT('',(-0.112303590670545,0.0396183920829096,-0.0015));
#14789=CARTESIAN_POINT('',(-0.112213818092078,0.039381154338574,-0.0015));
#14790=CARTESIAN_POINT('',(-0.112124045513611,0.0391439165942372,-0.0015));
#14791=CARTESIAN_POINT('',(-0.112131025659584,0.039113716490056,-0.0015));
#14792=CARTESIAN_POINT('',(-0.18637864296807,0.01663853991459,-0.0015));
#14793=CARTESIAN_POINT('',(-0.18637864296807,0.01663853991459,-0.0015));
#14794=CARTESIAN_POINT('',(-0.18628130444129,0.01661314725543,-0.0015));
#14795=CARTESIAN_POINT('',(-0.18628130444129,0.01661314725543,-0.0015));
#14796=CARTESIAN_POINT('',(-0.18607816316801,0.01659621881599,-0.0015));
#14797=CARTESIAN_POINT('',(-0.18607816316801,0.01659621881599,-0.0015));
#14798=CARTESIAN_POINT('',(-0.18568880906089,0.01666393257375,-0.0015));
#14799=CARTESIAN_POINT('',(-0.18568880906089,0.01666393257375,-0.0015));
#14800=CARTESIAN_POINT('',(-0.18559570264397,0.01670625367235,-0.0015));
#14801=CARTESIAN_POINT('',(-0.18559570264397,0.01670625367235,-0.0015));
#14802=CARTESIAN_POINT('',(-0.18542218613971,0.01680359219913,-0.0015));
#14803=CARTESIAN_POINT('',(-0.18542218613971,0.01680359219913,-0.0015));
#14804=CARTESIAN_POINT('',(-0.18526983018475,0.01693055549493,-0.0015));
#14805=CARTESIAN_POINT('',(-0.18526983018475,0.01693055549493,-0.0015));
#14806=CARTESIAN_POINT('',(-0.18519788431713,0.01700250136255,-0.0015));
#14807=CARTESIAN_POINT('',(-0.18519788431713,0.01700250136255,-0.0015));
#14808=CARTESIAN_POINT('',(-0.18513863477909,0.01708291144989,-0.0015));
#14809=CARTESIAN_POINT('',(-0.18513863477909,0.01708291144989,-0.0015));
#14810=CARTESIAN_POINT('',(-0.18503706414245,0.01725642795415,-0.0015));
#14811=CARTESIAN_POINT('',(-0.18503706414245,0.01725642795415,-0.0015));
#14812=CARTESIAN_POINT('',(-0.18496935038469,0.01744687289785,-0.0015));
#14813=CARTESIAN_POINT('',(-0.18496935038469,0.01744687289785,-0.0015));
#14814=CARTESIAN_POINT('',(-0.18494395772553,0.01754421142463,-0.0015));
#14815=CARTESIAN_POINT('',(-0.18494395772553,0.01754421142463,-0.0015));
#14816=CARTESIAN_POINT('',(-0.18492702928609,0.01773888847819,-0.0015));
#14817=CARTESIAN_POINT('',(-0.18492702928609,0.01773888847819,-0.0015));
#14818=CARTESIAN_POINT('',(-0.18493549350581,0.01784045911483,-0.0015));
#14819=CARTESIAN_POINT('',(-0.18493549350581,0.01784045911483,-0.0015));
#14820=CARTESIAN_POINT('',(-0.18496935038469,0.01803936827825,-0.0015));
#14821=CARTESIAN_POINT('',(-0.18496935038469,0.01803936827825,-0.0015));
#14822=CARTESIAN_POINT('',(-0.18509631368049,0.01831022330929,-0.0015));
#14823=CARTESIAN_POINT('',(-0.18509631368049,0.0183102233092901,-0.0015));
#14824=CARTESIAN_POINT('',(-0.18519788431713,0.01848373981355,-0.0015));
#14825=CARTESIAN_POINT('',(-0.18519788431713,0.01848373981355,-0.0015));
#14826=CARTESIAN_POINT('',(-0.18534177605237,0.01862763154879,-0.0015));
#14827=CARTESIAN_POINT('',(-0.18534177605237,0.01862763154879,-0.0015));
#14828=CARTESIAN_POINT('',(-0.18542218613971,0.01868264897697,-0.0015));
#14829=CARTESIAN_POINT('',(-0.18542218613971,0.01868264897697,-0.0015));
#14830=CARTESIAN_POINT('',(-0.18551529255663,0.01872497007557,-0.0015));
#14831=CARTESIAN_POINT('',(-0.18551529255663,0.01872497007557,-0.0015));
#14832=CARTESIAN_POINT('',(-0.18578191547781,0.01884770126151,-0.0015));
#14833=CARTESIAN_POINT('',(-0.18578191547781,0.01884770126151,-0.0015));
#14834=CARTESIAN_POINT('',(-0.18597659253137,0.01888155814039,-0.0015));
#14835=CARTESIAN_POINT('',(-0.074535687805523,0.01888155814039,-0.0015));
#14836=CARTESIAN_POINT('',(-0.18617973380464,0.0188815581403902,-0.0015));
#14837=CARTESIAN_POINT('',(-0.18617973380464,0.01888155814039,-0.0015));
#14838=CARTESIAN_POINT('',(-0.18628130444129,0.01887309392067,-0.0015));
#14839=CARTESIAN_POINT('',(-0.18628130444129,0.01887309392067,-0.0015));
#14840=CARTESIAN_POINT('',(-0.18665373010897,0.01873766640515,-0.0015));
#14841=CARTESIAN_POINT('',(-0.18665373010897,0.01873766640515,-0.0015));
#14842=CARTESIAN_POINT('',(-0.18673414019631,0.01868264897697,-0.0015));
#14843=CARTESIAN_POINT('',(-0.18673414019631,0.01868264897697,-0.0015));
#14844=CARTESIAN_POINT('',(-0.18688649615127,0.01855568568117,-0.0015));
#14845=CARTESIAN_POINT('',(-0.18688649615127,0.01855568568117,-0.0015));
#14846=CARTESIAN_POINT('',(-0.18701769155693,0.01839909761635,-0.0015));
#14847=CARTESIAN_POINT('',(-0.18701769155693,0.01839909761635,-0.0015));
#14848=CARTESIAN_POINT('',(-0.18707694109497,0.01831445541915,-0.0015));
#14849=CARTESIAN_POINT('',(-0.18707694109497,0.01831445541915,-0.0015));
#14850=CARTESIAN_POINT('',(-0.18716158329217,0.01813670680503,-0.0015));
#14851=CARTESIAN_POINT('',(-0.18716158329217,0.01813670680503,-0.0015));
#14852=CARTESIAN_POINT('',(-0.18722929704993,0.01773888847819,-0.0015));
#14853=CARTESIAN_POINT('',(-0.18722929704993,0.01773888847819,-0.0015));
#14854=CARTESIAN_POINT('',(-0.18716158329217,0.01734953437107,-0.0015));
#14855=CARTESIAN_POINT('',(-0.18716158329217,0.01734953437107,-0.0015));
#14856=CARTESIAN_POINT('',(-0.18707694109497,0.01716332153723,-0.0015));
#14857=CARTESIAN_POINT('',(-0.18707694109497,0.01716332153723,-0.0015));
#14858=CARTESIAN_POINT('',(-0.18681455028365,0.01685860962731,-0.0015));
#14859=CARTESIAN_POINT('',(-0.18681455028365,0.01685860962731,-0.0015));
#14860=CARTESIAN_POINT('',(-0.18665373010897,0.01674857477095,-0.0015));
#14861=CARTESIAN_POINT('',(-0.18665373010897,0.01674857477095,-0.0015));
#14862=CARTESIAN_POINT('',(-0.18656485580191,0.01670625367235,-0.0015));
#14863=CARTESIAN_POINT('',(-0.18656485580191,0.01670625367235,-0.0015));
#14864=CARTESIAN_POINT('',(-0.14407024069765,-0.01425162995355,-0.0015));
#14865=CARTESIAN_POINT('',(-0.14407024069765,-0.01425162995355,-0.0015));
#14866=CARTESIAN_POINT('',(-0.14403638381877,-0.01405695289999,-0.0015));
#14867=CARTESIAN_POINT('',(-0.14403638381877,-0.01405695289999,-0.0015));
#14868=CARTESIAN_POINT('',(-0.14402791959905,-0.01395961437321,-0.0015));
#14869=CARTESIAN_POINT('',(-0.14402791959905,-0.01395961437321,-0.0015));
#14870=CARTESIAN_POINT('',(-0.14404484803849,-0.01375647309993,-0.0015));
#14871=CARTESIAN_POINT('',(-0.14404484803849,-0.01375647309993,-0.0015));
#14872=CARTESIAN_POINT('',(-0.14418027555401,-0.01338404743225,-0.0015));
#14873=CARTESIAN_POINT('',(-0.14418027555401,-0.01338404743225,-0.0015));
#14874=CARTESIAN_POINT('',(-0.14429877463009,-0.01321476303785,-0.0015));
#14875=CARTESIAN_POINT('',(-0.14429877463009,-0.01321476303785,-0.0015));
#14876=CARTESIAN_POINT('',(-0.14437072049771,-0.01314704928009,-0.0015));
#14877=CARTESIAN_POINT('',(-0.14437072049771,-0.01314704928009,-0.0015));
#14878=CARTESIAN_POINT('',(-0.14452307645267,-0.01302008598429,-0.0015));
#14879=CARTESIAN_POINT('',(-0.14452307645267,-0.01302008598429,-0.0015));
#14880=CARTESIAN_POINT('',(-0.14469236084707,-0.01291851534765,-0.0015));
#14881=CARTESIAN_POINT('',(-0.14469236084707,-0.01291851534765,-0.0015));
#14882=CARTESIAN_POINT('',(-0.14478123515413,-0.01287619424905,-0.0015));
#14883=CARTESIAN_POINT('',(-0.14478123515413,-0.01287619424905,-0.0015));
#14884=CARTESIAN_POINT('',(-0.14497591220769,-0.01282540893073,-0.0015));
#14885=CARTESIAN_POINT('',(-0.14497591220769,-0.01282540893073,-0.0015));
#14886=CARTESIAN_POINT('',(-0.145077482844329,-0.0128169447110101,-0.0015));
#14887=CARTESIAN_POINT('',(-0.074535687805523,-0.01281694471101,-0.0015));
#14888=CARTESIAN_POINT('',(-0.14528062411761,-0.01281694471101,-0.0015));
#14889=CARTESIAN_POINT('',(-0.14528062411761,-0.01281694471101,-0.0015));
#14890=CARTESIAN_POINT('',(-0.14538219475425,-0.01282540893073,-0.0015));
#14891=CARTESIAN_POINT('',(-0.14538219475425,-0.01282540893073,-0.0015));
#14892=CARTESIAN_POINT('',(-0.14575462042193,-0.01296083644625,-0.0015));
#14893=CARTESIAN_POINT('',(-0.14575462042193,-0.01296083644625,-0.0015));
#14894=CARTESIAN_POINT('',(-0.14583503050927,-0.01302008598429,-0.0015));
#14895=CARTESIAN_POINT('',(-0.14583503050927,-0.01302008598429,-0.0015));
#14896=CARTESIAN_POINT('',(-0.14598738646423,-0.01314704928009,-0.0015));
#14897=CARTESIAN_POINT('',(-0.14598738646423,-0.01314704928009,-0.0015));
#14898=CARTESIAN_POINT('',(-0.14605933233185,-0.01321476303785,-0.0015));
#14899=CARTESIAN_POINT('',(-0.14605933233185,-0.01321476303785,-0.0015));
#14900=CARTESIAN_POINT('',(-0.14611858186989,-0.01329940523505,-0.0015));
#14901=CARTESIAN_POINT('',(-0.14611858186989,-0.01329940523505,-0.0015));
#14902=CARTESIAN_POINT('',(-0.14622015250653,-0.01347292173931,-0.0015));
#14903=CARTESIAN_POINT('',(-0.14622015250653,-0.01347292173931,-0.0015));
#14904=CARTESIAN_POINT('',(-0.14626247360513,-0.01356179604637,-0.0015));
#14905=CARTESIAN_POINT('',(-0.14626247360513,-0.01356179604637,-0.0015));
#14906=CARTESIAN_POINT('',(-0.14628786626429,-0.01365913457315,-0.0015));
#14907=CARTESIAN_POINT('',(-0.14628786626429,-0.01365913457315,-0.0015));
#14908=CARTESIAN_POINT('',(-0.14632172314317,-0.0138580437365711,-0.0015));
#14909=CARTESIAN_POINT('',(-0.14632172314317,-0.1648231956365,-0.0015));
#14910=CARTESIAN_POINT('',(-0.14632172314317,-0.01405695289999,-0.0015));
#14911=CARTESIAN_POINT('',(-0.14632172314317,-0.01405695289999,-0.0015));
#14912=CARTESIAN_POINT('',(-0.14631325892345,-0.01415429142677,-0.0015));
#14913=CARTESIAN_POINT('',(-0.14631325892345,-0.01415429142677,-0.0015));
#14914=CARTESIAN_POINT('',(-0.14628786626429,-0.01425162995355,-0.0015));
#14915=CARTESIAN_POINT('',(-0.14628786626429,-0.01425162995355,-0.0015));
#14916=CARTESIAN_POINT('',(-0.14622015250653,-0.01444207489725,-0.0015));
#14917=CARTESIAN_POINT('',(-0.14622015250653,-0.01444207489725,-0.0015));
#14918=CARTESIAN_POINT('',(-0.14611858186989,-0.01461559140151,-0.0015));
#14919=CARTESIAN_POINT('',(-0.14611858186989,-0.01461559140151,-0.0015));
#14920=CARTESIAN_POINT('',(-0.14598738646423,-0.01476794735647,-0.0015));
#14921=CARTESIAN_POINT('',(-0.14598738646423,-0.01476794735647,-0.0015));
#14922=CARTESIAN_POINT('',(-0.14591544059661,-0.01483989322409,-0.0015));
#14923=CARTESIAN_POINT('',(-0.14591544059661,-0.01483989322409,-0.0015));
#14924=CARTESIAN_POINT('',(-0.14583503050927,-0.01489491065227,-0.0015));
#14925=CARTESIAN_POINT('',(-0.14583503050927,-0.01489491065227,-0.0015));
#14926=CARTESIAN_POINT('',(-0.14566151400501,-0.01499224917905,-0.0015));
#14927=CARTESIAN_POINT('',(-0.14566151400501,-0.01499224917905,-0.0015));
#14928=CARTESIAN_POINT('',(-0.14556840758809,-0.01503457027765,-0.0015));
#14929=CARTESIAN_POINT('',(-0.14556840758809,-0.01503457027765,-0.0015));
#14930=CARTESIAN_POINT('',(-0.14547530117117,-0.01506419504667,-0.0015));
#14931=CARTESIAN_POINT('',(-0.14547530117117,-0.01506419504667,-0.0015));
#14932=CARTESIAN_POINT('',(-0.14528062411761,-0.01510228403541,-0.0015));
#14933=CARTESIAN_POINT('',(-0.14528062411761,-0.01510228403541,-0.0015));
#14934=CARTESIAN_POINT('',(-0.14517905348097,-0.01511074825513,-0.0015));
#14935=CARTESIAN_POINT('',(-0.14517905348097,-0.01511074825513,-0.0015));
#14936=CARTESIAN_POINT('',(-0.14478123515413,-0.01503457027765,-0.0015));
#14937=CARTESIAN_POINT('',(-0.14478123515413,-0.01503457027765,-0.0015));
#14938=CARTESIAN_POINT('',(-0.14444266636533,-0.01483989322409,-0.0015));
#14939=CARTESIAN_POINT('',(-0.14444266636533,-0.01483989322409,-0.0015));
#14940=CARTESIAN_POINT('',(-0.14418027555401,-0.01453518131417,-0.0015));
#14941=CARTESIAN_POINT('',(-0.14418027555401,-0.01453518131417,-0.0015));
#14942=CARTESIAN_POINT('',(-0.14413795445541,-0.01444207489725,-0.0015));
#14943=CARTESIAN_POINT('',(-0.14413795445541,-0.01444207489725,-0.0015));
#14944=CARTESIAN_POINT('',(-0.11518185879329,0.02144198460569,-0.0015));
#14945=CARTESIAN_POINT('',(-0.11518185879329,0.02144198460569,-0.0015));
#14946=CARTESIAN_POINT('',(-0.11520725145245,0.02134464607891,-0.0015));
#14947=CARTESIAN_POINT('',(-0.11520725145245,0.02134464607891,-0.0015));
#14948=CARTESIAN_POINT('',(-0.11521994778203,0.0212430754422691,-0.0015));
#14949=CARTESIAN_POINT('',(-0.11521994778203,-0.1648231956365,-0.0015));
#14950=CARTESIAN_POINT('',(-0.11521994778203,0.02104416627885,-0.0015));
#14951=CARTESIAN_POINT('',(-0.11521994778203,0.02104416627885,-0.0015));
#14952=CARTESIAN_POINT('',(-0.11520725145245,0.02094682775207,-0.0015));
#14953=CARTESIAN_POINT('',(-0.11520725145245,0.02094682775207,-0.0015));
#14954=CARTESIAN_POINT('',(-0.11507182393693,0.02056593786467,-0.0015));
#14955=CARTESIAN_POINT('',(-0.11507182393693,0.02056593786467,-0.0015));
#14956=CARTESIAN_POINT('',(-0.11501680650875,0.02048552777733,-0.0015));
#14957=CARTESIAN_POINT('',(-0.11501680650875,0.02048552777733,-0.0015));
#14958=CARTESIAN_POINT('',(-0.11488984321295,0.02033317182237,-0.0015));
#14959=CARTESIAN_POINT('',(-0.11488984321295,0.02033317182237,-0.0015));
#14960=CARTESIAN_POINT('',(-0.11481789734533,0.02026122595475,-0.0015));
#14961=CARTESIAN_POINT('',(-0.11481789734533,0.02026122595475,-0.0015));
#14962=CARTESIAN_POINT('',(-0.11473748725799,0.02020197641671,-0.0015));
#14963=CARTESIAN_POINT('',(-0.11473748725799,0.02020197641671,-0.0015));
#14964=CARTESIAN_POINT('',(-0.11446663222695,0.02007501312091,-0.0015));
#14965=CARTESIAN_POINT('',(-0.11446663222695,0.02007501312091,-0.0015));
#14966=CARTESIAN_POINT('',(-0.11427618728325,0.02000729936315,-0.0015));
#14967=CARTESIAN_POINT('',(-0.11427618728325,0.02000729936315,-0.0015));
#14968=CARTESIAN_POINT('',(-0.11408151022969,0.01999037092371,-0.0015));
#14969=CARTESIAN_POINT('',(-0.11408151022969,0.01999037092371,-0.0015));
#14970=CARTESIAN_POINT('',(-0.11368369190285,0.02005808468147,-0.0015));
#14971=CARTESIAN_POINT('',(-0.11368369190285,0.02005808468147,-0.0015));
#14972=CARTESIAN_POINT('',(-0.11359481759579,0.02010040578007,-0.0015));
#14973=CARTESIAN_POINT('',(-0.11359481759579,0.02010040578007,-0.0015));
#14974=CARTESIAN_POINT('',(-0.11342130109153,0.02020197641671,-0.0015));
#14975=CARTESIAN_POINT('',(-0.11342130109153,0.02020197641671,-0.0015));
#14976=CARTESIAN_POINT('',(-0.11326894513657,0.02033317182237,-0.0015));
#14977=CARTESIAN_POINT('',(-0.11326894513657,0.02033317182237,-0.0015));
#14978=CARTESIAN_POINT('',(-0.11314198184077,0.02048552777733,-0.0015));
#14979=CARTESIAN_POINT('',(-0.11314198184077,0.02048552777733,-0.0015));
#14980=CARTESIAN_POINT('',(-0.11301501854497,0.02075638280837,-0.0015));
#14981=CARTESIAN_POINT('',(-0.11301501854497,0.02075638280837,-0.0015));
#14982=CARTESIAN_POINT('',(-0.11294730478721,0.02094682775207,-0.0015));
#14983=CARTESIAN_POINT('',(-0.11294730478721,0.02094682775207,-0.0015));
#14984=CARTESIAN_POINT('',(-0.11293037634777,0.02114150480563,-0.0015));
#14985=CARTESIAN_POINT('',(-0.11293037634777,0.02114150480563,-0.0015));
#14986=CARTESIAN_POINT('',(-0.11294730478721,0.02134464607891,-0.0015));
#14987=CARTESIAN_POINT('',(-0.11294730478721,0.02134464607891,-0.0015));
#14988=CARTESIAN_POINT('',(-0.11297269744637,0.02144198460569,-0.0015));
#14989=CARTESIAN_POINT('',(-0.11297269744637,0.02144198460569,-0.0015));
#14990=CARTESIAN_POINT('',(-0.11304041120413,0.02162819743953,-0.0015));
#14991=CARTESIAN_POINT('',(-0.11304041120413,0.02162819743953,-0.0015));
#14992=CARTESIAN_POINT('',(-0.11308273230273,0.02171707174659,-0.0015));
#14993=CARTESIAN_POINT('',(-0.11308273230273,0.02171707174659,-0.0015));
#14994=CARTESIAN_POINT('',(-0.11320123137881,0.02187789192127,-0.0015));
#14995=CARTESIAN_POINT('',(-0.11320123137881,0.02187789192127,-0.0015));
#14996=CARTESIAN_POINT('',(-0.11350594328873,0.02214028273259,-0.0015));
#14997=CARTESIAN_POINT('',(-0.11350594328873,0.02214028273259,-0.0015));
#14998=CARTESIAN_POINT('',(-0.11368369190285,0.02222492492979,-0.0015));
#14999=CARTESIAN_POINT('',(-0.11368369190285,0.02222492492979,-0.0015));
#15000=CARTESIAN_POINT('',(-0.11387836895641,0.02227571024811,-0.0015));
#15001=CARTESIAN_POINT('',(-0.11387836895641,0.02227571024811,-0.0015));
#15002=CARTESIAN_POINT('',(-0.11408151022969,0.02229263868755,-0.0015));
#15003=CARTESIAN_POINT('',(-0.11408151022969,0.02229263868755,-0.0015));
#15004=CARTESIAN_POINT('',(-0.11427618728325,0.02227571024811,-0.0015));
#15005=CARTESIAN_POINT('',(-0.11427618728325,0.02227571024811,-0.0015));
#15006=CARTESIAN_POINT('',(-0.11465707717065,0.02214028273259,-0.0015));
#15007=CARTESIAN_POINT('',(-0.11465707717065,0.02214028273259,-0.0015));
#15008=CARTESIAN_POINT('',(-0.11473748725799,0.02208103319455,-0.0015));
#15009=CARTESIAN_POINT('',(-0.11473748725799,0.02208103319455,-0.0015));
#15010=CARTESIAN_POINT('',(-0.11488984321295,0.02194983778889,-0.0015));
#15011=CARTESIAN_POINT('',(-0.11488984321295,0.02194983778889,-0.0015));
#15012=CARTESIAN_POINT('',(-0.11496178908057,0.02187789192127,-0.0015));
#15013=CARTESIAN_POINT('',(-0.11496178908057,0.02187789192127,-0.0015));
#15014=CARTESIAN_POINT('',(-0.11508452026651,0.02161126900009,-0.0015));
#15015=CARTESIAN_POINT('',(-0.11508452026651,0.02161126900009,-0.0015));
#15016=CARTESIAN_POINT('',(-0.074535687805523,-0.1648231956365,0.));
#15017=CARTESIAN_POINT('',(-0.113731861535587,0.038237332077598,0.));
#15018=CARTESIAN_POINT('',(-0.113738440671864,0.0389152127467471,0.));
#15019=CARTESIAN_POINT('',(-0.113724207038349,0.038976795587089,0.));
#15020=CARTESIAN_POINT('',(-0.113709973404834,0.0390383784274306,-4.33680868994202E-19));
#15021=CARTESIAN_POINT('',(-0.113738934755363,0.039114913217784,-1.7347234759768E-18));
#15022=CARTESIAN_POINT('',(-0.113767896105892,0.0391914480081383,-1.3010426069826E-18));
#15023=CARTESIAN_POINT('',(-0.113784638839936,0.039271479380175,-1.7347234759768E-18));
#15024=CARTESIAN_POINT('',(-0.11380138157398,0.0393515107522144,-1.3010426069826E-18));
#15025=CARTESIAN_POINT('',(-0.113846485062026,0.039395777922388,-1.7347234759768E-18));
#15026=CARTESIAN_POINT('',(-0.113891588550074,0.0394400450925632,-1.3010426069826E-18));
#15027=CARTESIAN_POINT('',(-0.1139310290077,0.039503198516687,0.));
#15028=CARTESIAN_POINT('',(-0.113970469465326,0.0395663519408117,-4.33680868994202E-19));
#15029=CARTESIAN_POINT('',(-0.113984778565231,0.039581575296503,-1.7347234759768E-18));
#15030=CARTESIAN_POINT('',(-0.113999087665136,0.0395967986521945,-1.3010426069826E-18));
#15031=CARTESIAN_POINT('',(-0.114011834746398,0.039613355042273,0.));
#15032=CARTESIAN_POINT('',(-0.114024581827659,0.0396299114323508,0.));
#15033=CARTESIAN_POINT('',(-0.114141300989656,0.039731962856326,0.));
#15034=CARTESIAN_POINT('',(-0.114258020151651,0.0398340142803,-4.33680868994202E-19));
#15035=CARTESIAN_POINT('',(-0.114269733373398,0.039840755428201,-1.7347234759768E-18));
#15036=CARTESIAN_POINT('',(-0.114281446595143,0.0398474965761012,-1.3010426069826E-18));
#15037=CARTESIAN_POINT('',(-0.114292116677889,0.0398557750154,-1.7347234759768E-18));
#15038=CARTESIAN_POINT('',(-0.114302786760634,0.0398640534546978,-1.7347234759768E-18));
#15039=CARTESIAN_POINT('',(-0.114413005419901,0.039919162784331,-3.46944695195361E-18));
#15040=CARTESIAN_POINT('',(-0.114523224079168,0.0399742721139646,-1.3010426069826E-18));
#15041=CARTESIAN_POINT('',(-0.114541535399971,0.039979289501632,0.));
#15042=CARTESIAN_POINT('',(-0.114559846720776,0.0399843068892998,0.));
#15043=CARTESIAN_POINT('',(-0.11457750066298,0.039991274704728,0.));
#15044=CARTESIAN_POINT('',(-0.114595154605186,0.039998242520157,-4.33680868994202E-19));
#15045=CARTESIAN_POINT('',(-0.114741990211162,0.040024924929768,-1.7347234759768E-18));
#15046=CARTESIAN_POINT('',(-0.114888825817113,0.0400516073393744,-8.67361737988404E-19));
#15047=CARTESIAN_POINT('',(-0.114897253937513,0.040053291432461,0.));
#15048=CARTESIAN_POINT('',(-0.114905682057888,0.0400549755255423,-4.33680868994202E-19));
#15049=CARTESIAN_POINT('',(-0.123302841241645,0.040063027322615,-1.7347234759768E-18));
#15050=CARTESIAN_POINT('',(-0.131700000425402,0.0400710791196876,-8.67361737988404E-19));
#15051=CARTESIAN_POINT('',(-0.131706122874588,0.040610027751871,0.));
#15052=CARTESIAN_POINT('',(-0.131712245323774,0.0411489763840554,0.));
#15053=CARTESIAN_POINT('',(-0.131712351873627,0.041149482136266,0.));
#15054=CARTESIAN_POINT('',(-0.13171245842348,0.0411499878884777,-4.33680868994202E-19));
#15055=CARTESIAN_POINT('',(-0.131712458983248,0.041150510375463,-1.7347234759768E-18));
#15056=CARTESIAN_POINT('',(-0.131712459543015,0.0411510328624467,-8.67361737988404E-19));
#15057=CARTESIAN_POINT('',(-0.131742177238388,0.041299621339308,0.));
#15058=CARTESIAN_POINT('',(-0.13177189493376,0.0414482098161696,0.));
#15059=CARTESIAN_POINT('',(-0.131781006644305,0.041470146898266,0.));
#15060=CARTESIAN_POINT('',(-0.131790118354852,0.0414920839803681,-4.33680868994202E-19));
#15061=CARTESIAN_POINT('',(-0.131797376202138,0.041514701959657,-1.7347234759768E-18));
#15062=CARTESIAN_POINT('',(-0.131804634049425,0.0415373199389511,-1.7347234759768E-18));
#15063=CARTESIAN_POINT('',(-0.13187858780106,0.041670528905832,-3.46944695195361E-18));
#15064=CARTESIAN_POINT('',(-0.131952541552696,0.0418037378727139,-1.3010426069826E-18));
#15065=CARTESIAN_POINT('',(-0.131964214678949,0.041817510295651,1.7347234759768E-18));
#15066=CARTESIAN_POINT('',(-0.131975887805202,0.0418312827185884,4.33680868994202E-19));
#15067=CARTESIAN_POINT('',(-0.131985925440936,0.04184628860802,-1.7347234759768E-18));
#15068=CARTESIAN_POINT('',(-0.131995963076671,0.0418612944974541,-1.3010426069826E-18));
#15069=CARTESIAN_POINT('',(-0.132043617248422,0.041908906263664,-1.7347234759768E-18));
#15070=CARTESIAN_POINT('',(-0.132091271420173,0.0419565180298741,-1.3010426069826E-18));
#15071=CARTESIAN_POINT('',(-0.132117676641989,0.042004899428615,0.));
#15072=CARTESIAN_POINT('',(-0.132144081863805,0.0420532808273569,0.));
#15073=CARTESIAN_POINT('',(-0.13222477835174,0.042095577708107,0.));
#15074=CARTESIAN_POINT('',(-0.132305474839674,0.0421378745888567,0.));
#15075=CARTESIAN_POINT('',(-0.132381269791383,0.042188459757468,0.));
#15076=CARTESIAN_POINT('',(-0.13245706474309,0.0422390449260782,0.));
#15077=CARTESIAN_POINT('',(-0.132512191440275,0.042239044926078,0.));
#15078=CARTESIAN_POINT('',(-0.132567318137459,0.042239044926078,0.));
#15079=CARTESIAN_POINT('',(-0.132692716717228,0.042275958990758,0.));
#15080=CARTESIAN_POINT('',(-0.132818115296996,0.0423128730554373,0.));
#15081=CARTESIAN_POINT('',(-0.132837277679759,0.042314603537301,0.));
#15082=CARTESIAN_POINT('',(-0.132856440062521,0.0423163340191647,-4.33680868994202E-19));
#15083=CARTESIAN_POINT('',(-0.132875303596774,0.042320102943582,-1.7347234759768E-18));
#15084=CARTESIAN_POINT('',(-0.132894167131027,0.0423238718679995,-8.67361737988404E-19));
#15085=CARTESIAN_POINT('',(-0.140968727313656,0.042332041590318,0.));
#15086=CARTESIAN_POINT('',(-0.149043287496286,0.0423402113126366,-8.67361737988404E-19));
#15087=CARTESIAN_POINT('',(-0.149046076121029,0.04233965964743,-3.46944695195361E-18));
#15088=CARTESIAN_POINT('',(-0.149048864745773,0.0423391079822233,-1.3010426069826E-18));
#15089=CARTESIAN_POINT('',(-0.149051699599707,0.042339105131978,0.));
#15090=CARTESIAN_POINT('',(-0.149054534453642,0.0423391022817328,-4.33680868994202E-19));
#15091=CARTESIAN_POINT('',(-0.149203156974003,0.042309396114801,-1.7347234759768E-18));
#15092=CARTESIAN_POINT('',(-0.149351779494364,0.0422796899478689,-4.33680868994202E-19));
#15093=CARTESIAN_POINT('',(-0.149373840588053,0.042270531054692,1.7347234759768E-18));
#15094=CARTESIAN_POINT('',(-0.14939590168174,0.0422613721615162,1.3010426069826E-18));
#15095=CARTESIAN_POINT('',(-0.14941863972268,0.042254060745225,0.));
#15096=CARTESIAN_POINT('',(-0.14944137776362,0.0422467493289337,0.));
#15097=CARTESIAN_POINT('',(-0.149574557143546,0.042172720215075,0.));
#15098=CARTESIAN_POINT('',(-0.149707736523473,0.042098691101216,0.));
#15099=CARTESIAN_POINT('',(-0.149732332769362,0.042077821780912,0.));
#15100=CARTESIAN_POINT('',(-0.149756929015255,0.0420569524606049,4.33680868994202E-19));
#15101=CARTESIAN_POINT('',(-0.149782310508405,0.042037015601027,1.7347234759768E-18));
#15102=CARTESIAN_POINT('',(-0.149807692001558,0.0420170787414468,4.33680868994202E-19));
#15103=CARTESIAN_POINT('',(-0.149837579871925,0.041982209251864,-1.7347234759768E-18));
#15104=CARTESIAN_POINT('',(-0.149867467742292,0.0419473397622812,-8.67361737988404E-19));
#15105=CARTESIAN_POINT('',(-0.149904271335567,0.041927212797209,0.));
#15106=CARTESIAN_POINT('',(-0.149941074928843,0.0419070858321368,8.67361737988404E-19));
#15107=CARTESIAN_POINT('',(-0.149989883373029,0.041813857268731,3.46944695195361E-18));
#15108=CARTESIAN_POINT('',(-0.150038691817211,0.0417206287053337,1.3010426069826E-18));
#15109=CARTESIAN_POINT('',(-0.150090548290084,0.041628428998648,-1.7347234759768E-18));
#15110=CARTESIAN_POINT('',(-0.150142404762953,0.0415362292919699,-1.3010426069826E-18));
#15111=CARTESIAN_POINT('',(-0.150139108753513,0.041494369972108,-1.7347234759768E-18));
#15112=CARTESIAN_POINT('',(-0.150135812744074,0.0414525106522455,-8.67361737988404E-19));
#15113=CARTESIAN_POINT('',(-0.150168062132729,0.041342822518615,0.));
#15114=CARTESIAN_POINT('',(-0.150200311521385,0.041233134384984,0.));
#15115=CARTESIAN_POINT('',(-0.150202041224415,0.041213871783059,0.));
#15116=CARTESIAN_POINT('',(-0.150203770927445,0.0411946091811352,0.));
#15117=CARTESIAN_POINT('',(-0.150207542607545,0.041175647818104,0.));
#15118=CARTESIAN_POINT('',(-0.150211314287645,0.0411566864550733,0.));
#15119=CARTESIAN_POINT('',(-0.150211314287645,0.040621517481085,0.));
#15120=CARTESIAN_POINT('',(-0.150211314287645,0.0400863485070971,-4.33680868994202E-19));
#15121=CARTESIAN_POINT('',(-0.15343459129951,0.040070697060372,-1.7347234759768E-18));
#15122=CARTESIAN_POINT('',(-0.156657868311453,0.0400550456136465,-4.33680868994202E-19));
#15123=CARTESIAN_POINT('',(-0.16184076649684,0.040063241751242,1.7347234759768E-18));
#15124=CARTESIAN_POINT('',(-0.167023664682286,0.040071437888838,1.3010426069826E-18));
#15125=CARTESIAN_POINT('',(-0.1670269850727,0.040071490962738,1.7347234759768E-18));
#15126=CARTESIAN_POINT('',(-0.167030305463092,0.0400715440366374,1.3010426069826E-18));
#15127=CARTESIAN_POINT('',(-0.16718726489213,0.040042933052885,0.));
#15128=CARTESIAN_POINT('',(-0.167344224321161,0.0400143220691331,-8.67361737988404E-19));
#15129=CARTESIAN_POINT('',(-0.16736175502348,0.0400073887217,-3.46944695195361E-18));
#15130=CARTESIAN_POINT('',(-0.167379285725801,0.0400004553742656,-1.3010426069826E-18));
#15131=CARTESIAN_POINT('',(-0.16739747386118,0.039995474369004,0.));
#15132=CARTESIAN_POINT('',(-0.167415661996564,0.0399904933637412,-8.67361737988404E-19));
#15133=CARTESIAN_POINT('',(-0.16752591948212,0.039935364620964,-3.46944695195361E-18));
#15134=CARTESIAN_POINT('',(-0.167636176967666,0.0398802358781909,-1.3010426069826E-18));
#15135=CARTESIAN_POINT('',(-0.16764683522335,0.039871964715939,0.));
#15136=CARTESIAN_POINT('',(-0.167657493479027,0.039863693553694,-4.33680868994202E-19));
#15137=CARTESIAN_POINT('',(-0.1676691876426,0.039856964853197,-1.7347234759768E-18));
#15138=CARTESIAN_POINT('',(-0.167680881806172,0.0398502361526999,-4.33680868994202E-19));
#15139=CARTESIAN_POINT('',(-0.16772590129577,0.039810874470971,1.7347234759768E-18));
#15140=CARTESIAN_POINT('',(-0.167770920785368,0.0397715127892403,8.67361737988404E-19));
#15141=CARTESIAN_POINT('',(-0.16781199269859,0.03975566267878,0.));
#15142=CARTESIAN_POINT('',(-0.167853064611806,0.0397398125683217,0.));
#15143=CARTESIAN_POINT('',(-0.16791247868809,0.039655588478074,0.));
#15144=CARTESIAN_POINT('',(-0.167971892764363,0.0395713643878467,0.));
#15145=CARTESIAN_POINT('',(-0.16803500529849,0.039489369000236,0.));
#15146=CARTESIAN_POINT('',(-0.168098117832605,0.03940737361264,-4.33680868994202E-19));
#15147=CARTESIAN_POINT('',(-0.16810101479734,0.039363415321658,-1.7347234759768E-18));
#15148=CARTESIAN_POINT('',(-0.168103911762074,0.0393194570306682,-4.33680868994202E-19));
#15149=CARTESIAN_POINT('',(-0.16812547686601,0.039270902267325,1.7347234759768E-18));
#15150=CARTESIAN_POINT('',(-0.168147041969953,0.0392223475039706,0.));
#15151=CARTESIAN_POINT('',(-0.16814858692932,0.039215489360628,-3.46944695195361E-18));
#15152=CARTESIAN_POINT('',(-0.168150131888687,0.0392086312172773,-1.7347234759768E-18));
#15153=CARTESIAN_POINT('',(-0.1681528288152,0.039202140266253,0.));
#15154=CARTESIAN_POINT('',(-0.168155525741709,0.0391956493152415,0.));
#15155=CARTESIAN_POINT('',(-0.16818524950246,0.039047030511471,0.));
#15156=CARTESIAN_POINT('',(-0.168214973263214,0.0388984117077015,0.));
#15157=CARTESIAN_POINT('',(-0.16821497595409,0.038895748280667,0.));
#15158=CARTESIAN_POINT('',(-0.168214978644964,0.0388930848536146,0.));
#15159=CARTESIAN_POINT('',(-0.1682154964663,0.038890481273662,0.));
#15160=CARTESIAN_POINT('',(-0.168216014287639,0.0388878776936992,0.));
#15161=CARTESIAN_POINT('',(-0.16821601428764,0.037105292851075,0.));
#15162=CARTESIAN_POINT('',(-0.16821601428764,0.0353227080084453,0.));
#15163=CARTESIAN_POINT('',(-0.17667559154157,0.035314692146606,0.));
#15164=CARTESIAN_POINT('',(-0.185135168795491,0.0353066762847663,0.));
#15165=CARTESIAN_POINT('',(-0.18519753729467,0.035294209105422,0.));
#15166=CARTESIAN_POINT('',(-0.185259905793843,0.0352817419260786,0.));
#15167=CARTESIAN_POINT('',(-0.18596484638801,0.035281741926078,0.));
#15168=CARTESIAN_POINT('',(-0.186669786982181,0.035281741926078,0.));
#15169=CARTESIAN_POINT('',(-0.18673262854813,0.035294241926078,0.));
#15170=CARTESIAN_POINT('',(-0.186795470114079,0.0353067419260781,0.));
#15171=CARTESIAN_POINT('',(-0.19561554983501,0.035306741926078,0.));
#15172=CARTESIAN_POINT('',(-0.20443562955595,0.035306741926078,4.33680868994202E-19));
#15173=CARTESIAN_POINT('',(-0.20445460762738,0.035302968555958,1.7347234759768E-18));
#15174=CARTESIAN_POINT('',(-0.204473585698807,0.0352991951858387,4.33680868994202E-19));
#15175=CARTESIAN_POINT('',(-0.20449286418077,0.035297462075263,-1.7347234759768E-18));
#15176=CARTESIAN_POINT('',(-0.204512142662728,0.0352957289646874,-4.33680868994202E-19));
#15177=CARTESIAN_POINT('',(-0.20463763637962,0.035258832445383,1.7347234759768E-18));
#15178=CARTESIAN_POINT('',(-0.204763130096513,0.0352219359260788,1.3010426069826E-18));
#15179=CARTESIAN_POINT('',(-0.20481841875048,0.035221935926078,0.));
#15180=CARTESIAN_POINT('',(-0.20487370740445,0.035221935926078,-2.60208521396521E-18));
#15181=CARTESIAN_POINT('',(-0.20494940382519,0.035171352485536,-3.46944695195361E-18));
#15182=CARTESIAN_POINT('',(-0.205025100245927,0.0351207690449963,-2.60208521396521E-18));
#15183=CARTESIAN_POINT('',(-0.20510575803469,0.035078539769445,-3.46944695195361E-18));
#15184=CARTESIAN_POINT('',(-0.205186415823439,0.0350363104938995,-1.3010426069826E-18));
#15185=CARTESIAN_POINT('',(-0.20521288893416,0.034987782078196,0.));
#15186=CARTESIAN_POINT('',(-0.205239362044876,0.0349392536625029,0.));
#15187=CARTESIAN_POINT('',(-0.20528703688777,0.034891578819615,0.));
#15188=CARTESIAN_POINT('',(-0.205334711730646,0.0348439039767389,0.));
#15189=CARTESIAN_POINT('',(-0.20533924355605,0.034837120625381,0.));
#15190=CARTESIAN_POINT('',(-0.205343775381462,0.034830337274011,0.));
#15191=CARTESIAN_POINT('',(-0.20534936935567,0.03482439520472,0.));
#15192=CARTESIAN_POINT('',(-0.205354963329908,0.034818453135402,4.33680868994202E-19));
#15193=CARTESIAN_POINT('',(-0.20543207112672,0.034695137706967,1.7347234759768E-18));
#15194=CARTESIAN_POINT('',(-0.205509178923526,0.0345718222785351,1.3010426069826E-18));
#15195=CARTESIAN_POINT('',(-0.2055222243547,0.034537422695759,0.));
#15196=CARTESIAN_POINT('',(-0.205535269785843,0.0345030231130697,0.));
#15197=CARTESIAN_POINT('',(-0.20554877635226,0.034468829967831,0.));
#15198=CARTESIAN_POINT('',(-0.205562282918653,0.0344346368226503,-4.33680868994202E-19));
#15199=CARTESIAN_POINT('',(-0.2055892836227,0.034286137533718,-1.7347234759768E-18));
#15200=CARTESIAN_POINT('',(-0.205616284326778,0.0341376382445994,-1.3010426069826E-18));
#15201=CARTESIAN_POINT('',(-0.20561769930719,0.034130528008168,-1.7347234759768E-18));
#15202=CARTESIAN_POINT('',(-0.20561911428764,0.0341234177715606,-8.67361737988404E-19));
#15203=CARTESIAN_POINT('',(-0.20561911428764,0.009365424577506,0.));
#15204=CARTESIAN_POINT('',(-0.20561911428764,-0.0153925686166074,4.33680868994202E-19));
#15205=CARTESIAN_POINT('',(-0.20561923594732,-0.01539988766303,1.7347234759768E-18));
#15206=CARTESIAN_POINT('',(-0.205619357607003,-0.0154072067095146,8.67361737988404E-19));
#15207=CARTESIAN_POINT('',(-0.20560634512308,-0.01547881553308,-1.7347234759768E-18));
#15208=CARTESIAN_POINT('',(-0.205593332639157,-0.0155504243566445,-8.67361737988404E-19));
#15209=CARTESIAN_POINT('',(-0.20559999200122,-0.01560133750264,0.));
#15210=CARTESIAN_POINT('',(-0.205606651363282,-0.0156522506486378,0.));
#15211=CARTESIAN_POINT('',(-0.20556429487576,-0.01573783056933,0.));
#15212=CARTESIAN_POINT('',(-0.205521938388227,-0.0158234104900486,-4.33680868994202E-19));
#15213=CARTESIAN_POINT('',(-0.20548687730833,-0.01591224592844,-1.7347234759768E-18));
#15214=CARTESIAN_POINT('',(-0.205451816228426,-0.0160010813668566,-8.67361737988404E-19));
#15215=CARTESIAN_POINT('',(-0.20540958360838,-0.01603029549118,0.));
#15216=CARTESIAN_POINT('',(-0.205367350988324,-0.0160595096155117,0.));
#15217=CARTESIAN_POINT('',(-0.20535907256725,-0.01607027003081,0.));
#15218=CARTESIAN_POINT('',(-0.205350794146176,-0.0160810304461109,0.));
#15219=CARTESIAN_POINT('',(-0.20534009817507,-0.01611891201047,0.));
#15220=CARTESIAN_POINT('',(-0.205329402203963,-0.016156793574826,-4.33680868994202E-19));
#15221=CARTESIAN_POINT('',(-0.20524643252181,-0.01622715353116,-1.7347234759768E-18));
#15222=CARTESIAN_POINT('',(-0.205163462839829,-0.0162975134873518,-1.3010426069826E-18));
#15223=CARTESIAN_POINT('',(-0.2050820411776,-0.0163687502164,-1.7347234759768E-18));
#15224=CARTESIAN_POINT('',(-0.205000619515541,-0.0164399869452958,-1.3010426069826E-18));
#15225=CARTESIAN_POINT('',(-0.20496161805783,-0.01644506759496,-1.7347234759768E-18));
#15226=CARTESIAN_POINT('',(-0.204922616600113,-0.0164501482446231,-8.67361737988404E-19));
#15227=CARTESIAN_POINT('',(-0.20487769522982,-0.01647510456145,0.));
#15228=CARTESIAN_POINT('',(-0.204832773859512,-0.0165000608782879,4.33680868994202E-19));
#15229=CARTESIAN_POINT('',(-0.20481009177652,-0.01650734493677,1.7347234759768E-18));
#15230=CARTESIAN_POINT('',(-0.204787409693521,-0.0165146289952522,4.33680868994202E-19));
#15231=CARTESIAN_POINT('',(-0.20476541337583,-0.01652376379142,-1.7347234759768E-18));
#15232=CARTESIAN_POINT('',(-0.204743417058136,-0.0165328985875899,-1.3010426069826E-18));
#15233=CARTESIAN_POINT('',(-0.20459474164611,-0.01656261532633,-1.7347234759768E-18));
#15234=CARTESIAN_POINT('',(-0.204446066234096,-0.0165923320650671,-8.67361737988404E-19));
#15235=CARTESIAN_POINT('',(-0.20444345262758,-0.01659233417835,0.));
#15236=CARTESIAN_POINT('',(-0.204440839021098,-0.016592336291636,-8.67361737988404E-19));
#15237=CARTESIAN_POINT('',(-0.20443827240131,-0.01659284718278,-3.46944695195361E-18));
#15238=CARTESIAN_POINT('',(-0.204435705781537,-0.0165933580739196,-1.3010426069826E-18));
#15239=CARTESIAN_POINT('',(-0.19561558794781,-0.01659335807392,0.));
#15240=CARTESIAN_POINT('',(-0.186795470114079,-0.01659335807392,-4.33680868994202E-19));
#15241=CARTESIAN_POINT('',(-0.18673262854813,-0.01658085807392,-1.7347234759768E-18));
#15242=CARTESIAN_POINT('',(-0.186669786982181,-0.0165683580739199,-8.67361737988404E-19));
#15243=CARTESIAN_POINT('',(-0.18596496428764,-0.01656835807392,0.));
#15244=CARTESIAN_POINT('',(-0.1852601415931,-0.01656835807392,-4.33680868994202E-19));
#15245=CARTESIAN_POINT('',(-0.18519730002715,-0.01658085807392,-1.7347234759768E-18));
#15246=CARTESIAN_POINT('',(-0.1851344584612,-0.0165933580739202,-8.67361737988404E-19));
#15247=CARTESIAN_POINT('',(-0.16749328911419,-0.01659335807392,0.));
#15248=CARTESIAN_POINT('',(-0.149852119767179,-0.01659335807392,0.));
#15249=CARTESIAN_POINT('',(-0.145523593602114,-0.02254402906005,0.));
#15250=CARTESIAN_POINT('',(-0.141195067437048,-0.0284947000461816,0.));
#15251=CARTESIAN_POINT('',(-0.141183454403999,-0.02850542232027,0.));
#15252=CARTESIAN_POINT('',(-0.141171841370953,-0.0285161445943549,-4.33680868994202E-19));
#15253=CARTESIAN_POINT('',(-0.141161661694248,-0.0285282384388,-1.7347234759768E-18));
#15254=CARTESIAN_POINT('',(-0.14115148201755,-0.0285403322832367,-8.67361737988404E-19));
#15255=CARTESIAN_POINT('',(-0.141057137347594,-0.0286158080192,0.));
#15256=CARTESIAN_POINT('',(-0.140962792677642,-0.0286912837551612,-4.33680868994202E-19));
#15257=CARTESIAN_POINT('',(-0.140928630473986,-0.02870899808983,-1.7347234759768E-18));
#15258=CARTESIAN_POINT('',(-0.140894468270265,-0.0287267124245322,-2.60208521396521E-18));
#15259=CARTESIAN_POINT('',(-0.14086026004968,-0.0287446370272,-1.7347234759768E-18));
#15260=CARTESIAN_POINT('',(-0.140826051829037,-0.0287625616298985,-1.3010426069826E-18));
#15261=CARTESIAN_POINT('',(-0.140652536266466,-0.02881364007681,0.));
#15262=CARTESIAN_POINT('',(-0.140479020703931,-0.0288647185237122,4.33680868994202E-19));
#15263=CARTESIAN_POINT('',(-0.140459943991813,-0.02887125250771,1.7347234759768E-18));
#15264=CARTESIAN_POINT('',(-0.140440867279703,-0.0288777864917037,8.67361737988404E-19));
#15265=CARTESIAN_POINT('',(-0.12408704969401,-0.03107609839881,-1.7347234759768E-18));
#15266=CARTESIAN_POINT('',(-0.107733232108294,-0.033274410305915,-1.3010426069826E-18));
#15267=CARTESIAN_POINT('',(-0.107586386400238,-0.0333070688419,-1.7347234759768E-18));
#15268=CARTESIAN_POINT('',(-0.107439540692182,-0.0333397273778848,-8.67361737988404E-19));
#15269=CARTESIAN_POINT('',(-0.100054949779617,-0.03760780143894,0.));
#15270=CARTESIAN_POINT('',(-0.0926703588670158,-0.0418758755000147,0.));
#15271=CARTESIAN_POINT('',(-0.092653616557945,-0.04188645671962,0.));
#15272=CARTESIAN_POINT('',(-0.0926368742488374,-0.0418970379392507,-4.33680868994202E-19));
#15273=CARTESIAN_POINT('',(-0.092467102417722,-0.04196230411669,-1.7347234759768E-18));
#15274=CARTESIAN_POINT('',(-0.0922973305866229,-0.0420275702941234,-1.7347234759768E-18));
#15275=CARTESIAN_POINT('',(-0.092284559979257,-0.04202976900233,-1.7347234759768E-18));
#15276=CARTESIAN_POINT('',(-0.0922717893719132,-0.0420319677105358,-8.67361737988404E-19));
#15277=CARTESIAN_POINT('',(-0.092259450810117,-0.04203593874192,0.));
#15278=CARTESIAN_POINT('',(-0.0922471122483184,-0.0420399097733034,0.));
#15279=CARTESIAN_POINT('',(-0.091967913246693,-0.04207211739609,0.));
#15280=CARTESIAN_POINT('',(-0.091688714245077,-0.0421043250188732,0.));
#15281=CARTESIAN_POINT('',(-0.091665942838559,-0.04210246122058,0.));
#15282=CARTESIAN_POINT('',(-0.0916431714320987,-0.0421005974222955,-4.33680868994202E-19));
#15283=CARTESIAN_POINT('',(-0.091620333352305,-0.04210074781134,-1.7347234759768E-18));
#15284=CARTESIAN_POINT('',(-0.0915974952725481,-0.042100898200381,-1.3010426069826E-18));
#15285=CARTESIAN_POINT('',(-0.091319055693106,-0.04204737754083,-1.7347234759768E-18));
#15286=CARTESIAN_POINT('',(-0.0910406161136741,-0.0419938568812808,-1.3010426069826E-18));
#15287=CARTESIAN_POINT('',(-0.091015994914887,-0.04198384209117,-1.7347234759768E-18));
#15288=CARTESIAN_POINT('',(-0.0909913737161527,-0.0419738273010828,-8.67361737988404E-19));
#15289=CARTESIAN_POINT('',(-0.090966120047944,-0.04196551246998,0.));
#15290=CARTESIAN_POINT('',(-0.0909408663797798,-0.0419571976388887,4.33680868994202E-19));
#15291=CARTESIAN_POINT('',(-0.090694472305418,-0.04181790267922,1.7347234759768E-18));
#15292=CARTESIAN_POINT('',(-0.0904480782310628,-0.0416786077195564,8.67361737988404E-19));
#15293=CARTESIAN_POINT('',(-0.090443078603203,-0.04167430214916,0.));
#15294=CARTESIAN_POINT('',(-0.0904380789753527,-0.0416699965787733,0.));
#15295=CARTESIAN_POINT('',(-0.090432411758403,-0.04166662688221,0.));
#15296=CARTESIAN_POINT('',(-0.0904267445414578,-0.041663257185648,0.));
#15297=CARTESIAN_POINT('',(-0.09031819254417,-0.04156556038809,0.));
#15298=CARTESIAN_POINT('',(-0.0902096405468408,-0.0414678635904938,0.));
#15299=CARTESIAN_POINT('',(-0.090194043006077,-0.0414550266297,0.));
#15300=CARTESIAN_POINT('',(-0.0901784454652729,-0.0414421896688758,-4.33680868994202E-19));
#15301=CARTESIAN_POINT('',(-0.090078574729975,-0.04132014064829,-1.7347234759768E-18));
#15302=CARTESIAN_POINT('',(-0.0899787039946863,-0.0411980916277144,0.));
#15303=CARTESIAN_POINT('',(-0.089966349386023,-0.04118398647732,0.));
#15304=CARTESIAN_POINT('',(-0.0899539947773718,-0.0411698813269385,4.33680868994202E-19));
#15305=CARTESIAN_POINT('',(-0.083109076164612,-0.02929665418348,1.7347234759768E-18));
#15306=CARTESIAN_POINT('',(-0.0762641575518543,-0.0174234270400285,8.67361737988404E-19));
#15307=CARTESIAN_POINT('',(-0.076264157551856,-0.01742342704003,0.));
#15308=CARTESIAN_POINT('',(-0.0762518069106801,-0.0174075303086407,-8.67361737988404E-19));
#15309=CARTESIAN_POINT('',(-0.076251806910679,-0.01740753030864,0.));
#15310=CARTESIAN_POINT('',(-0.076092790439228,-0.0170898242238511,0.));
#15311=CARTESIAN_POINT('',(-0.076092790439228,-0.01708982422385,0.));
#15312=CARTESIAN_POINT('',(-0.076092531204306,-0.0170888795079301,-8.67361737988404E-19));
#15313=CARTESIAN_POINT('',(-0.076092531204306,-0.01708887950793,0.));
#15314=CARTESIAN_POINT('',(-0.0760920742062737,-0.0170879897336207,-1.7347234759768E-18));
#15315=CARTESIAN_POINT('',(-0.076092074206274,-0.01708798973362,0.));
#15316=CARTESIAN_POINT('',(-0.0760101231981929,-0.0168010334730597,0.));
#15317=CARTESIAN_POINT('',(-0.076010123198193,-0.01680103347306,0.));
#15318=CARTESIAN_POINT('',(-0.0759967895099522,-0.0167631161629501,0.));
#15319=CARTESIAN_POINT('',(-0.075996789509952,-0.01676311616295,0.));
#15320=CARTESIAN_POINT('',(-0.0759124995683549,-0.0161728264176298,0.));
#15321=CARTESIAN_POINT('',(-0.075912499568355,-0.01617282641763,0.));
#15322=CARTESIAN_POINT('',(-0.0759288893672171,-0.0158724752587899,-1.7347234759768E-18));
#15323=CARTESIAN_POINT('',(-0.075928889367217,-0.01587247525879,0.));
#15324=CARTESIAN_POINT('',(-0.075939714287645,0.036065524682389,0.));
#15325=CARTESIAN_POINT('',(-0.0759154479797159,0.0361019247158719,0.));
#15326=CARTESIAN_POINT('',(-0.075915447979716,0.036101924715872,0.));
#15327=CARTESIAN_POINT('',(-0.075915756342156,0.036402716858152,-1.7347234759768E-18));
#15328=CARTESIAN_POINT('',(-0.075915756342156,0.0364027168581521,0.));
#15329=CARTESIAN_POINT('',(-0.0759751949337599,0.036699909816168,0.));
#15330=CARTESIAN_POINT('',(-0.07597519493376,0.0366999098161681,0.));
#15331=CARTESIAN_POINT('',(-0.0759934183548509,0.036743783980363,-1.7347234759768E-18));
#15332=CARTESIAN_POINT('',(-0.075993418354851,0.036743783980363,0.));
#15333=CARTESIAN_POINT('',(-0.076007934049423,0.036789019938948,0.));
#15334=CARTESIAN_POINT('',(-0.076007934049423,0.036789019938948,0.));
#15335=CARTESIAN_POINT('',(-0.0761558373467521,0.037055430296771,-3.46944695195361E-18));
#15336=CARTESIAN_POINT('',(-0.076155837346752,0.037055430296771,0.));
#15337=CARTESIAN_POINT('',(-0.0761978133755979,0.0371049577626671,-3.46944695195361E-18));
#15338=CARTESIAN_POINT('',(-0.076197813375598,0.037104957762667,0.));
#15339=CARTESIAN_POINT('',(-0.0762379268230819,0.0371559718430141,0.));
#15340=CARTESIAN_POINT('',(-0.076237926823082,0.037155971843014,0.));
#15341=CARTESIAN_POINT('',(-0.0764561277500511,0.0373428364254059,0.));
#15342=CARTESIAN_POINT('',(-0.076456127750051,0.037342836425406,0.));
#15343=CARTESIAN_POINT('',(-0.0765169054857501,0.0373769820752168,0.));
#15344=CARTESIAN_POINT('',(-0.07651690548575,0.037376982075217,0.));
#15345=CARTESIAN_POINT('',(-0.076576848074217,0.0374125748888511,0.));
#15346=CARTESIAN_POINT('',(-0.076576848074217,0.037412574888851,0.));
#15347=CARTESIAN_POINT('',(-0.0769823271150499,0.0375557803722371,0.));
#15348=CARTESIAN_POINT('',(-0.07698232711505,0.037555780372237,0.));
#15349=CARTESIAN_POINT('',(-0.077040690663873,0.037564198660832,-1.7347234759768E-18));
#15350=CARTESIAN_POINT('',(-0.077040690663873,0.037564198660832,0.));
#15351=CARTESIAN_POINT('',(-0.18673414019631,0.01680359219913,6.93889390390723E-18));
#15352=CARTESIAN_POINT('',(-0.18681455028365,0.0168586096273099,4.33680868994202E-18));
#15353=CARTESIAN_POINT('',(-0.18665373010897,0.0167485747709499,1.7347234759768E-18));
#15354=CARTESIAN_POINT('',(-0.18694574568931,0.01701096558227,0.));
#15355=CARTESIAN_POINT('',(-0.18707694109497,0.0171633215372299,1.7347234759768E-18));
#15356=CARTESIAN_POINT('',(-0.18711926219357,0.01725642795415,6.93889390390723E-18));
#15357=CARTESIAN_POINT('',(-0.18716158329217,0.0173495343710702,6.07153216591882E-18));
#15358=CARTESIAN_POINT('',(-0.18719544017105,0.01754421142463,6.93889390390723E-18));
#15359=CARTESIAN_POINT('',(-0.18722929704993,0.01773888847819,1.04083408558608E-17));
#15360=CARTESIAN_POINT('',(-0.18719544017105,0.01793779764161,6.93889390390723E-18));
#15361=CARTESIAN_POINT('',(-0.18716158329217,0.0181367068050298,4.33680868994202E-18));
#15362=CARTESIAN_POINT('',(-0.18711926219357,0.01822558111209,0.));
#15363=CARTESIAN_POINT('',(-0.18707694109497,0.0183144554191499,-1.7347234759768E-18));
#15364=CARTESIAN_POINT('',(-0.18704731632595,0.01835677651775,-6.93889390390723E-18));
#15365=CARTESIAN_POINT('',(-0.18701769155693,0.0183990976163499,-5.20417042793042E-18));
#15366=CARTESIAN_POINT('',(-0.1869520938541,0.01847739164876,0.));
#15367=CARTESIAN_POINT('',(-0.18688649615127,0.0185556856811698,1.7347234759768E-18));
#15368=CARTESIAN_POINT('',(-0.18681031817379,0.01861916732907,6.93889390390723E-18));
#15369=CARTESIAN_POINT('',(-0.18673414019631,0.0186826489769698,1.04083408558608E-17));
#15370=CARTESIAN_POINT('',(-0.18669393515264,0.01871015769106,6.93889390390723E-18));
#15371=CARTESIAN_POINT('',(-0.18665373010897,0.0187376664051499,4.33680868994202E-18));
#15372=CARTESIAN_POINT('',(-0.18646751727513,0.01880538016291,0.));
#15373=CARTESIAN_POINT('',(-0.18628130444129,0.0188730939206701,0.));
#15374=CARTESIAN_POINT('',(-0.18623051912297,0.01887732603053,0.));
#15375=CARTESIAN_POINT('',(-0.186179733804645,0.0188815581403904,0.));
#15376=CARTESIAN_POINT('',(-0.18607816316801,0.01888155814039,0.));
#15377=CARTESIAN_POINT('',(-0.18597659253137,0.01888155814039,5.20417042793042E-18));
#15378=CARTESIAN_POINT('',(-0.18587925400459,0.01886462970095,6.93889390390723E-18));
#15379=CARTESIAN_POINT('',(-0.18578191547781,0.01884770126151,6.07153216591882E-18));
#15380=CARTESIAN_POINT('',(-0.18564860401722,0.01878633566854,6.93889390390723E-18));
#15381=CARTESIAN_POINT('',(-0.185515292556628,0.0187249700755688,1.04083408558608E-17));
#15382=CARTESIAN_POINT('',(-0.18546873934817,0.01870380952627,6.93889390390723E-18));
#15383=CARTESIAN_POINT('',(-0.18542218613971,0.01868264897697,1.04083408558608E-17));
#15384=CARTESIAN_POINT('',(-0.18538198109604,0.01865514026288,6.93889390390723E-18));
#15385=CARTESIAN_POINT('',(-0.18534177605237,0.01862763154879,1.04083408558608E-17));
#15386=CARTESIAN_POINT('',(-0.18526983018475,0.01855568568117,6.93889390390723E-18));
#15387=CARTESIAN_POINT('',(-0.18519788431713,0.01848373981355,1.04083408558608E-17));
#15388=CARTESIAN_POINT('',(-0.18514709899881,0.01839698156142,6.93889390390723E-18));
#15389=CARTESIAN_POINT('',(-0.18509631368049,0.0183102233092901,4.33680868994202E-18));
#15390=CARTESIAN_POINT('',(-0.18503283203259,0.01817479579377,0.));
#15391=CARTESIAN_POINT('',(-0.18496935038469,0.01803936827825,5.20417042793042E-18));
#15392=CARTESIAN_POINT('',(-0.18495242194525,0.01793991369654,6.93889390390723E-18));
#15393=CARTESIAN_POINT('',(-0.18493549350581,0.0178404591148298,6.07153216591882E-18));
#15394=CARTESIAN_POINT('',(-0.18493126139595,0.01778967379651,6.93889390390723E-18));
#15395=CARTESIAN_POINT('',(-0.18492702928609,0.01773888847819,4.33680868994202E-18));
#15396=CARTESIAN_POINT('',(-0.18493549350581,0.01764154995141,0.));
#15397=CARTESIAN_POINT('',(-0.18494395772553,0.0175442114246301,5.20417042793042E-18));
#15398=CARTESIAN_POINT('',(-0.18495665405511,0.01749554216124,6.93889390390723E-18));
#15399=CARTESIAN_POINT('',(-0.18496935038469,0.0174468728978499,6.93889390390723E-18));
#15400=CARTESIAN_POINT('',(-0.18500320726357,0.017351650426,1.04083408558608E-17));
#15401=CARTESIAN_POINT('',(-0.18503706414245,0.01725642795415,6.07153216591882E-18));
#15402=CARTESIAN_POINT('',(-0.18508784946077,0.01716966970202,6.93889390390723E-18));
#15403=CARTESIAN_POINT('',(-0.18513863477909,0.0170829114498899,1.04083408558608E-17));
#15404=CARTESIAN_POINT('',(-0.18516825954811,0.01704270640622,6.93889390390723E-18));
#15405=CARTESIAN_POINT('',(-0.18519788431713,0.0170025013625499,6.07153216591882E-18));
#15406=CARTESIAN_POINT('',(-0.18523385725094,0.01696652842874,6.93889390390723E-18));
#15407=CARTESIAN_POINT('',(-0.18526983018475,0.0169305554949299,1.04083408558608E-17));
#15408=CARTESIAN_POINT('',(-0.18534600816223,0.01686707384703,6.93889390390723E-18));
#15409=CARTESIAN_POINT('',(-0.18542218613971,0.0168035921991299,4.33680868994202E-18));
#15410=CARTESIAN_POINT('',(-0.18550894439184,0.01675492293574,0.));
#15411=CARTESIAN_POINT('',(-0.18559570264397,0.0167062536723499,1.7347234759768E-18));
#15412=CARTESIAN_POINT('',(-0.18564225585243,0.01668509312305,6.93889390390723E-18));
#15413=CARTESIAN_POINT('',(-0.18568880906089,0.0166639325737499,6.07153216591882E-18));
#15414=CARTESIAN_POINT('',(-0.18588348611445,0.01663007569487,6.93889390390723E-18));
#15415=CARTESIAN_POINT('',(-0.18607816316801,0.01659621881599,4.33680868994202E-18));
#15416=CARTESIAN_POINT('',(-0.18617973380465,0.01660468303571,0.));
#15417=CARTESIAN_POINT('',(-0.18628130444129,0.01661314725543,5.20417042793042E-18));
#15418=CARTESIAN_POINT('',(-0.18632997370468,0.01662584358501,6.93889390390723E-18));
#15419=CARTESIAN_POINT('',(-0.18637864296807,0.0166385399145901,4.33680868994202E-18));
#15420=CARTESIAN_POINT('',(-0.18647174938499,0.01667239679347,0.));
#15421=CARTESIAN_POINT('',(-0.18656485580191,0.0167062536723501,0.));
#15422=CARTESIAN_POINT('',(-0.18660929295544,0.01672741422165,0.));
#15423=CARTESIAN_POINT('',(-0.18550894439184,-0.00024757842681,6.93889390390723E-18));
#15424=CARTESIAN_POINT('',(-0.18559570264397,-0.000298363745130047,6.07153216591882E-18));
#15425=CARTESIAN_POINT('',(-0.18542218613971,-0.000196793108489952,1.04083408558608E-17));
#15426=CARTESIAN_POINT('',(-0.18564225585243,-0.00031952429443,6.93889390390723E-18));
#15427=CARTESIAN_POINT('',(-0.18568880906089,-0.000340684843730024,1.04083408558608E-17));
#15428=CARTESIAN_POINT('',(-0.18573536226935,-0.00035338117331,6.93889390390723E-18));
#15429=CARTESIAN_POINT('',(-0.18578191547781,-0.000366077502890055,1.04083408558608E-17));
#15430=CARTESIAN_POINT('',(-0.18587925400459,-0.00038300594233,6.93889390390723E-18));
#15431=CARTESIAN_POINT('',(-0.18597659253137,-0.00039993438177,6.07153216591882E-18));
#15432=CARTESIAN_POINT('',(-0.18602737784969,-0.00040416649163,6.93889390390723E-18));
#15433=CARTESIAN_POINT('',(-0.18607816316801,-0.000408398601490004,1.04083408558608E-17));
#15434=CARTESIAN_POINT('',(-0.18612894848633,-0.00040416649163,6.93889390390723E-18));
#15435=CARTESIAN_POINT('',(-0.18617973380465,-0.000399934381770003,6.07153216591882E-18));
#15436=CARTESIAN_POINT('',(-0.18627918838636,-0.00038300594233,6.93889390390723E-18));
#15437=CARTESIAN_POINT('',(-0.18637864296807,-0.000366077502890069,6.07153216591882E-18));
#15438=CARTESIAN_POINT('',(-0.18642731223146,-0.00035338117331,6.93889390390723E-18));
#15439=CARTESIAN_POINT('',(-0.18647598149485,-0.000340684843729988,2.60208521396521E-18));
#15440=CARTESIAN_POINT('',(-0.18664526588925,-0.00023911420709,-6.93889390390723E-18));
#15441=CARTESIAN_POINT('',(-0.18681455028365,-0.000137543570449897,-4.33680868994202E-18));
#15442=CARTESIAN_POINT('',(-0.18685052321746,-0.00010157063664,0.));
#15443=CARTESIAN_POINT('',(-0.18688649615127,-6.55977028300315E-5,0.));
#15444=CARTESIAN_POINT('',(-0.1869520938541,1.058027465002E-5,0.));
#15445=CARTESIAN_POINT('',(-0.18701769155693,8.67582521299318E-5,1.7347234759768E-18));
#15446=CARTESIAN_POINT('',(-0.18706847687525,0.00017351650426,6.93889390390723E-18));
#15447=CARTESIAN_POINT('',(-0.18711926219357,0.000260274756390065,6.07153216591882E-18));
#15448=CARTESIAN_POINT('',(-0.18714042274287,0.00030682796485,6.93889390390723E-18));
#15449=CARTESIAN_POINT('',(-0.18716158329217,0.000353381173310086,6.07153216591882E-18));
#15450=CARTESIAN_POINT('',(-0.18717427962175,0.00039993438177,6.93889390390723E-18));
#15451=CARTESIAN_POINT('',(-0.18718697595133,0.000446487590230197,6.07153216591882E-18));
#15452=CARTESIAN_POINT('',(-0.18720390439077,0.00054382611701,6.93889390390723E-18));
#15453=CARTESIAN_POINT('',(-0.18722083283021,0.000641164643790084,4.33680868994202E-18));
#15454=CARTESIAN_POINT('',(-0.18722083283021,0.00074273528043,0.));
#15455=CARTESIAN_POINT('',(-0.18722083283021,0.00084430591706992,1.7347234759768E-18));
#15456=CARTESIAN_POINT('',(-0.18720390439077,0.00094164444385,6.93889390390723E-18));
#15457=CARTESIAN_POINT('',(-0.18718697595133,0.00103898297063004,4.33680868994202E-18));
#15458=CARTESIAN_POINT('',(-0.18715311907245,0.00113208938755,0.));
#15459=CARTESIAN_POINT('',(-0.18711926219357,0.00122519580447009,1.7347234759768E-18));
#15460=CARTESIAN_POINT('',(-0.18706847687525,0.0013119540566,6.93889390390723E-18));
#15461=CARTESIAN_POINT('',(-0.18701769155693,0.0013987123087301,4.33680868994202E-18));
#15462=CARTESIAN_POINT('',(-0.1869520938541,0.00147489028621,0.));
#15463=CARTESIAN_POINT('',(-0.18688649615127,0.00155106826369016,1.7347234759768E-18));
#15464=CARTESIAN_POINT('',(-0.18685052321746,0.0015870411975,6.93889390390723E-18));
#15465=CARTESIAN_POINT('',(-0.18681455028365,0.00162301413130995,4.33680868994202E-18));
#15466=CARTESIAN_POINT('',(-0.18664526588925,0.00172458476795,-6.93889390390723E-18));
#15467=CARTESIAN_POINT('',(-0.18647598149485,0.00182615540459005,-2.60208521396521E-18));
#15468=CARTESIAN_POINT('',(-0.18627707233143,0.00186001228347,6.93889390390723E-18));
#15469=CARTESIAN_POINT('',(-0.18607816316801,0.00189386916234995,4.33680868994202E-18));
#15470=CARTESIAN_POINT('',(-0.18597659253137,0.00188540494263,0.));
#15471=CARTESIAN_POINT('',(-0.18587502189473,0.00187694072291,0.));
#15472=CARTESIAN_POINT('',(-0.18568880906089,0.00180922696515,0.));
#15473=CARTESIAN_POINT('',(-0.18550259622705,0.00174151320738986,1.7347234759768E-18));
#15474=CARTESIAN_POINT('',(-0.18546239118338,0.00171188843837,6.93889390390723E-18));
#15475=CARTESIAN_POINT('',(-0.18542218613971,0.00168226366934977,4.33680868994202E-18));
#15476=CARTESIAN_POINT('',(-0.18534600816223,0.00161666596652,0.));
#15477=CARTESIAN_POINT('',(-0.18526983018475,0.00155106826368984,1.7347234759768E-18));
#15478=CARTESIAN_POINT('',(-0.18523385725094,0.00151509532988,6.93889390390723E-18));
#15479=CARTESIAN_POINT('',(-0.18519788431713,0.00147912239607007,7.80625564189563E-18));
#15480=CARTESIAN_POINT('',(-0.18513863477909,0.00139871230873,6.93889390390723E-18));
#15481=CARTESIAN_POINT('',(-0.18507938524105,0.00131830222139018,4.33680868994202E-18));
#15482=CARTESIAN_POINT('',(-0.18501167148329,0.00113208938755,0.));
#15483=CARTESIAN_POINT('',(-0.18494395772553,0.00094587655371017,0.));
#15484=CARTESIAN_POINT('',(-0.18493549350581,0.00084430591707,0.));
#15485=CARTESIAN_POINT('',(-0.18492702928609,0.00074273528043,0.));
#15486=CARTESIAN_POINT('',(-0.18493549350581,0.00064116464379,0.));
#15487=CARTESIAN_POINT('',(-0.18494395772553,0.000539594007149844,0.));
#15488=CARTESIAN_POINT('',(-0.18501167148329,0.00035338117331,0.));
#15489=CARTESIAN_POINT('',(-0.18507938524105,0.000167168339469834,0.));
#15490=CARTESIAN_POINT('',(-0.18521058064671,1.481238451001E-5,0.));
#15491=CARTESIAN_POINT('',(-0.18534177605237,-0.000137543570450044,1.7347234759768E-18));
#15492=CARTESIAN_POINT('',(-0.18538198109604,-0.00016716833947,6.93889390390723E-18));
#15493=CARTESIAN_POINT('',(-0.14431147095967,-0.01468753726913,0.));
#15494=CARTESIAN_POINT('',(-0.14444266636533,-0.0148398932240901,1.7347234759768E-18));
#15495=CARTESIAN_POINT('',(-0.14418027555401,-0.0145351813141701,4.33680868994202E-18));
#15496=CARTESIAN_POINT('',(-0.14461195075973,-0.01493723175087,6.93889390390723E-18));
#15497=CARTESIAN_POINT('',(-0.14478123515413,-0.01503457027765,4.33680868994202E-18));
#15498=CARTESIAN_POINT('',(-0.14498014431755,-0.01507265926639,6.93889390390723E-18));
#15499=CARTESIAN_POINT('',(-0.14517905348097,-0.01511074825513,6.07153216591882E-18));
#15500=CARTESIAN_POINT('',(-0.14522983879929,-0.01510651614527,6.93889390390723E-18));
#15501=CARTESIAN_POINT('',(-0.14528062411761,-0.01510228403541,6.07153216591882E-18));
#15502=CARTESIAN_POINT('',(-0.14537796264439,-0.01508323954104,6.93889390390723E-18));
#15503=CARTESIAN_POINT('',(-0.14547530117117,-0.0150641950466699,6.07153216591882E-18));
#15504=CARTESIAN_POINT('',(-0.14552185437963,-0.01504938266216,6.93889390390723E-18));
#15505=CARTESIAN_POINT('',(-0.14556840758809,-0.01503457027765,1.04083408558608E-17));
#15506=CARTESIAN_POINT('',(-0.14561496079655,-0.01501340972835,6.93889390390723E-18));
#15507=CARTESIAN_POINT('',(-0.14566151400501,-0.0149922491790502,4.33680868994202E-18));
#15508=CARTESIAN_POINT('',(-0.14574827225714,-0.01494357991566,0.));
#15509=CARTESIAN_POINT('',(-0.14583503050927,-0.0148949106522702,1.7347234759768E-18));
#15510=CARTESIAN_POINT('',(-0.14587523555294,-0.01486740193818,6.93889390390723E-18));
#15511=CARTESIAN_POINT('',(-0.14591544059661,-0.01483989322409,4.33680868994202E-18));
#15512=CARTESIAN_POINT('',(-0.14595141353042,-0.01480392029028,0.));
#15513=CARTESIAN_POINT('',(-0.14598738646423,-0.01476794735647,0.));
#15514=CARTESIAN_POINT('',(-0.14605298416706,-0.01469176937899,0.));
#15515=CARTESIAN_POINT('',(-0.14611858186989,-0.0146155914015101,1.7347234759768E-18));
#15516=CARTESIAN_POINT('',(-0.14616936718821,-0.01452883314938,6.93889390390723E-18));
#15517=CARTESIAN_POINT('',(-0.14622015250653,-0.0144420748972501,6.93889390390723E-18));
#15518=CARTESIAN_POINT('',(-0.14625400938541,-0.0143468524254,1.04083408558608E-17));
#15519=CARTESIAN_POINT('',(-0.14628786626429,-0.0142516299535501,1.30104260698261E-17));
#15520=CARTESIAN_POINT('',(-0.14630056259387,-0.01420296069016,6.93889390390723E-18));
#15521=CARTESIAN_POINT('',(-0.14631325892345,-0.01415429142677,4.33680868994202E-18));
#15522=CARTESIAN_POINT('',(-0.14631749103331,-0.01410562216338,0.));
#15523=CARTESIAN_POINT('',(-0.14632172314317,-0.0140569528999901,0.));
#15524=CARTESIAN_POINT('',(-0.14632172314317,-0.01395749831828,0.));
#15525=CARTESIAN_POINT('',(-0.14632172314317,-0.0138580437365701,1.7347234759768E-18));
#15526=CARTESIAN_POINT('',(-0.14630479470373,-0.01375858915486,6.93889390390723E-18));
#15527=CARTESIAN_POINT('',(-0.14628786626429,-0.0136591345731502,6.07153216591882E-18));
#15528=CARTESIAN_POINT('',(-0.14627516993471,-0.01361046530976,6.93889390390723E-18));
#15529=CARTESIAN_POINT('',(-0.14626247360513,-0.01356179604637,4.33680868994202E-18));
#15530=CARTESIAN_POINT('',(-0.14624131305583,-0.01351735889284,0.));
#15531=CARTESIAN_POINT('',(-0.14622015250653,-0.0134729217393101,1.7347234759768E-18));
#15532=CARTESIAN_POINT('',(-0.14616936718821,-0.01338616348718,6.93889390390723E-18));
#15533=CARTESIAN_POINT('',(-0.14611858186989,-0.0132994052350501,2.60208521396521E-18));
#15534=CARTESIAN_POINT('',(-0.14608895710087,-0.01325708413645,-6.93889390390723E-18));
#15535=CARTESIAN_POINT('',(-0.14605933233185,-0.01321476303785,-6.07153216591882E-18));
#15536=CARTESIAN_POINT('',(-0.14602335939804,-0.01318090615897,-6.93889390390723E-18));
#15537=CARTESIAN_POINT('',(-0.14598738646423,-0.0131470492800903,-3.46944695195361E-18));
#15538=CARTESIAN_POINT('',(-0.14591120848675,-0.01308356763219,6.93889390390723E-18));
#15539=CARTESIAN_POINT('',(-0.145835030509271,-0.0130200859842904,6.07153216591882E-18));
#15540=CARTESIAN_POINT('',(-0.1457948254656,-0.01299046121527,6.93889390390723E-18));
#15541=CARTESIAN_POINT('',(-0.14575462042193,-0.0129608364462501,4.33680868994202E-18));
#15542=CARTESIAN_POINT('',(-0.14556840758809,-0.01289312268849,0.));
#15543=CARTESIAN_POINT('',(-0.14538219475425,-0.01282540893073,0.));
#15544=CARTESIAN_POINT('',(-0.14533140943593,-0.01282117682087,0.));
#15545=CARTESIAN_POINT('',(-0.14528062411761,-0.01281694471101,0.));
#15546=CARTESIAN_POINT('',(-0.14517905348097,-0.01281694471101,0.));
#15547=CARTESIAN_POINT('',(-0.14507748284433,-0.01281694471101,5.20417042793042E-18));
#15548=CARTESIAN_POINT('',(-0.14502669752601,-0.01282117682087,6.93889390390723E-18));
#15549=CARTESIAN_POINT('',(-0.14497591220769,-0.01282540893073,1.04083408558608E-17));
#15550=CARTESIAN_POINT('',(-0.14487857368091,-0.01285080158989,6.93889390390723E-18));
#15551=CARTESIAN_POINT('',(-0.14478123515413,-0.01287619424905,4.33680868994202E-18));
#15552=CARTESIAN_POINT('',(-0.1447367980006,-0.01289735479835,0.));
#15553=CARTESIAN_POINT('',(-0.14469236084707,-0.0129185153476501,0.));
#15554=CARTESIAN_POINT('',(-0.14460771864987,-0.01296930066597,0.));
#15555=CARTESIAN_POINT('',(-0.14452307645267,-0.0130200859842903,1.7347234759768E-18));
#15556=CARTESIAN_POINT('',(-0.14444689847519,-0.01308356763219,6.93889390390723E-18));
#15557=CARTESIAN_POINT('',(-0.14437072049771,-0.0131470492800903,2.60208521396521E-18));
#15558=CARTESIAN_POINT('',(-0.1443347475639,-0.01318090615897,-6.93889390390723E-18));
#15559=CARTESIAN_POINT('',(-0.14429877463009,-0.01321476303785,-6.93889390390723E-18));
#15560=CARTESIAN_POINT('',(-0.14423952509205,-0.01329940523505,-6.93889390390723E-18));
#15561=CARTESIAN_POINT('',(-0.14418027555401,-0.0133840474322499,-4.33680868994202E-18));
#15562=CARTESIAN_POINT('',(-0.14411256179625,-0.01357026026609,0.));
#15563=CARTESIAN_POINT('',(-0.14404484803849,-0.0137564730999298,1.7347234759768E-18));
#15564=CARTESIAN_POINT('',(-0.14403638381877,-0.01385804373657,6.93889390390723E-18));
#15565=CARTESIAN_POINT('',(-0.14402791959905,-0.01395961437321,1.30104260698261E-17));
#15566=CARTESIAN_POINT('',(-0.14403215170891,-0.0140082836366,1.04083408558608E-17));
#15567=CARTESIAN_POINT('',(-0.14403638381877,-0.0140569528999899,6.07153216591882E-18));
#15568=CARTESIAN_POINT('',(-0.14405331225821,-0.01415429142677,6.93889390390723E-18));
#15569=CARTESIAN_POINT('',(-0.14407024069765,-0.01425162995355,6.93889390390723E-18));
#15570=CARTESIAN_POINT('',(-0.14410409757653,-0.0143468524254,1.04083408558608E-17));
#15571=CARTESIAN_POINT('',(-0.14413795445541,-0.01444207489725,6.07153216591882E-18));
#15572=CARTESIAN_POINT('',(-0.14415911500471,-0.01448862810571,6.93889390390723E-18));
#15573=CARTESIAN_POINT('',(-0.10170893705398,-0.02007712917584,0.));
#15574=CARTESIAN_POINT('',(-0.10166026779059,-0.0199903709237096,0.));
#15575=CARTESIAN_POINT('',(-0.10175760631737,-0.0201638874279701,4.33680868994202E-18));
#15576=CARTESIAN_POINT('',(-0.10163910724129,-0.01994593377018,0.));
#15577=CARTESIAN_POINT('',(-0.10161794669199,-0.0199014966166501,0.));
#15578=CARTESIAN_POINT('',(-0.10155446504409,-0.01982320258424,0.));
#15579=CARTESIAN_POINT('',(-0.10149098339619,-0.0197449085518301,2.60208521396521E-18));
#15580=CARTESIAN_POINT('',(-0.10141268936378,-0.01968142690393,1.04083408558608E-17));
#15581=CARTESIAN_POINT('',(-0.10133439533137,-0.01961794525603,4.33680868994202E-18));
#15582=CARTESIAN_POINT('',(-0.10124763707924,-0.01956927599264,0.));
#15583=CARTESIAN_POINT('',(-0.10116087882711,-0.0195206067292498,0.));
#15584=CARTESIAN_POINT('',(-0.10111644167358,-0.01949944617995,0.));
#15585=CARTESIAN_POINT('',(-0.10107200452005,-0.01947828563065,1.7347234759768E-18));
#15586=CARTESIAN_POINT('',(-0.10087732746649,-0.01944442875177,6.93889390390723E-18));
#15587=CARTESIAN_POINT('',(-0.10068265041293,-0.01941057187289,4.33680868994202E-18));
#15588=CARTESIAN_POINT('',(-0.10058107977629,-0.01941903609261,0.));
#15589=CARTESIAN_POINT('',(-0.10047950913965,-0.01942750031233,0.));
#15590=CARTESIAN_POINT('',(-0.10029329630581,-0.01949521407009,0.));
#15591=CARTESIAN_POINT('',(-0.10010708347197,-0.01956292782785,0.));
#15592=CARTESIAN_POINT('',(-0.09995049540715,-0.01968989112365,0.));
#15593=CARTESIAN_POINT('',(-0.09979390734233,-0.0198168544194499,-1.7347234759768E-18));
#15594=CARTESIAN_POINT('',(-0.09976639862824,-0.01985917551805,-6.93889390390723E-18));
#15595=CARTESIAN_POINT('',(-0.0997388899141499,-0.0199014966166501,-5.20417042793042E-18));
#15596=CARTESIAN_POINT('',(-0.09969022065076,-0.01998825486878,0.));
#15597=CARTESIAN_POINT('',(-0.09964155138737,-0.02007501312091,0.));
#15598=CARTESIAN_POINT('',(-0.09960769450849,-0.02016811953783,0.));
#15599=CARTESIAN_POINT('',(-0.0995738376296099,-0.02026122595475,5.20417042793042E-18));
#15600=CARTESIAN_POINT('',(-0.09955690919017,-0.02036068053646,6.93889390390723E-18));
#15601=CARTESIAN_POINT('',(-0.09953998075073,-0.0204601351181702,1.04083408558608E-17));
#15602=CARTESIAN_POINT('',(-0.09953574864087,-0.02051092043649,6.93889390390723E-18));
#15603=CARTESIAN_POINT('',(-0.09953151653101,-0.02056170575481,1.04083408558608E-17));
#15604=CARTESIAN_POINT('',(-0.09953998075073,-0.02065904428159,6.93889390390723E-18));
#15605=CARTESIAN_POINT('',(-0.09954844497045,-0.02075638280837,1.04083408558608E-17));
#15606=CARTESIAN_POINT('',(-0.09957383762961,-0.02085372133515,6.93889390390723E-18));
#15607=CARTESIAN_POINT('',(-0.0995992302887699,-0.0209510598619299,4.33680868994202E-18));
#15608=CARTESIAN_POINT('',(-0.09964155138737,-0.02103993416899,0.));
#15609=CARTESIAN_POINT('',(-0.0996838724859699,-0.0211288084760498,0.));
#15610=CARTESIAN_POINT('',(-0.09971138120006,-0.02117112957465,0.));
#15611=CARTESIAN_POINT('',(-0.0997388899141498,-0.0212134506732497,0.));
#15612=CARTESIAN_POINT('',(-0.09980237156205,-0.02129174470566,0.));
#15613=CARTESIAN_POINT('',(-0.09986585320995,-0.0213700387380701,0.));
#15614=CARTESIAN_POINT('',(-0.09994414724236,-0.02143352038597,0.));
#15615=CARTESIAN_POINT('',(-0.10002244127477,-0.0214970020338702,0.));
#15616=CARTESIAN_POINT('',(-0.10006476237337,-0.02152451074796,0.));
#15617=CARTESIAN_POINT('',(-0.10010708347197,-0.0215520194620501,0.));
#15618=CARTESIAN_POINT('',(-0.10019595777903,-0.02159434056065,0.));
#15619=CARTESIAN_POINT('',(-0.10028483208609,-0.02163666165925,1.7347234759768E-18));
#15620=CARTESIAN_POINT('',(-0.10048374124951,-0.02167051853813,6.93889390390723E-18));
#15621=CARTESIAN_POINT('',(-0.10068265041293,-0.0217043754170099,4.33680868994202E-18));
#15622=CARTESIAN_POINT('',(-0.10077998893971,-0.02169591119729,0.));
#15623=CARTESIAN_POINT('',(-0.10087732746649,-0.02168744697757,5.20417042793042E-18));
#15624=CARTESIAN_POINT('',(-0.10092599672988,-0.02167475064799,6.93889390390723E-18));
#15625=CARTESIAN_POINT('',(-0.10097466599327,-0.02166205431841,4.33680868994202E-18));
#15626=CARTESIAN_POINT('',(-0.10106777241019,-0.02162819743953,0.));
#15627=CARTESIAN_POINT('',(-0.10116087882711,-0.0215943405606499,0.));
#15628=CARTESIAN_POINT('',(-0.10120531598064,-0.02157318001135,0.));
#15629=CARTESIAN_POINT('',(-0.10124975313417,-0.0215520194620501,0.));
#15630=CARTESIAN_POINT('',(-0.10129207423277,-0.02152451074796,0.));
#15631=CARTESIAN_POINT('',(-0.10133439533137,-0.0214970020338702,0.));
#15632=CARTESIAN_POINT('',(-0.10141268936378,-0.02143352038597,0.));
#15633=CARTESIAN_POINT('',(-0.10149098339619,-0.0213700387380701,0.));
#15634=CARTESIAN_POINT('',(-0.10155446504409,-0.02129174470566,0.));
#15635=CARTESIAN_POINT('',(-0.10161794669199,-0.0212134506732497,0.));
#15636=CARTESIAN_POINT('',(-0.10164545540608,-0.02117112957465,0.));
#15637=CARTESIAN_POINT('',(-0.10167296412017,-0.0211288084760499,0.));
#15638=CARTESIAN_POINT('',(-0.10169412466947,-0.02108437132252,0.));
#15639=CARTESIAN_POINT('',(-0.10171528521877,-0.0210399341689899,1.7347234759768E-18));
#15640=CARTESIAN_POINT('',(-0.10173221365821,-0.02094259564221,6.93889390390723E-18));
#15641=CARTESIAN_POINT('',(-0.10174914209765,-0.02084525711543,5.20417042793042E-18));
#15642=CARTESIAN_POINT('',(-0.10178299897653,-0.02075215069851,0.));
#15643=CARTESIAN_POINT('',(-0.10181685585541,-0.0206590442815901,0.));
#15644=CARTESIAN_POINT('',(-0.10181685585541,-0.02055958969988,0.));
#15645=CARTESIAN_POINT('',(-0.10181685585541,-0.02046013511817,3.46944695195361E-18));
#15646=CARTESIAN_POINT('',(-0.10181262374555,-0.02040934979985,6.93889390390723E-18));
#15647=CARTESIAN_POINT('',(-0.10180839163569,-0.02035856448153,1.04083408558608E-17));
#15648=CARTESIAN_POINT('',(-0.10178299897653,-0.02026122595475,6.93889390390723E-18));
#15649=CARTESIAN_POINT('',(-0.11492581614676,0.02191386485508,0.));
#15650=CARTESIAN_POINT('',(-0.11488984321295,0.0219498377888899,0.));
#15651=CARTESIAN_POINT('',(-0.11496178908057,0.0218778919212701,4.33680868994202E-18));
#15652=CARTESIAN_POINT('',(-0.11481366523547,0.02201543549172,0.));
#15653=CARTESIAN_POINT('',(-0.11473748725799,0.0220810331945498,1.7347234759768E-18));
#15654=CARTESIAN_POINT('',(-0.11469728221432,0.02211065796357,6.93889390390723E-18));
#15655=CARTESIAN_POINT('',(-0.11465707717065,0.02214028273259,6.93889390390723E-18));
#15656=CARTESIAN_POINT('',(-0.11446663222695,0.02220799649035,1.04083408558608E-17));
#15657=CARTESIAN_POINT('',(-0.11427618728325,0.02227571024811,4.33680868994202E-18));
#15658=CARTESIAN_POINT('',(-0.11417884875647,0.02228417446783,0.));
#15659=CARTESIAN_POINT('',(-0.11408151022969,0.02229263868755,0.));
#15660=CARTESIAN_POINT('',(-0.11397993959305,0.02228417446783,0.));
#15661=CARTESIAN_POINT('',(-0.11387836895641,0.02227571024811,5.20417042793042E-18));
#15662=CARTESIAN_POINT('',(-0.11378103042963,0.02225031758895,6.93889390390723E-18));
#15663=CARTESIAN_POINT('',(-0.11368369190285,0.0222249249297901,4.33680868994202E-18));
#15664=CARTESIAN_POINT('',(-0.11359481759579,0.02218260383119,0.));
#15665=CARTESIAN_POINT('',(-0.11350594328873,0.02214028273259,0.));
#15666=CARTESIAN_POINT('',(-0.11335358733377,0.02200908732693,0.));
#15667=CARTESIAN_POINT('',(-0.11320123137881,0.0218778919212699,1.7347234759768E-18));
#15668=CARTESIAN_POINT('',(-0.11314198184077,0.02179748183393,6.93889390390723E-18));
#15669=CARTESIAN_POINT('',(-0.11308273230273,0.0217170717465901,4.33680868994202E-18));
#15670=CARTESIAN_POINT('',(-0.11306157175343,0.02167263459306,0.));
#15671=CARTESIAN_POINT('',(-0.11304041120413,0.0216281974395301,0.));
#15672=CARTESIAN_POINT('',(-0.11300655432525,0.02153509102261,0.));
#15673=CARTESIAN_POINT('',(-0.11297269744637,0.0214419846056902,1.7347234759768E-18));
#15674=CARTESIAN_POINT('',(-0.11296000111679,0.0213933153423,6.93889390390723E-18));
#15675=CARTESIAN_POINT('',(-0.11294730478721,0.02134464607891,5.20417042793042E-18));
#15676=CARTESIAN_POINT('',(-0.11293884056749,0.02124307544227,0.));
#15677=CARTESIAN_POINT('',(-0.11293037634777,0.02114150480563,0.));
#15678=CARTESIAN_POINT('',(-0.11293884056749,0.02104416627885,0.));
#15679=CARTESIAN_POINT('',(-0.11294730478721,0.0209468277520699,2.60208521396521E-18));
#15680=CARTESIAN_POINT('',(-0.11298116166609,0.02085160528022,1.04083408558608E-17));
#15681=CARTESIAN_POINT('',(-0.11301501854497,0.0207563828083697,4.33680868994202E-18));
#15682=CARTESIAN_POINT('',(-0.11307850019287,0.02062095529285,0.));
#15683=CARTESIAN_POINT('',(-0.11314198184077,0.02048552777733,5.20417042793042E-18));
#15684=CARTESIAN_POINT('',(-0.11320546348867,0.02040934979985,6.93889390390723E-18));
#15685=CARTESIAN_POINT('',(-0.11326894513657,0.0203331718223701,4.33680868994202E-18));
#15686=CARTESIAN_POINT('',(-0.11334512311405,0.02026757411954,0.));
#15687=CARTESIAN_POINT('',(-0.11342130109153,0.02020197641671,1.7347234759768E-18));
#15688=CARTESIAN_POINT('',(-0.11350805934366,0.02015119109839,6.93889390390723E-18));
#15689=CARTESIAN_POINT('',(-0.11359481759579,0.02010040578007,4.33680868994202E-18));
#15690=CARTESIAN_POINT('',(-0.11363925474932,0.02007924523077,0.));
#15691=CARTESIAN_POINT('',(-0.11368369190285,0.02005808468147,1.7347234759768E-18));
#15692=CARTESIAN_POINT('',(-0.11388260106627,0.02002422780259,6.93889390390723E-18));
#15693=CARTESIAN_POINT('',(-0.11408151022969,0.01999037092371,4.33680868994202E-18));
#15694=CARTESIAN_POINT('',(-0.11417884875647,0.01999883514343,0.));
#15695=CARTESIAN_POINT('',(-0.11427618728325,0.02000729936315,2.60208521396521E-18));
#15696=CARTESIAN_POINT('',(-0.1143714097551,0.02004115624203,1.04083408558608E-17));
#15697=CARTESIAN_POINT('',(-0.11446663222695,0.0200750131209101,4.33680868994202E-18));
#15698=CARTESIAN_POINT('',(-0.11460205974247,0.02013849476881,0.));
#15699=CARTESIAN_POINT('',(-0.11473748725799,0.0202019764167101,1.7347234759768E-18));
#15700=CARTESIAN_POINT('',(-0.11477769230166,0.02023160118573,6.93889390390723E-18));
#15701=CARTESIAN_POINT('',(-0.11481789734533,0.02026122595475,4.33680868994202E-18));
#15702=CARTESIAN_POINT('',(-0.11485387027914,0.02029719888856,0.));
#15703=CARTESIAN_POINT('',(-0.11488984321295,0.0203331718223699,1.7347234759768E-18));
#15704=CARTESIAN_POINT('',(-0.11495332486085,0.02040934979985,6.93889390390723E-18));
#15705=CARTESIAN_POINT('',(-0.11501680650875,0.0204855277773301,6.07153216591882E-18));
#15706=CARTESIAN_POINT('',(-0.11504431522284,0.020525732821,6.93889390390723E-18));
#15707=CARTESIAN_POINT('',(-0.11507182393693,0.0205659378646699,6.93889390390723E-18));
#15708=CARTESIAN_POINT('',(-0.11513953769469,0.02075638280837,1.04083408558608E-17));
#15709=CARTESIAN_POINT('',(-0.11520725145245,0.0209468277520699,6.07153216591882E-18));
#15710=CARTESIAN_POINT('',(-0.11521359961724,0.02099549701546,6.93889390390723E-18));
#15711=CARTESIAN_POINT('',(-0.11521994778203,0.0210441662788499,4.33680868994202E-18));
#15712=CARTESIAN_POINT('',(-0.11521994778203,0.02114362086056,0.));
#15713=CARTESIAN_POINT('',(-0.11521994778203,0.0212430754422699,5.20417042793042E-18));
#15714=CARTESIAN_POINT('',(-0.11521359961724,0.02129386076059,6.93889390390723E-18));
#15715=CARTESIAN_POINT('',(-0.11520725145245,0.0213446460789099,6.07153216591882E-18));
#15716=CARTESIAN_POINT('',(-0.11519455512287,0.0213933153423,6.93889390390723E-18));
#15717=CARTESIAN_POINT('',(-0.11518185879329,0.0214419846056899,6.07153216591882E-18));
#15718=CARTESIAN_POINT('',(-0.1151331895299,0.02152662680289,6.93889390390723E-18));
#15719=CARTESIAN_POINT('',(-0.11508452026651,0.0216112690000901,4.33680868994202E-18));
#15720=CARTESIAN_POINT('',(-0.11502315467354,0.02174458046068,6.93889390390723E-18));
#15721=CARTESIAN_POINT('',(-0.074804800043082,-0.017927246844,-0.0015));
#15722=CARTESIAN_POINT('',(-0.074794315201028,-0.01789629576537,-0.0015));
#15723=CARTESIAN_POINT('',(-0.0747943152010268,-0.0178962957653686,0.0141226829641306));
#15724=CARTESIAN_POINT('',(-0.0747943152010277,-0.0178962957653691,0.0141226829641308));
#15725=CARTESIAN_POINT('',(-0.0748082186694142,-0.0179373385718363,0.0139185276609293));
#15726=CARTESIAN_POINT('',(-0.0748152848851365,-0.0179581979226316,0.0137087003631808));
#15727=CARTESIAN_POINT('',(-0.0748152848851363,-0.0179581979226311,0.0135));
#15728=CARTESIAN_POINT('',(-0.0748152848851366,-0.017958197922632,0.0135));
#15729=CARTESIAN_POINT('',(-0.0748152848851363,-0.0179581979226311,-0.0015));
#15730=CARTESIAN_POINT('',(-0.0748152848851357,-0.0179581979226311,0.012));
#15731=CARTESIAN_POINT('',(-0.074815284885135,-0.0179581979226311,-0.0015));
#15732=CARTESIAN_POINT('',(-0.076870234876478,0.039082656742336,-0.0015));
#15733=CARTESIAN_POINT('',(-0.076787345372699,0.039066214693262,0.0165));
#15734=CARTESIAN_POINT('',(-0.076787345372699,0.039066214693262,0.0165));
#15735=CARTESIAN_POINT('',(-0.076787345372699,0.0390662146932619,-0.0015));
#15736=CARTESIAN_POINT('',(-0.076703711786177,0.039054151484603,-0.0015));
#15737=CARTESIAN_POINT('',(-0.076620078199654,0.039042088275944,0.0165));
#15738=CARTESIAN_POINT('',(-0.076620078199654,0.039042088275944,0.0165));
#15739=CARTESIAN_POINT('',(-0.076620078199654,0.0390420882759441,-0.0015));
#15740=CARTESIAN_POINT('',(-0.076275754366901,0.03892048134699,-0.0015));
#15741=CARTESIAN_POINT('',(-0.075931430534149,0.038798874418036,0.0165));
#15742=CARTESIAN_POINT('',(-0.0759314305341491,0.038798874418036,0.0165));
#15743=CARTESIAN_POINT('',(-0.0759314305341491,0.0387988744180358,-0.0015));
#15744=CARTESIAN_POINT('',(-0.075844748206048,0.038747404035652,-0.0015));
#15745=CARTESIAN_POINT('',(-0.075758065877947,0.038695933653269,0.0165));
#15746=CARTESIAN_POINT('',(-0.0757580658779471,0.0386959336532689,0.0165));
#15747=CARTESIAN_POINT('',(-0.0757580658779472,0.0386959336532686,-0.0015));
#15748=CARTESIAN_POINT('',(-0.075670178262286,0.038646557352678,-0.0015));
#15749=CARTESIAN_POINT('',(-0.075582290646624,0.038597181052087,0.0165));
#15750=CARTESIAN_POINT('',(-0.075582290646624,0.038597181052087,0.0165));
#15751=CARTESIAN_POINT('',(-0.075582290646624,0.038597181052087,-0.0015));
#15752=CARTESIAN_POINT('',(-0.075359140959118,0.038406078412214,-0.0015));
#15753=CARTESIAN_POINT('',(-0.075135991271613,0.038214975772342,0.0165));
#15754=CARTESIAN_POINT('',(-0.075135991271613,0.038214975772342,0.0165));
#15755=CARTESIAN_POINT('',(-0.0751359912716129,0.038214975772342,-0.0015));
#15756=CARTESIAN_POINT('',(-0.075078188131862,0.038141464912505,-0.0015));
#15757=CARTESIAN_POINT('',(-0.075020384992112,0.038067954052669,0.0165));
#15758=CARTESIAN_POINT('',(-0.075020384992112,0.038067954052669,0.0165));
#15759=CARTESIAN_POINT('',(-0.0750203849921119,0.0380679540526691,-0.0015));
#15760=CARTESIAN_POINT('',(-0.074959915785553,0.037996606508654,-0.0015));
#15761=CARTESIAN_POINT('',(-0.074899446578995,0.03792525896464,0.0165));
#15762=CARTESIAN_POINT('',(-0.074899446578995,0.03792525896464,0.0165));
#15763=CARTESIAN_POINT('',(-0.074899446578995,0.03792525896464,-0.0015));
#15764=CARTESIAN_POINT('',(-0.074752618124311,0.037660784663815,-0.0015));
#15765=CARTESIAN_POINT('',(-0.074605789669627,0.03739631036299,0.0165));
#15766=CARTESIAN_POINT('',(-0.0746057896696271,0.03739631036299,0.0165));
#15767=CARTESIAN_POINT('',(-0.0746057896696272,0.0373963103629899,-0.0015));
#15768=CARTESIAN_POINT('',(-0.074585285351467,0.037332411768095,-0.0015));
#15769=CARTESIAN_POINT('',(-0.074564781033307,0.0372685131732,0.0165));
#15770=CARTESIAN_POINT('',(-0.0745647810333069,0.0372685131732,0.0165));
#15771=CARTESIAN_POINT('',(-0.0745647810333066,0.0372685131732001,-0.0015));
#15772=CARTESIAN_POINT('',(-0.07453904200693,0.037206544662248,-0.0015));
#15773=CARTESIAN_POINT('',(-0.074513302980554,0.037144576151295,0.0165));
#15774=CARTESIAN_POINT('',(-0.0745133029805538,0.037144576151295,0.0165));
#15775=CARTESIAN_POINT('',(-0.0745133029805534,0.0371445761512951,-0.0015));
#15776=CARTESIAN_POINT('',(-0.074454130933184,0.036848715914448,-0.0015));
#15777=CARTESIAN_POINT('',(-0.074394958885815,0.0365528556776,0.0165));
#15778=CARTESIAN_POINT('',(-0.074394958885815,0.0365528556776,0.0165));
#15779=CARTESIAN_POINT('',(-0.0743949588858149,0.0365528556776,-0.0015));
#15780=CARTESIAN_POINT('',(-0.074394490595508,0.036096061897906,-0.0015));
#15781=CARTESIAN_POINT('',(-0.074394022305201,0.0356392681182121,0.0165));
#15782=CARTESIAN_POINT('',(-0.0743940223052009,0.0356392681182119,0.0165));
#15783=CARTESIAN_POINT('',(-0.0743940223052005,0.0356392681182117,-0.0015));
#15784=CARTESIAN_POINT('',(-0.074406392169587,0.035620713030261,-0.0015));
#15785=CARTESIAN_POINT('',(-0.074418762033974,0.03560215794231,0.0165));
#15786=CARTESIAN_POINT('',(-0.074402195390817,-0.01593775731683,-0.0015));
#15787=CARTESIAN_POINT('',(-0.0744187620339739,-0.0156341653989599,0.0164213491647757));
#15788=CARTESIAN_POINT('',(-0.0744074018701017,-0.0158423460125355,0.0163766448825461));
#15789=CARTESIAN_POINT('',(-0.0743962505476266,-0.0160466995043636,0.0163127404193245));
#15790=CARTESIAN_POINT('',(-0.0743856287476597,-0.0162413492347093,0.0162314734902607));
#15791=CARTESIAN_POINT('',(-0.0743856287476599,-0.0162413492347096,0.0162314734902612));
#15792=CARTESIAN_POINT('',(-0.0743856287476599,-0.01624134923471,-0.0015));
#15793=CARTESIAN_POINT('',(-0.074429831211089,-0.01655090290607,-0.0015));
#15794=CARTESIAN_POINT('',(-0.0743856287476599,-0.0162413492347096,0.0162314734902612));
#15795=CARTESIAN_POINT('',(-0.074417020901631,-0.0164611912018715,0.0161328651675577));
#15796=CARTESIAN_POINT('',(-0.0744469096109843,-0.016670504416448,0.0160073083844937));
#15797=CARTESIAN_POINT('',(-0.0744740336745182,-0.0168604565774309,0.015860101207433));
#15798=CARTESIAN_POINT('',(-0.0744740336745193,-0.01686045657743,0.015860101207432));
#15799=CARTESIAN_POINT('',(-0.0744740336745193,-0.01686045657743,-0.0015));
#15800=CARTESIAN_POINT('',(-0.074479949913783,-0.01693252521444,-0.0015));
#15801=CARTESIAN_POINT('',(-0.0744740336745193,-0.01686045657743,0.015860101207432));
#15802=CARTESIAN_POINT('',(-0.0744780756198985,-0.0169096935134909,0.0158227561783958));
#15803=CARTESIAN_POINT('',(-0.0744820233886635,-0.016957783237629,0.0157839532887876));
#15804=CARTESIAN_POINT('',(-0.0744858661530467,-0.0170045938514493,0.0157437989654783));
#15805=CARTESIAN_POINT('',(-0.0744858661530456,-0.0170045938514497,0.0157437989654786));
#15806=CARTESIAN_POINT('',(-0.0744858661530457,-0.0170045938514501,-0.0015));
#15807=CARTESIAN_POINT('',(-0.074559439795498,-0.017262216275,-0.0015));
#15808=CARTESIAN_POINT('',(-0.0744858661530456,-0.0170045938514498,0.0157437989654786));
#15809=CARTESIAN_POINT('',(-0.074542311571665,-0.0172022407948159,0.0155618969999257));
#15810=CARTESIAN_POINT('',(-0.074592285914185,-0.0173772288857435,0.0153496974490424));
#15811=CARTESIAN_POINT('',(-0.0746330134379501,-0.0175198386985491,0.0151189865878485));
#15812=CARTESIAN_POINT('',(-0.0746330134379488,-0.0175198386985492,0.0151189865878483));
#15813=CARTESIAN_POINT('',(-0.0746330134379491,-0.0175198386985503,-0.0015));
#15814=CARTESIAN_POINT('',(-0.0746494700483,-0.01757981064081,-0.0015));
#15815=CARTESIAN_POINT('',(-0.0746330134379488,-0.0175198386985491,0.0151189865878483));
#15816=CARTESIAN_POINT('',(-0.0746447430506322,-0.017562584296797,0.0150500919379555));
#15817=CARTESIAN_POINT('',(-0.0746557324997318,-0.0176026325566032,0.0149793296505801));
#15818=CARTESIAN_POINT('',(-0.0746659266586501,-0.0176397825830667,0.0149070546920252));
#15819=CARTESIAN_POINT('',(-0.0746659266586498,-0.017639782583067,0.0149070546920253));
#15820=CARTESIAN_POINT('',(-0.0746659266586512,-0.0176397825830699,-0.0015));
#15821=CARTESIAN_POINT('',(-0.074730120929839,-0.01776803917422,-0.0015));
#15822=CARTESIAN_POINT('',(-0.0746659266586498,-0.017639782583067,0.0149070546920253));
#15823=CARTESIAN_POINT('',(-0.0747246841950616,-0.0177571768798651,0.0146613579512992));
#15824=CARTESIAN_POINT('',(-0.0747683124328698,-0.0178443436777061,0.0143948173734459));
#15825=CARTESIAN_POINT('',(-0.0747943152010258,-0.0178962957653682,0.0141226829641305));
#15826=CARTESIAN_POINT('',(-0.081706536987035,-0.02991179534834,-0.0015));
#15827=CARTESIAN_POINT('',(-0.0748152848851353,-0.0179581979226318,0.012));
#15828=CARTESIAN_POINT('',(-0.0748152848851353,-0.0179581979226318,0.0116464466094067));
#15829=CARTESIAN_POINT('',(-0.0748802133580322,-0.0180708231487879,0.0108826587351124));
#15830=CARTESIAN_POINT('',(-0.0752284062098567,-0.01867480006266,0.00981531974088293));
#15831=CARTESIAN_POINT('',(-0.0757692253230371,-0.0196129073708085,0.0091281402399981));
#15832=CARTESIAN_POINT('',(-0.0761562355260438,-0.0202842170396434,0.00900000000000001));
#15833=CARTESIAN_POINT('',(-0.0763353805139026,-0.0205949627552308,0.00900000000000001));
#15834=CARTESIAN_POINT('',(-0.0763353805139032,-0.0205949627552303,0.009));
#15835=CARTESIAN_POINT('',(-0.088597789088933,-0.04186539277405,0.009));
#15836=CARTESIAN_POINT('',(-0.0885977890889328,-0.0418653927740501,0.009));
#15837=CARTESIAN_POINT('',(-0.0885977890889323,-0.0418653927740503,-0.0015));
#15838=CARTESIAN_POINT('',(-0.088635888403475,-0.04193690073428,-0.0015));
#15839=CARTESIAN_POINT('',(-0.088673987718017,-0.04200840869451,0.009));
#15840=CARTESIAN_POINT('',(-0.088673987718017,-0.04200840869451,0.009));
#15841=CARTESIAN_POINT('',(-0.0886739877180171,-0.0420084086945099,-0.0015));
#15842=CARTESIAN_POINT('',(-0.088807294117117,-0.04217131843378,-0.0015));
#15843=CARTESIAN_POINT('',(-0.088940600516218,-0.04233422817305,0.009));
#15844=CARTESIAN_POINT('',(-0.0889406005162181,-0.04233422817305,0.009));
#15845=CARTESIAN_POINT('',(-0.0889406005162184,-0.0423342281730497,-0.0015));
#15846=CARTESIAN_POINT('',(-0.088987557646793,-0.04239707659596,-0.0015));
#15847=CARTESIAN_POINT('',(-0.089034514777369,-0.04245992501887,0.009));
#15848=CARTESIAN_POINT('',(-0.0890345147773691,-0.0424599250188698,0.009));
#15849=CARTESIAN_POINT('',(-0.0890345147773696,-0.0424599250188693,-0.0015));
#15850=CARTESIAN_POINT('',(-0.089278397701915,-0.04267941965096,-0.0015));
#15851=CARTESIAN_POINT('',(-0.089522280626461,-0.04289891428306,0.009));
#15852=CARTESIAN_POINT('',(-0.0895222806264613,-0.0428989142830591,0.009));
#15853=CARTESIAN_POINT('',(-0.0895222806264629,-0.0428989142830567,-0.0015));
#15854=CARTESIAN_POINT('',(-0.089535175726743,-0.04290658163998,-0.0015));
#15855=CARTESIAN_POINT('',(-0.089548070827025,-0.0429142489969,0.009));
#15856=CARTESIAN_POINT('',(-0.0895480708270237,-0.0429142489969011,0.009));
#15857=CARTESIAN_POINT('',(-0.0895480708270207,-0.042914248996905,-0.0015));
#15858=CARTESIAN_POINT('',(-0.089559450679857,-0.0429240490778,-0.0015));
#15859=CARTESIAN_POINT('',(-0.089570830532688,-0.04293384915869,0.009));
#15860=CARTESIAN_POINT('',(-0.0895708305326884,-0.0429338491586888,0.009));
#15861=CARTESIAN_POINT('',(-0.0895708305326904,-0.0429338491586857,-0.0015));
#15862=CARTESIAN_POINT('',(-0.089948034911897,-0.04314709563762,-0.0015));
#15863=CARTESIAN_POINT('',(-0.090325239291106,-0.04336034211656,0.009));
#15864=CARTESIAN_POINT('',(-0.0903252392911059,-0.0433603421165605,0.009));
#15865=CARTESIAN_POINT('',(-0.0903252392911053,-0.043360342116562,-0.0015));
#15866=CARTESIAN_POINT('',(-0.090397146343495,-0.04338401768682,-0.0015));
#15867=CARTESIAN_POINT('',(-0.090469053395884,-0.04340769325707,0.009));
#15868=CARTESIAN_POINT('',(-0.0904690533958837,-0.0434076932570705,0.009));
#15869=CARTESIAN_POINT('',(-0.0904690533958832,-0.043407693257072,-0.0015));
#15870=CARTESIAN_POINT('',(-0.090539153795567,-0.04343620692919,-0.0015));
#15871=CARTESIAN_POINT('',(-0.090609254195249,-0.04346472060131,0.009));
#15872=CARTESIAN_POINT('',(-0.090609254195249,-0.0434647206013099,0.009));
#15873=CARTESIAN_POINT('',(-0.0906092541952491,-0.0434647206013095,-0.0015));
#15874=CARTESIAN_POINT('',(-0.091035269287048,-0.04354660769774,-0.0015));
#15875=CARTESIAN_POINT('',(-0.091461284378847,-0.04362849479417,0.009));
#15876=CARTESIAN_POINT('',(-0.0914612843788472,-0.0436284947941708,0.009));
#15877=CARTESIAN_POINT('',(-0.091461284378847,-0.0436284947941731,-0.0015));
#15878=CARTESIAN_POINT('',(-0.091525605900215,-0.04362807123615,-0.0015));
#15879=CARTESIAN_POINT('',(-0.091589927421582,-0.04362764767812,0.009));
#15880=CARTESIAN_POINT('',(-0.0915899274215821,-0.0436276476781193,0.009));
#15881=CARTESIAN_POINT('',(-0.0915899274215822,-0.0436276476781172,-0.0015));
#15882=CARTESIAN_POINT('',(-0.091654056624379,-0.04363289653696,-0.0015));
#15883=CARTESIAN_POINT('',(-0.091718185827176,-0.04363814539581,0.009));
#15884=CARTESIAN_POINT('',(-0.0917181858271755,-0.0436381453958085,0.009));
#15885=CARTESIAN_POINT('',(-0.0917181858271753,-0.0436381453958041,-0.0015));
#15886=CARTESIAN_POINT('',(-0.092146723725234,-0.04358871045195,-0.0015));
#15887=CARTESIAN_POINT('',(-0.092575261623292,-0.0435392755081,0.009));
#15888=CARTESIAN_POINT('',(-0.0925752616232915,-0.0435392755080992,0.009));
#15889=CARTESIAN_POINT('',(-0.0925752616232909,-0.0435392755080966,-0.0015));
#15890=CARTESIAN_POINT('',(-0.092607941641117,-0.04352875780121,-0.0015));
#15891=CARTESIAN_POINT('',(-0.092640621658941,-0.04351824009433,0.009));
#15892=CARTESIAN_POINT('',(-0.092640621658941,-0.0435182400943298,0.009));
#15893=CARTESIAN_POINT('',(-0.0926406216589409,-0.0435182400943293,-0.0015));
#15894=CARTESIAN_POINT('',(-0.092674450571598,-0.04351241578967,-0.0015));
#15895=CARTESIAN_POINT('',(-0.092708279484254,-0.04350659148501,0.009));
#15896=CARTESIAN_POINT('',(-0.0927082794842541,-0.0435065914850102,0.009));
#15897=CARTESIAN_POINT('',(-0.0927082794842542,-0.0435065914850106,-0.0015));
#15898=CARTESIAN_POINT('',(-0.092906330453702,-0.04343045382643,-0.0015));
#15899=CARTESIAN_POINT('',(-0.093104381423149,-0.04335431616785,0.009));
#15900=CARTESIAN_POINT('',(-0.0931043814231491,-0.0433543161678502,0.009));
#15901=CARTESIAN_POINT('',(-0.0931043814231493,-0.0433543161678508,-0.0015));
#15902=CARTESIAN_POINT('',(-0.09318007591951,-0.04332860593138,-0.0015));
#15903=CARTESIAN_POINT('',(-0.093255770415872,-0.04330289569491,0.009));
#15904=CARTESIAN_POINT('',(-0.0932557704158713,-0.0433028956949092,0.009));
#15905=CARTESIAN_POINT('',(-0.09325577041587,-0.0433028956949065,-0.0015));
#15906=CARTESIAN_POINT('',(-0.100629697099989,-0.03904098524093,-0.0015));
#15907=CARTESIAN_POINT('',(-0.108003623784105,-0.03477907478696,0.009));
#15908=CARTESIAN_POINT('',(-0.108003623784105,-0.0347790747869606,0.009));
#15909=CARTESIAN_POINT('',(-0.108003623784105,-0.0347790747869622,-0.0015));
#15910=CARTESIAN_POINT('',(-0.108004254034714,-0.03477893461901,-0.0015));
#15911=CARTESIAN_POINT('',(-0.108004884285322,-0.03477879445106,0.009));
#15912=CARTESIAN_POINT('',(-0.108004884285323,-0.0347787944510588,0.009));
#15913=CARTESIAN_POINT('',(-0.108004884285321,-0.034778794451056,-0.0015));
#15914=CARTESIAN_POINT('',(-0.124278562893821,-0.03259125498084,-0.0015));
#15915=CARTESIAN_POINT('',(-0.140552241502319,-0.03040371551062,0.009));
#15916=CARTESIAN_POINT('',(-0.140552241502319,-0.0304037155106181,0.009));
#15917=CARTESIAN_POINT('',(-0.140552241502318,-0.0304037155106121,-0.0015));
#15918=CARTESIAN_POINT('',(-0.140630544337235,-0.03039665659291,-0.0015));
#15919=CARTESIAN_POINT('',(-0.14070884717215,-0.03038959767521,0.009));
#15920=CARTESIAN_POINT('',(-0.140708847172151,-0.030389597675211,0.009));
#15921=CARTESIAN_POINT('',(-0.140708847172151,-0.0303895976752143,-0.0015));
#15922=CARTESIAN_POINT('',(-0.141056846052763,-0.03028715589947,-0.0015));
#15923=CARTESIAN_POINT('',(-0.141404844933377,-0.03018471412372,0.009));
#15924=CARTESIAN_POINT('',(-0.141404844933378,-0.0301847141237211,0.009));
#15925=CARTESIAN_POINT('',(-0.141404844933379,-0.0301847141237248,-0.0015));
#15926=CARTESIAN_POINT('',(-0.141504131920451,-0.03013268920799,-0.0015));
#15927=CARTESIAN_POINT('',(-0.141603418907525,-0.03008066429225,0.009));
#15928=CARTESIAN_POINT('',(-0.141603418907524,-0.0300806642922509,0.009));
#15929=CARTESIAN_POINT('',(-0.141603418907526,-0.0300806642922516,-0.0015));
#15930=CARTESIAN_POINT('',(-0.141702809072709,-0.03002912690706,-0.0015));
#15931=CARTESIAN_POINT('',(-0.141802199237893,-0.02997758952186,0.009));
#15932=CARTESIAN_POINT('',(-0.141802199237893,-0.0299775895218602,0.009));
#15933=CARTESIAN_POINT('',(-0.141802199237894,-0.0299775895218611,-0.0015));
#15934=CARTESIAN_POINT('',(-0.142013848367383,-0.02980827021827,-0.0015));
#15935=CARTESIAN_POINT('',(-0.142225497496873,-0.02963895091468,0.009));
#15936=CARTESIAN_POINT('',(-0.142225497496873,-0.0296389509146801,0.009));
#15937=CARTESIAN_POINT('',(-0.142225497496873,-0.0296389509146804,-0.0015));
#15938=CARTESIAN_POINT('',(-0.142253173665676,-0.02960607056985,-0.0015));
#15939=CARTESIAN_POINT('',(-0.14228084983448,-0.02957319022502,0.009));
#15940=CARTESIAN_POINT('',(-0.14228084983448,-0.0295731902250204,0.009));
#15941=CARTESIAN_POINT('',(-0.142280849834481,-0.0295731902250215,-0.0015));
#15942=CARTESIAN_POINT('',(-0.142312423010957,-0.0295440388181,-0.0015));
#15943=CARTESIAN_POINT('',(-0.142343996187433,-0.02951488741117,0.009));
#15944=CARTESIAN_POINT('',(-0.142343996187434,-0.0295148874111705,0.009));
#15945=CARTESIAN_POINT('',(-0.142343996187437,-0.0295148874111726,-0.0015));
#15946=CARTESIAN_POINT('',(-0.146488325212018,-0.02381744270526,-0.0015));
#15947=CARTESIAN_POINT('',(-0.150632654236602,-0.01811999799934,0.009));
#15948=CARTESIAN_POINT('',(-0.150632654236602,-0.01811999799934,0.009));
#15949=CARTESIAN_POINT('',(-0.150632654236602,-0.01811999799934,-0.0015));
#15950=CARTESIAN_POINT('',(-0.16796068012541,-0.01811999799934,-0.0015));
#15951=CARTESIAN_POINT('',(-0.074535687805523,-0.01811999799934,0.009));
#15952=CARTESIAN_POINT('',(-0.18528870601422,-0.0181199979993401,0.009));
#15953=CARTESIAN_POINT('',(-0.18528870601422,-0.0181199979993403,-0.0015));
#15954=CARTESIAN_POINT('',(-0.18535154758017,-0.01810749799934,-0.0015));
#15955=CARTESIAN_POINT('',(-0.18541438914612,-0.01809499799934,0.009));
#15956=CARTESIAN_POINT('',(-0.18541438914612,-0.01809499799934,0.009));
#15957=CARTESIAN_POINT('',(-0.18541438914612,-0.01809499799934,-0.0015));
#15958=CARTESIAN_POINT('',(-0.18596901203397,-0.01809499799934,-0.0015));
#15959=CARTESIAN_POINT('',(-0.074535687805523,-0.01809499799934,0.009));
#15960=CARTESIAN_POINT('',(-0.18652363492182,-0.0180949979993399,0.009));
#15961=CARTESIAN_POINT('',(-0.18652363492182,-0.0180949979993398,-0.0015));
#15962=CARTESIAN_POINT('',(-0.18658647648777,-0.01810749799934,-0.0015));
#15963=CARTESIAN_POINT('',(-0.18664931805371,-0.01811999799934,0.009));
#15964=CARTESIAN_POINT('',(-0.18664931805371,-0.01811999799934,0.009));
#15965=CARTESIAN_POINT('',(-0.18664931805371,-0.01811999799934,-0.0015));
#15966=CARTESIAN_POINT('',(-0.1956196872395,-0.01811999799934,-0.0015));
#15967=CARTESIAN_POINT('',(-0.074535687805523,-0.01811999799934,0.009));
#15968=CARTESIAN_POINT('',(-0.20459005642529,-0.0181199979993401,0.009));
#15969=CARTESIAN_POINT('',(-0.20459005642529,-0.0181199979993402,-0.0015));
#15970=CARTESIAN_POINT('',(-0.204592928306,-0.01811942634536,-0.0015));
#15971=CARTESIAN_POINT('',(-0.20459580018671,-0.01811885469138,0.009));
#15972=CARTESIAN_POINT('',(-0.20459580018671,-0.0181188535113415,0.009));
#15973=CARTESIAN_POINT('',(-0.20459580018671,-0.0181188546913877,-0.0015));
#15974=CARTESIAN_POINT('',(-0.20459871902522,-0.0181188523313,-0.0015));
#15975=CARTESIAN_POINT('',(-0.074535687805523,-0.01811884997121,0.009));
#15976=CARTESIAN_POINT('',(-0.20460163786373,-0.0181188499712086,0.009));
#15977=CARTESIAN_POINT('',(-0.204601637863729,-0.0181188499712042,-0.0015));
#15978=CARTESIAN_POINT('',(-0.20489764006624,-0.01805968605164,-0.0015));
#15979=CARTESIAN_POINT('',(-0.20519364226876,-0.01800052213208,0.009));
#15980=CARTESIAN_POINT('',(-0.20519364226876,-0.0180005221320809,0.009));
#15981=CARTESIAN_POINT('',(-0.205193642268761,-0.0180005221320839,-0.0015));
#15982=CARTESIAN_POINT('',(-0.20525579252858,-0.01797471190497,-0.0015));
#15983=CARTESIAN_POINT('',(-0.20531794278839,-0.01794890167785,0.009));
#15984=CARTESIAN_POINT('',(-0.20531794278839,-0.0179489016778519,0.009));
#15985=CARTESIAN_POINT('',(-0.205317942788392,-0.0179489016778573,-0.0015));
#15986=CARTESIAN_POINT('',(-0.20534466166282,-0.01794032125586,-0.0015));
#15987=CARTESIAN_POINT('',(-0.20537138053725,-0.01793174083386,0.009));
#15988=CARTESIAN_POINT('',(-0.20537138053725,-0.017931740833859,0.009));
#15989=CARTESIAN_POINT('',(-0.20537138053725,-0.0179317408338562,-0.0015));
#15990=CARTESIAN_POINT('',(-0.20551596450495,-0.01791290614075,-0.0015));
#15991=CARTESIAN_POINT('',(-0.20566054847266,-0.01789407144764,0.009));
#15992=CARTESIAN_POINT('',(-0.205660548472661,-0.0178940714476409,0.009));
#15993=CARTESIAN_POINT('',(-0.205660548472663,-0.0178940714476442,-0.0015));
#15994=CARTESIAN_POINT('',(-0.20591168120207,-0.01767435259508,-0.0015));
#15995=CARTESIAN_POINT('',(-0.20616281393148,-0.01745463374251,0.009));
#15996=CARTESIAN_POINT('',(-0.206162813931481,-0.0174546337425101,0.009));
#15997=CARTESIAN_POINT('',(-0.206162813931481,-0.0174546337425109,-0.0015));
#15998=CARTESIAN_POINT('',(-0.20641872663545,-0.01723761463131,-0.0015));
#15999=CARTESIAN_POINT('',(-0.20667463933942,-0.0170205955201,0.009));
#16000=CARTESIAN_POINT('',(-0.20667463933942,-0.0170205955201,0.009));
#16001=CARTESIAN_POINT('',(-0.206674639339422,-0.0170205955201006,-0.0015));
#16002=CARTESIAN_POINT('',(-0.20667580536479,-0.01701646584692,-0.0015));
#16003=CARTESIAN_POINT('',(-0.20667697139016,-0.01701233617374,0.009));
#16004=CARTESIAN_POINT('',(-0.20667697139016,-0.0170123361737402,0.009));
#16005=CARTESIAN_POINT('',(-0.20667697139016,-0.0170123361737403,-0.0015));
#16006=CARTESIAN_POINT('',(-0.2066906578501,-0.01700286865925,-0.0015));
#16007=CARTESIAN_POINT('',(-0.20670434431004,-0.01699340114476,0.009));
#16008=CARTESIAN_POINT('',(-0.20670434431004,-0.01699340114476,0.009));
#16009=CARTESIAN_POINT('',(-0.20670434431004,-0.01699340114476,-0.0015));
#16010=CARTESIAN_POINT('',(-0.20681270468902,-0.0167188448048,-0.0015));
#16011=CARTESIAN_POINT('',(-0.206921065068,-0.01644428846484,0.009));
#16012=CARTESIAN_POINT('',(-0.206921065067999,-0.0164442884648398,0.009));
#16013=CARTESIAN_POINT('',(-0.206921065067998,-0.0164442884648393,-0.0015));
#16014=CARTESIAN_POINT('',(-0.20705197283191,-0.01617979353834,-0.0015));
#16015=CARTESIAN_POINT('',(-0.20718288059582,-0.01591529861185,0.009));
#16016=CARTESIAN_POINT('',(-0.20718288059582,-0.0159152986118501,0.009));
#16017=CARTESIAN_POINT('',(-0.207182880595819,-0.0159152986118501,-0.0015));
#16018=CARTESIAN_POINT('',(-0.20716163324129,-0.0157528551746,-0.0015));
#16019=CARTESIAN_POINT('',(-0.20714038588676,-0.01559041173735,0.009));
#16020=CARTESIAN_POINT('',(-0.20714038588676,-0.0155904117373501,0.009));
#16021=CARTESIAN_POINT('',(-0.20714038588676,-0.0155904117373501,-0.0015));
#16022=CARTESIAN_POINT('',(-0.20714553862864,-0.01556205575349,-0.0015));
#16023=CARTESIAN_POINT('',(-0.20715069137052,-0.01553369976963,0.009));
#16024=CARTESIAN_POINT('',(-0.207150691370519,-0.0155336997696302,0.009));
#16025=CARTESIAN_POINT('',(-0.207150691370515,-0.0155336997696301,-0.0015));
#16026=CARTESIAN_POINT('',(-0.20714942670224,-0.01545761732622,-0.0015));
#16027=CARTESIAN_POINT('',(-0.20714816203397,-0.0153815348828,0.009));
#16028=CARTESIAN_POINT('',(-0.20714816203397,-0.0153815348827988,0.009));
#16029=CARTESIAN_POINT('',(-0.20714816203397,-0.0153815348828,-0.0015));
#16030=CARTESIAN_POINT('',(-0.20714816203397,0.009355141600061,-0.0015));
#16031=CARTESIAN_POINT('',(-0.20714816203397,-0.1648231956365,0.009));
#16032=CARTESIAN_POINT('',(-0.207148162033971,0.0340918180829468,0.009));
#16033=CARTESIAN_POINT('',(-0.207148162033973,0.03409181808293,-0.0015));
#16034=CARTESIAN_POINT('',(-0.2071494258262,0.034167932076072,-0.0015));
#16035=CARTESIAN_POINT('',(-0.20715068961842,0.0342440460692141,0.009));
#16036=CARTESIAN_POINT('',(-0.207150689618421,0.0342440460692144,0.009));
#16037=CARTESIAN_POINT('',(-0.207150689618425,0.0342440460692148,-0.0015));
#16038=CARTESIAN_POINT('',(-0.20709527645405,0.034548809067009,-0.0015));
#16039=CARTESIAN_POINT('',(-0.20703986328967,0.0348535720648041,0.009));
#16040=CARTESIAN_POINT('',(-0.207039863289671,0.0348535720648043,0.009));
#16041=CARTESIAN_POINT('',(-0.207039863289672,0.0348535720648048,-0.0015));
#16042=CARTESIAN_POINT('',(-0.20700068973937,0.034952743597656,-0.0015));
#16043=CARTESIAN_POINT('',(-0.20696151618907,0.035051915130508,0.009));
#16044=CARTESIAN_POINT('',(-0.206961516189069,0.0350519151305075,0.009));
#16045=CARTESIAN_POINT('',(-0.206961516189065,0.0350519151305063,-0.0015));
#16046=CARTESIAN_POINT('',(-0.20692369837213,0.035151637179285,-0.0015));
#16047=CARTESIAN_POINT('',(-0.2068858805552,0.035251359228061,0.009));
#16048=CARTESIAN_POINT('',(-0.2068858805552,0.0352513592280609,0.009));
#16049=CARTESIAN_POINT('',(-0.206885880555199,0.0352513592280605,-0.0015));
#16050=CARTESIAN_POINT('',(-0.20672912898675,0.035502045768478,-0.0015));
#16051=CARTESIAN_POINT('',(-0.2065723774183,0.035752732308896,0.009));
#16052=CARTESIAN_POINT('',(-0.2065723774183,0.0357527323088958,0.009));
#16053=CARTESIAN_POINT('',(-0.2065723774183,0.0357527323088954,-0.0015));
#16054=CARTESIAN_POINT('',(-0.20655883280379,0.035767119761335,-0.0015));
#16055=CARTESIAN_POINT('',(-0.20654528818928,0.035781507213774,0.009));
#16056=CARTESIAN_POINT('',(-0.20654528818928,0.0357815072137739,0.009));
#16057=CARTESIAN_POINT('',(-0.20654528818928,0.0357815072137736,-0.0015));
#16058=CARTESIAN_POINT('',(-0.20653431470854,0.035797932598436,-0.0015));
#16059=CARTESIAN_POINT('',(-0.2065233412278,0.035814357983097,0.009));
#16060=CARTESIAN_POINT('',(-0.2065233412278,0.0358143579830976,0.009));
#16061=CARTESIAN_POINT('',(-0.206523341227802,0.035814357983099,-0.0015));
#16062=CARTESIAN_POINT('',(-0.20650017622542,0.035837522985481,-0.0015));
#16063=CARTESIAN_POINT('',(-0.20647701122304,0.035860687987864,0.009));
#16064=CARTESIAN_POINT('',(-0.206477011223038,0.0358606879878636,0.009));
#16065=CARTESIAN_POINT('',(-0.206477011223035,0.0358606879878614,-0.0015));
#16066=CARTESIAN_POINT('',(-0.20639233894433,0.036015902521685,-0.0015));
#16067=CARTESIAN_POINT('',(-0.20630766666563,0.036171117055506,0.009));
#16068=CARTESIAN_POINT('',(-0.20630766666563,0.0361711170555057,0.009));
#16069=CARTESIAN_POINT('',(-0.206307666665629,0.0361711170555052,-0.0015));
#16070=CARTESIAN_POINT('',(-0.20605817876566,0.036301739199212,-0.0015));
#16071=CARTESIAN_POINT('',(-0.20580869086569,0.036432361342919,0.009));
#16072=CARTESIAN_POINT('',(-0.20580869086569,0.0364323613429191,0.009));
#16073=CARTESIAN_POINT('',(-0.205808690865691,0.0364323613429197,-0.0015));
#16074=CARTESIAN_POINT('',(-0.20557454276048,0.036588828671786,-0.0015));
#16075=CARTESIAN_POINT('',(-0.20534039465527,0.036745296000653,0.009));
#16076=CARTESIAN_POINT('',(-0.20534039465527,0.036745296000653,0.009));
#16077=CARTESIAN_POINT('',(-0.20534039465527,0.036745296000653,-0.0015));
#16078=CARTESIAN_POINT('',(-0.20516355489536,0.036745296000653,-0.0015));
#16079=CARTESIAN_POINT('',(-0.074535687805523,0.036745296000653,0.009));
#16080=CARTESIAN_POINT('',(-0.20498671513545,0.036745296000653,0.009));
#16081=CARTESIAN_POINT('',(-0.20498671513545,0.036745296000653,-0.0015));
#16082=CARTESIAN_POINT('',(-0.20489450253797,0.036772407508442,-0.0015));
#16083=CARTESIAN_POINT('',(-0.20480228994049,0.036799519016231,0.009));
#16084=CARTESIAN_POINT('',(-0.20480228994049,0.0367995190162311,0.009));
#16085=CARTESIAN_POINT('',(-0.20480228994049,0.0367995190162314,-0.0015));
#16086=CARTESIAN_POINT('',(-0.20474875455141,0.036804331778418,-0.0015));
#16087=CARTESIAN_POINT('',(-0.20469521916233,0.036809144540604,0.009));
#16088=CARTESIAN_POINT('',(-0.20469521916233,0.036809144540604,0.009));
#16089=CARTESIAN_POINT('',(-0.20469521916233,0.0368091445406038,-0.0015));
#16090=CARTESIAN_POINT('',(-0.20464251664957,0.036819623270628,-0.0015));
#16091=CARTESIAN_POINT('',(-0.20458981413681,0.036830102000653,0.009));
#16092=CARTESIAN_POINT('',(-0.20458981413681,0.036830102000653,0.009));
#16093=CARTESIAN_POINT('',(-0.20458981413681,0.036830102000653,-0.0015));
#16094=CARTESIAN_POINT('',(-0.19561956609526,0.036830102000653,-0.0015));
#16095=CARTESIAN_POINT('',(-0.074535687805523,0.036830102000653,0.009));
#16096=CARTESIAN_POINT('',(-0.18664931805371,0.0368301020006526,0.009));
#16097=CARTESIAN_POINT('',(-0.186649318053711,0.0368301020006514,-0.0015));
#16098=CARTESIAN_POINT('',(-0.18658647648777,0.036817602000653,-0.0015));
#16099=CARTESIAN_POINT('',(-0.18652363492182,0.036805102000653,0.009));
#16100=CARTESIAN_POINT('',(-0.18652363492182,0.036805102000653,0.009));
#16101=CARTESIAN_POINT('',(-0.18652363492182,0.036805102000653,-0.0015));
#16102=CARTESIAN_POINT('',(-0.18596925790792,0.036805102000653,-0.0015));
#16103=CARTESIAN_POINT('',(-0.074535687805523,0.036805102000653,0.009));
#16104=CARTESIAN_POINT('',(-0.18541488089402,0.0368051020006527,0.009));
#16105=CARTESIAN_POINT('',(-0.18541488089402,0.0368051020006518,-0.0015));
#16106=CARTESIAN_POINT('',(-0.18535287009254,0.036817497677853,-0.0015));
#16107=CARTESIAN_POINT('',(-0.18529085929107,0.036829893355052,0.009));
#16108=CARTESIAN_POINT('',(-0.18529085929107,0.0368298933550521,0.009));
#16109=CARTESIAN_POINT('',(-0.18529085929107,0.0368298933550524,-0.0015));
#16110=CARTESIAN_POINT('',(-0.17751796066252,0.03683725855542,-0.0015));
#16111=CARTESIAN_POINT('',(-0.16974506203397,0.036844623755788,0.009));
#16112=CARTESIAN_POINT('',(-0.16974506203397,0.036844623755788,0.009));
#16113=CARTESIAN_POINT('',(-0.16974506203397,0.036844623755788,-0.0015));
#16114=CARTESIAN_POINT('',(-0.16974506203397,0.037940521508911,-0.0015));
#16115=CARTESIAN_POINT('',(-0.16974506203397,-0.1648231956365,0.009));
#16116=CARTESIAN_POINT('',(-0.16974506203397,0.0390364192620341,0.009));
#16117=CARTESIAN_POINT('',(-0.16974506203397,0.0390364192620341,-0.0015));
#16118=CARTESIAN_POINT('',(-0.16974446835186,0.039039404266186,-0.0015));
#16119=CARTESIAN_POINT('',(-0.16974387466975,0.039042389270338,0.009));
#16120=CARTESIAN_POINT('',(-0.169743872184385,0.039042389270338,0.009));
#16121=CARTESIAN_POINT('',(-0.169743874669746,0.039042389270338,-0.0015));
#16122=CARTESIAN_POINT('',(-0.16974387156304,0.039045464288453,-0.0015));
#16123=CARTESIAN_POINT('',(-0.16974386845634,-0.1648231956365,0.009));
#16124=CARTESIAN_POINT('',(-0.169743868456338,0.0390485393065661,0.009));
#16125=CARTESIAN_POINT('',(-0.169743868456331,0.0390485393065652,-0.0015));
#16126=CARTESIAN_POINT('',(-0.1696846822168,0.039344470504222,-0.0015));
#16127=CARTESIAN_POINT('',(-0.16962549597727,0.039640401701878,0.009));
#16128=CARTESIAN_POINT('',(-0.16962549597727,0.039640401701878,0.009));
#16129=CARTESIAN_POINT('',(-0.16962549597727,0.0396404017018779,-0.0015));
#16130=CARTESIAN_POINT('',(-0.16961926366396,0.039655401606493,-0.0015));
#16131=CARTESIAN_POINT('',(-0.16961303135065,0.039670401511108,0.009));
#16132=CARTESIAN_POINT('',(-0.169613031350652,0.0396704015111077,0.009));
#16133=CARTESIAN_POINT('',(-0.169613031350656,0.0396704015111084,-0.0015));
#16134=CARTESIAN_POINT('',(-0.16960320641556,0.039819484222029,-0.0015));
#16135=CARTESIAN_POINT('',(-0.16959338148046,0.039968566932949,0.009));
#16136=CARTESIAN_POINT('',(-0.16959338148046,0.0399685669329491,0.009));
#16137=CARTESIAN_POINT('',(-0.16959338148046,0.0399685669329491,-0.0015));
#16138=CARTESIAN_POINT('',(-0.16939858076489,0.040221650736369,-0.0015));
#16139=CARTESIAN_POINT('',(-0.16920378004932,0.040474734539788,0.009));
#16140=CARTESIAN_POINT('',(-0.16920378004932,0.040474734539788,0.009));
#16141=CARTESIAN_POINT('',(-0.16920378004932,0.0404747345397882,-0.0015));
#16142=CARTESIAN_POINT('',(-0.16902040618184,0.040734681308783,-0.0015));
#16143=CARTESIAN_POINT('',(-0.16883703231436,0.040994628077778,0.009));
#16144=CARTESIAN_POINT('',(-0.16883703231436,0.0409946280777774,0.009));
#16145=CARTESIAN_POINT('',(-0.16883703231436,0.0409946280777775,-0.0015));
#16146=CARTESIAN_POINT('',(-0.16870635397827,0.041045058308545,-0.0015));
#16147=CARTESIAN_POINT('',(-0.16870635397827,0.041045058308545,0.009));
#16148=CARTESIAN_POINT('',(-0.168575664242212,0.041095497284631,0.009));
#16149=CARTESIAN_POINT('',(-0.168575662491435,0.041095493614332,0.009));
#16150=CARTESIAN_POINT('',(-0.168575662491435,0.041095493614332,0.006));
#16151=CARTESIAN_POINT('',(-0.168575662491435,0.041095493614332,0.003));
#16152=CARTESIAN_POINT('',(-0.168575662491435,0.041095493614332,-6.50521303491303E-19));
#16153=CARTESIAN_POINT('',(-0.168575664242212,0.041095497284631,0.));
#16154=CARTESIAN_POINT('',(-0.168575662491435,0.041095493614332,-6.50521303491303E-19));
#16155=CARTESIAN_POINT('',(-0.168575662491435,0.041095493614332,-0.0005));
#16156=CARTESIAN_POINT('',(-0.168575662491435,0.041095493614332,-0.001));
#16157=CARTESIAN_POINT('',(-0.168575662491435,0.041095493614332,-0.0015));
#16158=CARTESIAN_POINT('',(-0.16854449262652,0.041113437786851,-0.0015));
#16159=CARTESIAN_POINT('',(-0.16854449262652,0.041113437786851,0.009));
#16160=CARTESIAN_POINT('',(-0.168513332570888,0.0411313669598554,0.009));
#16161=CARTESIAN_POINT('',(-0.168513332570894,0.0411313669598566,-0.0015));
#16162=CARTESIAN_POINT('',(-0.16848493582963,0.04115340377914,-0.0015));
#16163=CARTESIAN_POINT('',(-0.16845653908836,0.041175440598427,0.009));
#16164=CARTESIAN_POINT('',(-0.16845653908836,0.0411754405984273,0.009));
#16165=CARTESIAN_POINT('',(-0.168456539088361,0.0411754405984278,-0.0015));
#16166=CARTESIAN_POINT('',(-0.16821195636642,0.041297731959398,-0.0015));
#16167=CARTESIAN_POINT('',(-0.16796737364448,0.041420023320368,0.009));
#16168=CARTESIAN_POINT('',(-0.16796737364448,0.0414200233203679,0.009));
#16169=CARTESIAN_POINT('',(-0.16796737364448,0.0414200233203674,-0.0015));
#16170=CARTESIAN_POINT('',(-0.16791699137487,0.041433821015666,-0.0015));
#16171=CARTESIAN_POINT('',(-0.16786660910526,0.041447618710965,0.009));
#16172=CARTESIAN_POINT('',(-0.167866609105259,0.0414476187109645,0.009));
#16173=CARTESIAN_POINT('',(-0.167866609105259,0.0414476187109627,-0.0015));
#16174=CARTESIAN_POINT('',(-0.16781804748003,0.041466824708163,-0.0015));
#16175=CARTESIAN_POINT('',(-0.16776948585481,0.041486030705361,0.009));
#16176=CARTESIAN_POINT('',(-0.16776948585481,0.041486030705361,0.009));
#16177=CARTESIAN_POINT('',(-0.16776948585481,0.041486030705361,-0.0015));
#16178=CARTESIAN_POINT('',(-0.16754776980131,0.041526445699499,-0.0015));
#16179=CARTESIAN_POINT('',(-0.16732605374782,0.041566860693636,0.009));
#16180=CARTESIAN_POINT('',(-0.16732605374782,0.041566860693636,0.009));
#16181=CARTESIAN_POINT('',(-0.16732605374782,0.0415668606936356,-0.0015));
#16182=CARTESIAN_POINT('',(-0.16725458595232,0.041580953159787,-0.0015));
#16183=CARTESIAN_POINT('',(-0.16718311815682,0.041595045625938,0.009));
#16184=CARTESIAN_POINT('',(-0.16718311815682,0.0415950456259381,0.009));
#16185=CARTESIAN_POINT('',(-0.16718311815682,0.0415950456259383,-0.0015));
#16186=CARTESIAN_POINT('',(-0.16192376545453,0.041586728584609,-0.0015));
#16187=CARTESIAN_POINT('',(-0.15666441275224,0.04157841154328,0.009));
#16188=CARTESIAN_POINT('',(-0.156664412752228,0.04157841154328,0.009));
#16189=CARTESIAN_POINT('',(-0.15666441275224,0.0415784115432797,-0.0015));
#16190=CARTESIAN_POINT('',(-0.15417460589496,0.041590501437893,-0.0015));
#16191=CARTESIAN_POINT('',(-0.151684799037688,0.041602591332506,0.009));
#16192=CARTESIAN_POINT('',(-0.151684799037689,0.0416025913325061,0.009));
#16193=CARTESIAN_POINT('',(-0.151684799037689,0.0416025913325062,-0.0015));
#16194=CARTESIAN_POINT('',(-0.151683508692019,0.041606980116733,-0.0015));
#16195=CARTESIAN_POINT('',(-0.151682218346349,0.041611368900959,0.009));
#16196=CARTESIAN_POINT('',(-0.151682218346349,0.041611368900959,0.009));
#16197=CARTESIAN_POINT('',(-0.151682218346349,0.041611368900959,-0.0015));
#16198=CARTESIAN_POINT('',(-0.151692700302704,0.041744489746597,-0.0015));
#16199=CARTESIAN_POINT('',(-0.151703182259059,0.041877610592236,0.009));
#16200=CARTESIAN_POINT('',(-0.151703182259059,0.041877610592236,0.009));
#16201=CARTESIAN_POINT('',(-0.151703182259059,0.041877610592236,-0.0015));
#16202=CARTESIAN_POINT('',(-0.151543170666728,0.042162107802747,-0.0015));
#16203=CARTESIAN_POINT('',(-0.151383159074397,0.042446605013258,0.009));
#16204=CARTESIAN_POINT('',(-0.151383159074397,0.042446605013258,0.009));
#16205=CARTESIAN_POINT('',(-0.151383159074397,0.042446605013258,-0.0015));
#16206=CARTESIAN_POINT('',(-0.15123257334109,0.042734237446941,-0.0015));
#16207=CARTESIAN_POINT('',(-0.151081987607783,0.043021869880624,0.009));
#16208=CARTESIAN_POINT('',(-0.151081987607783,0.0430218698806238,0.009));
#16209=CARTESIAN_POINT('',(-0.151081987607783,0.0430218698806236,-0.0015));
#16210=CARTESIAN_POINT('',(-0.150945803442292,0.043096345596125,-0.0015));
#16211=CARTESIAN_POINT('',(-0.150809619276802,0.043170821311626,0.009));
#16212=CARTESIAN_POINT('',(-0.150809619276802,0.043170821311626,0.009));
#16213=CARTESIAN_POINT('',(-0.150809619276802,0.0431708213116262,-0.0015));
#16214=CARTESIAN_POINT('',(-0.150767631258192,0.043203802398516,-0.0015));
#16215=CARTESIAN_POINT('',(-0.150725643239582,0.043236783485405,0.009));
#16216=CARTESIAN_POINT('',(-0.150725643239582,0.0432367834854049,0.009));
#16217=CARTESIAN_POINT('',(-0.150725643239582,0.0432367834854048,-0.0015));
#16218=CARTESIAN_POINT('',(-0.150654787761574,0.043296902646373,-0.0015));
#16219=CARTESIAN_POINT('',(-0.150583932283567,0.043357021807341,0.009));
#16220=CARTESIAN_POINT('',(-0.150583932283567,0.0433570218073411,0.009));
#16221=CARTESIAN_POINT('',(-0.150583932283567,0.0433570218073412,-0.0015));
#16222=CARTESIAN_POINT('',(-0.150319538897373,0.043503987562107,-0.0015));
#16223=CARTESIAN_POINT('',(-0.150055145511179,0.043650953316873,0.009));
#16224=CARTESIAN_POINT('',(-0.150055145511179,0.043650953316873,0.009));
#16225=CARTESIAN_POINT('',(-0.150055145511179,0.0436509533168728,-0.0015));
#16226=CARTESIAN_POINT('',(-0.149990882720336,0.043671617015084,-0.0015));
#16227=CARTESIAN_POINT('',(-0.149926619929493,0.043692280713295,0.009));
#16228=CARTESIAN_POINT('',(-0.149926619929493,0.0436922807132951,0.009));
#16229=CARTESIAN_POINT('',(-0.149926619929493,0.0436922807132955,-0.0015));
#16230=CARTESIAN_POINT('',(-0.149864271399556,0.043718165355891,-0.0015));
#16231=CARTESIAN_POINT('',(-0.14980192286962,0.043744049998486,0.009));
#16232=CARTESIAN_POINT('',(-0.14980192286962,0.0437440499984858,0.009));
#16233=CARTESIAN_POINT('',(-0.14980192286962,0.0437440499984855,-0.0015));
#16234=CARTESIAN_POINT('',(-0.149506088787041,0.043803180314806,-0.0015));
#16235=CARTESIAN_POINT('',(-0.149210254704463,0.043862310631127,0.009));
#16236=CARTESIAN_POINT('',(-0.149210254704463,0.0438623106311267,0.009));
#16237=CARTESIAN_POINT('',(-0.149210254704463,0.0438623106311265,-0.0015));
#16238=CARTESIAN_POINT('',(-0.149206660936601,0.043862314244406,-0.0015));
#16239=CARTESIAN_POINT('',(-0.074535687805523,0.043862317857686,0.009));
#16240=CARTESIAN_POINT('',(-0.149203067168739,0.0438623178576859,0.009));
#16241=CARTESIAN_POINT('',(-0.149203067168739,0.0438623178576856,-0.0015));
#16242=CARTESIAN_POINT('',(-0.149199516861518,0.043863020204235,-0.0015));
#16243=CARTESIAN_POINT('',(-0.149195966554298,0.0438637225507851,0.009));
#16244=CARTESIAN_POINT('',(-0.149195966554298,0.0438637225507849,0.009));
#16245=CARTESIAN_POINT('',(-0.149195966554298,0.0438637225507846,-0.0015));
#16246=CARTESIAN_POINT('',(-0.140971280616654,0.043855400933415,-0.0015));
#16247=CARTESIAN_POINT('',(-0.13274659467901,0.043847079316046,0.009));
#16248=CARTESIAN_POINT('',(-0.13274659467901,0.0438470793160459,0.009));
#16249=CARTESIAN_POINT('',(-0.13274659467901,0.0438470793160454,-0.0015));
#16250=CARTESIAN_POINT('',(-0.132694240980849,0.043836619074147,-0.0015));
#16251=CARTESIAN_POINT('',(-0.132641887282689,0.043826158832249,0.009));
#16252=CARTESIAN_POINT('',(-0.132641887282689,0.0438261588322489,0.009));
#16253=CARTESIAN_POINT('',(-0.132641887282689,0.0438261588322486,-0.0015));
#16254=CARTESIAN_POINT('',(-0.132588698048193,0.043821355514896,-0.0015));
#16255=CARTESIAN_POINT('',(-0.132535508813698,0.043816552197544,0.009));
#16256=CARTESIAN_POINT('',(-0.132535508813698,0.0438165521975439,0.009));
#16257=CARTESIAN_POINT('',(-0.132535508813698,0.0438165521975436,-0.0015));
#16258=CARTESIAN_POINT('',(-0.13244353869814,0.043789478599098,-0.0015));
#16259=CARTESIAN_POINT('',(-0.132351568582582,0.043762405000653,0.009));
#16260=CARTESIAN_POINT('',(-0.132351568582582,0.043762405000653,0.009));
#16261=CARTESIAN_POINT('',(-0.132351568582582,0.043762405000653,-0.0015));
#16262=CARTESIAN_POINT('',(-0.132175264317826,0.043762405000653,-0.0015));
#16263=CARTESIAN_POINT('',(-0.074535687805523,0.043762405000653,0.009));
#16264=CARTESIAN_POINT('',(-0.13199896005307,0.0437624050006529,0.009));
#16265=CARTESIAN_POINT('',(-0.13199896005307,0.0437624050006525,-0.0015));
#16266=CARTESIAN_POINT('',(-0.131764521635141,0.043605941982569,-0.0015));
#16267=CARTESIAN_POINT('',(-0.131530083217212,0.043449478964486,0.009));
#16268=CARTESIAN_POINT('',(-0.131530083217212,0.043449478964486,0.009));
#16269=CARTESIAN_POINT('',(-0.131530083217212,0.0434494789644859,-0.0015));
#16270=CARTESIAN_POINT('',(-0.131280485380562,0.043318652825673,-0.0015));
#16271=CARTESIAN_POINT('',(-0.131030887543912,0.04318782668686,0.009));
#16272=CARTESIAN_POINT('',(-0.131030887543912,0.04318782668686,0.009));
#16273=CARTESIAN_POINT('',(-0.131030887543912,0.0431878266868601,-0.0015));
#16274=CARTESIAN_POINT('',(-0.130946439582107,0.043033095530216,-0.0015));
#16275=CARTESIAN_POINT('',(-0.130861991620302,0.042878364373571,0.009));
#16276=CARTESIAN_POINT('',(-0.130861991620302,0.0428783643735711,0.009));
#16277=CARTESIAN_POINT('',(-0.130861991620302,0.0428783643735712,-0.0015));
#16278=CARTESIAN_POINT('',(-0.130838962223982,0.04285535547019,-0.0015));
#16279=CARTESIAN_POINT('',(-0.130815932827663,0.042832346566809,0.009));
#16280=CARTESIAN_POINT('',(-0.130815932827663,0.0428323465668091,0.009));
#16281=CARTESIAN_POINT('',(-0.130815932827662,0.0428323465668093,-0.0015));
#16282=CARTESIAN_POINT('',(-0.130788244110506,0.042790952971825,-0.0015));
#16283=CARTESIAN_POINT('',(-0.13076055539335,0.042749559376842,0.009));
#16284=CARTESIAN_POINT('',(-0.13076055539335,0.0427495593768419,0.009));
#16285=CARTESIAN_POINT('',(-0.13076055539335,0.0427495593768417,-0.0015));
#16286=CARTESIAN_POINT('',(-0.130728357670619,0.042711571211079,-0.0015));
#16287=CARTESIAN_POINT('',(-0.130696159947887,0.042673583045316,0.009));
#16288=CARTESIAN_POINT('',(-0.130696159947887,0.042673583045316,0.009));
#16289=CARTESIAN_POINT('',(-0.130696159947887,0.042673583045316,-0.0015));
#16290=CARTESIAN_POINT('',(-0.130549324808758,0.042409096704155,-0.0015));
#16291=CARTESIAN_POINT('',(-0.130402489669629,0.042144610362994,0.009));
#16292=CARTESIAN_POINT('',(-0.130402489669629,0.042144610362994,0.009));
#16293=CARTESIAN_POINT('',(-0.130402489669629,0.0421446103629939,-0.0015));
#16294=CARTESIAN_POINT('',(-0.130381985351469,0.042080711768099,-0.0015));
#16295=CARTESIAN_POINT('',(-0.130361481033308,0.042016813173204,0.009));
#16296=CARTESIAN_POINT('',(-0.130361481033308,0.0420168131732039,0.009));
#16297=CARTESIAN_POINT('',(-0.130361481033309,0.0420168131732038,-0.0015));
#16298=CARTESIAN_POINT('',(-0.130335742006931,0.041954844662249,-0.0015));
#16299=CARTESIAN_POINT('',(-0.130310002980553,0.041892876151294,0.009));
#16300=CARTESIAN_POINT('',(-0.130310002980553,0.041892876151294,0.009));
#16301=CARTESIAN_POINT('',(-0.130310002980553,0.0418928761512939,-0.0015));
#16302=CARTESIAN_POINT('',(-0.130280019933951,0.041742960918283,-0.0015));
#16303=CARTESIAN_POINT('',(-0.130250036887349,0.041593045685271,0.009));
#16304=CARTESIAN_POINT('',(-0.130250036887349,0.0415930456852713,0.009));
#16305=CARTESIAN_POINT('',(-0.130250036887349,0.0415930456852716,-0.0015));
#16306=CARTESIAN_POINT('',(-0.122596020702629,0.041585706466881,-0.0015));
#16307=CARTESIAN_POINT('',(-0.114942004517909,0.04157836724849,0.009));
#16308=CARTESIAN_POINT('',(-0.114942004517909,0.0415783672484901,0.009));
#16309=CARTESIAN_POINT('',(-0.114942004517909,0.0415783672484902,-0.0015));
#16310=CARTESIAN_POINT('',(-0.114865060433909,0.041579636217114,-0.0015));
#16311=CARTESIAN_POINT('',(-0.114788116349908,0.041580905185738,0.009));
#16312=CARTESIAN_POINT('',(-0.114788116349908,0.041580905185738,0.009));
#16313=CARTESIAN_POINT('',(-0.114788116349908,0.0415809051857378,-0.0015));
#16314=CARTESIAN_POINT('',(-0.114483513607318,0.041525553930214,-0.0015));
#16315=CARTESIAN_POINT('',(-0.114178910864728,0.04147020267469,0.009));
#16316=CARTESIAN_POINT('',(-0.114178910864728,0.0414702026746899,0.009));
#16317=CARTESIAN_POINT('',(-0.114178910864728,0.0414702026746896,-0.0015));
#16318=CARTESIAN_POINT('',(-0.114129974941288,0.04145088820779,-0.0015));
#16319=CARTESIAN_POINT('',(-0.114081039017849,0.041431573740891,0.009));
#16320=CARTESIAN_POINT('',(-0.114081039017849,0.0414315737408912,0.009));
#16321=CARTESIAN_POINT('',(-0.114081039017849,0.0414315737408916,-0.0015));
#16322=CARTESIAN_POINT('',(-0.114030277176724,0.041417664758663,-0.0015));
#16323=CARTESIAN_POINT('',(-0.113979515335599,0.041403755776434,0.009));
#16324=CARTESIAN_POINT('',(-0.113979515335599,0.041403755776434,0.009));
#16325=CARTESIAN_POINT('',(-0.113979515335599,0.041403755776434,-0.0015));
#16326=CARTESIAN_POINT('',(-0.113735056025789,0.041281526121529,-0.0015));
#16327=CARTESIAN_POINT('',(-0.113490596715979,0.041159296466624,0.009));
#16328=CARTESIAN_POINT('',(-0.113490596715979,0.041159296466624,0.009));
#16329=CARTESIAN_POINT('',(-0.113490596715979,0.0411592964666241,-0.0015));
#16330=CARTESIAN_POINT('',(-0.113462158024394,0.041137232159569,-0.0015));
#16331=CARTESIAN_POINT('',(-0.11343371933281,0.041115167852514,0.009));
#16332=CARTESIAN_POINT('',(-0.11343371933281,0.0411151678525141,0.009));
#16333=CARTESIAN_POINT('',(-0.11343371933281,0.0411151678525144,-0.0015));
#16334=CARTESIAN_POINT('',(-0.113402503056546,0.041097202382401,-0.0015));
#16335=CARTESIAN_POINT('',(-0.113371286780282,0.041079236912287,0.009));
#16336=CARTESIAN_POINT('',(-0.113371286780282,0.0410792369122871,0.009));
#16337=CARTESIAN_POINT('',(-0.113371286780282,0.0410792369122873,-0.0015));
#16338=CARTESIAN_POINT('',(-0.113141566943937,0.040878385261082,-0.0015));
#16339=CARTESIAN_POINT('',(-0.112911847107592,0.040677533609876,0.009));
#16340=CARTESIAN_POINT('',(-0.112911847107592,0.040677533609876,0.009));
#16341=CARTESIAN_POINT('',(-0.112911847107592,0.0406775336098759,-0.0015));
#16342=CARTESIAN_POINT('',(-0.112876203063583,0.040631237780699,-0.0015));
#16343=CARTESIAN_POINT('',(-0.112840559019573,0.040584941951521,0.009));
#16344=CARTESIAN_POINT('',(-0.112840559019573,0.040584941951521,0.009));
#16345=CARTESIAN_POINT('',(-0.112840559019573,0.0405849419515209,-0.0015));
#16346=CARTESIAN_POINT('',(-0.112800549094873,0.040542375660215,-0.0015));
#16347=CARTESIAN_POINT('',(-0.112760539170173,0.040499809368909,0.009));
#16348=CARTESIAN_POINT('',(-0.112760539170173,0.040499809368909,0.009));
#16349=CARTESIAN_POINT('',(-0.112760539170173,0.0404998093689089,-0.0015));
#16350=CARTESIAN_POINT('',(-0.112729334667642,0.040449843640782,-0.0015));
#16351=CARTESIAN_POINT('',(-0.11269813016511,0.040399877912655,0.009));
#16352=CARTESIAN_POINT('',(-0.11269813016511,0.0403998779126549,0.009));
#16353=CARTESIAN_POINT('',(-0.11269813016511,0.0403998779126547,-0.0015));
#16354=CARTESIAN_POINT('',(-0.112552756001038,0.040257199305333,-0.0015));
#16355=CARTESIAN_POINT('',(-0.112407381836965,0.040114520698011,0.009));
#16356=CARTESIAN_POINT('',(-0.112407381836965,0.040114520698011,0.009));
#16357=CARTESIAN_POINT('',(-0.112407381836965,0.040114520698011,-0.0015));
#16358=CARTESIAN_POINT('',(-0.112355486253755,0.039866456390461,-0.0015));
#16359=CARTESIAN_POINT('',(-0.112303590670545,0.039618392082911,0.009));
#16360=CARTESIAN_POINT('',(-0.112303590670545,0.039618392082911,0.009));
#16361=CARTESIAN_POINT('',(-0.112303590670545,0.0396183920829109,-0.0015));
#16362=CARTESIAN_POINT('',(-0.112213818092078,0.039381154338574,-0.0015));
#16363=CARTESIAN_POINT('',(-0.11212404551361,0.039143916594237,0.009));
#16364=CARTESIAN_POINT('',(-0.11212404551361,0.0391439165942371,0.009));
#16365=CARTESIAN_POINT('',(-0.112124045513611,0.0391439165942372,-0.0015));
#16366=CARTESIAN_POINT('',(-0.112131025659584,0.039113716490056,-0.0015));
#16367=CARTESIAN_POINT('',(-0.112138005805557,0.039083516385875,0.009));
#16368=CARTESIAN_POINT('',(-0.113731861535587,0.038237332077598,0.009));
#16369=CARTESIAN_POINT('',(-0.113731861535587,0.038237332077598,0.009));
#16370=CARTESIAN_POINT('',(-0.113738440671864,0.0389152127467471,0.009));
#16371=CARTESIAN_POINT('',(-0.113738440671864,0.038915212746747,0.009));
#16372=CARTESIAN_POINT('',(-0.113724207038349,0.038976795587089,0.009));
#16373=CARTESIAN_POINT('',(-0.113724207038349,0.038976795587089,0.009));
#16374=CARTESIAN_POINT('',(-0.113709973404834,0.0390383784274306,0.009));
#16375=CARTESIAN_POINT('',(-0.113709973404834,0.0390383784274309,0.009));
#16376=CARTESIAN_POINT('',(-0.113738934755363,0.039114913217784,0.009));
#16377=CARTESIAN_POINT('',(-0.113738934755363,0.039114913217784,0.009));
#16378=CARTESIAN_POINT('',(-0.113767896105892,0.0391914480081383,0.009));
#16379=CARTESIAN_POINT('',(-0.113767896105892,0.039191448008137,0.009));
#16380=CARTESIAN_POINT('',(-0.113784638839936,0.039271479380175,0.009));
#16381=CARTESIAN_POINT('',(-0.113784638839936,0.039271479380175,0.009));
#16382=CARTESIAN_POINT('',(-0.11380138157398,0.0393515107522144,0.009));
#16383=CARTESIAN_POINT('',(-0.11380138157398,0.0393515107522139,0.009));
#16384=CARTESIAN_POINT('',(-0.113846485062026,0.039395777922388,0.009));
#16385=CARTESIAN_POINT('',(-0.113846485062026,0.039395777922388,0.009));
#16386=CARTESIAN_POINT('',(-0.113891588550074,0.0394400450925632,0.009));
#16387=CARTESIAN_POINT('',(-0.113891588550073,0.0394400450925625,0.009));
#16388=CARTESIAN_POINT('',(-0.1139310290077,0.039503198516687,0.009));
#16389=CARTESIAN_POINT('',(-0.1139310290077,0.039503198516687,0.009));
#16390=CARTESIAN_POINT('',(-0.113970469465326,0.0395663519408117,0.009));
#16391=CARTESIAN_POINT('',(-0.113970469465325,0.0395663519408107,0.009));
#16392=CARTESIAN_POINT('',(-0.113984778565231,0.039581575296503,0.009));
#16393=CARTESIAN_POINT('',(-0.113984778565231,0.039581575296503,0.009));
#16394=CARTESIAN_POINT('',(-0.113999087665136,0.0395967986521945,0.009));
#16395=CARTESIAN_POINT('',(-0.113999087665136,0.0395967986521945,0.009));
#16396=CARTESIAN_POINT('',(-0.114011834746398,0.039613355042273,0.009));
#16397=CARTESIAN_POINT('',(-0.114011834746398,0.039613355042273,0.009));
#16398=CARTESIAN_POINT('',(-0.114024581827659,0.0396299114323508,0.009));
#16399=CARTESIAN_POINT('',(-0.114024581827659,0.0396299114323514,0.009));
#16400=CARTESIAN_POINT('',(-0.114141300989656,0.039731962856326,0.009));
#16401=CARTESIAN_POINT('',(-0.114141300989656,0.039731962856326,0.009));
#16402=CARTESIAN_POINT('',(-0.114258020151651,0.0398340142803,0.009));
#16403=CARTESIAN_POINT('',(-0.114258020151652,0.0398340142803007,0.009));
#16404=CARTESIAN_POINT('',(-0.114269733373398,0.039840755428201,0.009));
#16405=CARTESIAN_POINT('',(-0.114269733373398,0.039840755428201,0.009));
#16406=CARTESIAN_POINT('',(-0.114281446595143,0.0398474965761012,0.009));
#16407=CARTESIAN_POINT('',(-0.114281446595144,0.0398474965761019,0.009));
#16408=CARTESIAN_POINT('',(-0.114292116677889,0.0398557750154,0.009));
#16409=CARTESIAN_POINT('',(-0.114292116677889,0.0398557750154,0.009));
#16410=CARTESIAN_POINT('',(-0.114302786760634,0.0398640534546978,0.009));
#16411=CARTESIAN_POINT('',(-0.114302786760635,0.0398640534546983,0.009));
#16412=CARTESIAN_POINT('',(-0.114413005419901,0.039919162784331,0.009));
#16413=CARTESIAN_POINT('',(-0.114413005419901,0.039919162784331,0.009));
#16414=CARTESIAN_POINT('',(-0.114523224079168,0.0399742721139646,0.009));
#16415=CARTESIAN_POINT('',(-0.114523224079167,0.0399742721139642,0.009));
#16416=CARTESIAN_POINT('',(-0.114541535399971,0.039979289501632,0.009));
#16417=CARTESIAN_POINT('',(-0.114541535399971,0.039979289501632,0.009));
#16418=CARTESIAN_POINT('',(-0.114559846720776,0.0399843068892998,0.009));
#16419=CARTESIAN_POINT('',(-0.114559846720774,0.0399843068892993,0.009));
#16420=CARTESIAN_POINT('',(-0.11457750066298,0.039991274704728,0.009));
#16421=CARTESIAN_POINT('',(-0.11457750066298,0.039991274704728,0.009));
#16422=CARTESIAN_POINT('',(-0.114595154605186,0.039998242520157,0.009));
#16423=CARTESIAN_POINT('',(-0.114595154605185,0.0399982425201568,0.009));
#16424=CARTESIAN_POINT('',(-0.114741990211162,0.040024924929768,0.009));
#16425=CARTESIAN_POINT('',(-0.114741990211162,0.040024924929768,0.009));
#16426=CARTESIAN_POINT('',(-0.114888825817113,0.0400516073393744,0.009));
#16427=CARTESIAN_POINT('',(-0.114888825817138,0.0400516073393788,0.009));
#16428=CARTESIAN_POINT('',(-0.114897253937513,0.040053291432461,0.009));
#16429=CARTESIAN_POINT('',(-0.114897253937513,0.040053291432461,0.009));
#16430=CARTESIAN_POINT('',(-0.114905682057888,0.0400549755255423,0.009));
#16431=CARTESIAN_POINT('',(-0.114905682057888,0.0400549755255422,0.009));
#16432=CARTESIAN_POINT('',(-0.123302841241645,0.040063027322615,0.009));
#16433=CARTESIAN_POINT('',(-0.123302841241645,0.040063027322615,0.009));
#16434=CARTESIAN_POINT('',(-0.131700000425402,0.0400710791196876,0.009));
#16435=CARTESIAN_POINT('',(-0.131700000425402,0.0400710791196876,0.009));
#16436=CARTESIAN_POINT('',(-0.131706122874588,0.040610027751871,0.009));
#16437=CARTESIAN_POINT('',(-0.131706122874588,0.040610027751871,0.009));
#16438=CARTESIAN_POINT('',(-0.131712245323774,0.0411489763840554,0.009));
#16439=CARTESIAN_POINT('',(-0.131712245323774,0.041148976384055,0.009));
#16440=CARTESIAN_POINT('',(-0.131712351873627,0.041149482136266,0.009));
#16441=CARTESIAN_POINT('',(-0.131712351873627,0.041149482136266,0.009));
#16442=CARTESIAN_POINT('',(-0.13171245842348,0.0411499878884777,0.009));
#16443=CARTESIAN_POINT('',(-0.13171245842348,0.0411499878884772,0.009));
#16444=CARTESIAN_POINT('',(-0.131712458983248,0.041150510375463,0.009));
#16445=CARTESIAN_POINT('',(-0.131712458983248,0.041150510375463,0.009));
#16446=CARTESIAN_POINT('',(-0.131712459543015,0.0411510328624467,0.009));
#16447=CARTESIAN_POINT('',(-0.131712459543015,0.041151032862448,0.009));
#16448=CARTESIAN_POINT('',(-0.131742177238388,0.041299621339308,0.009));
#16449=CARTESIAN_POINT('',(-0.131742177238388,0.041299621339308,0.009));
#16450=CARTESIAN_POINT('',(-0.13177189493376,0.0414482098161696,0.009));
#16451=CARTESIAN_POINT('',(-0.13177189493376,0.041448209816168,0.009));
#16452=CARTESIAN_POINT('',(-0.131781006644305,0.041470146898266,0.009));
#16453=CARTESIAN_POINT('',(-0.131781006644305,0.041470146898266,0.009));
#16454=CARTESIAN_POINT('',(-0.131790118354852,0.0414920839803681,0.009));
#16455=CARTESIAN_POINT('',(-0.131790118354851,0.0414920839803641,0.009));
#16456=CARTESIAN_POINT('',(-0.131797376202138,0.041514701959657,0.009));
#16457=CARTESIAN_POINT('',(-0.131797376202138,0.041514701959657,0.009));
#16458=CARTESIAN_POINT('',(-0.131804634049425,0.0415373199389511,0.009));
#16459=CARTESIAN_POINT('',(-0.131804634049424,0.0415373199389499,0.009));
#16460=CARTESIAN_POINT('',(-0.13187858780106,0.041670528905832,0.009));
#16461=CARTESIAN_POINT('',(-0.13187858780106,0.041670528905832,0.009));
#16462=CARTESIAN_POINT('',(-0.131952541552696,0.0418037378727139,0.009));
#16463=CARTESIAN_POINT('',(-0.131952541552696,0.041803737872714,0.009));
#16464=CARTESIAN_POINT('',(-0.131964214678949,0.041817510295651,0.009));
#16465=CARTESIAN_POINT('',(-0.131964214678949,0.041817510295651,0.009));
#16466=CARTESIAN_POINT('',(-0.131975887805202,0.0418312827185884,0.009));
#16467=CARTESIAN_POINT('',(-0.131975887805201,0.041831282718587,0.009));
#16468=CARTESIAN_POINT('',(-0.131985925440936,0.04184628860802,0.009));
#16469=CARTESIAN_POINT('',(-0.131985925440936,0.04184628860802,0.009));
#16470=CARTESIAN_POINT('',(-0.131995963076671,0.0418612944974541,0.009));
#16471=CARTESIAN_POINT('',(-0.13199596307667,0.0418612944974528,0.009));
#16472=CARTESIAN_POINT('',(-0.132043617248422,0.041908906263664,0.009));
#16473=CARTESIAN_POINT('',(-0.132043617248422,0.041908906263664,0.009));
#16474=CARTESIAN_POINT('',(-0.132091271420173,0.0419565180298741,0.009));
#16475=CARTESIAN_POINT('',(-0.132091271420173,0.0419565180298739,0.009));
#16476=CARTESIAN_POINT('',(-0.132117676641989,0.042004899428615,0.009));
#16477=CARTESIAN_POINT('',(-0.132117676641989,0.042004899428615,0.009));
#16478=CARTESIAN_POINT('',(-0.132144081863805,0.0420532808273569,0.009));
#16479=CARTESIAN_POINT('',(-0.132144081863805,0.042053280827357,0.009));
#16480=CARTESIAN_POINT('',(-0.13222477835174,0.042095577708107,0.009));
#16481=CARTESIAN_POINT('',(-0.13222477835174,0.042095577708107,0.009));
#16482=CARTESIAN_POINT('',(-0.132305474839674,0.0421378745888567,0.009));
#16483=CARTESIAN_POINT('',(-0.132305474839675,0.0421378745888572,0.009));
#16484=CARTESIAN_POINT('',(-0.132381269791383,0.042188459757468,0.009));
#16485=CARTESIAN_POINT('',(-0.132381269791383,0.042188459757468,0.009));
#16486=CARTESIAN_POINT('',(-0.13245706474309,0.0422390449260782,0.009));
#16487=CARTESIAN_POINT('',(-0.132457064743091,0.0422390449260783,0.009));
#16488=CARTESIAN_POINT('',(-0.132512191440275,0.042239044926078,0.009));
#16489=CARTESIAN_POINT('',(-0.132512191440275,0.042239044926078,0.009));
#16490=CARTESIAN_POINT('',(-0.132567318137459,0.042239044926078,0.009));
#16491=CARTESIAN_POINT('',(-0.13256731813746,0.042239044926078,0.009));
#16492=CARTESIAN_POINT('',(-0.132692716717228,0.042275958990758,0.009));
#16493=CARTESIAN_POINT('',(-0.132692716717228,0.042275958990758,0.009));
#16494=CARTESIAN_POINT('',(-0.132818115296996,0.0423128730554373,0.009));
#16495=CARTESIAN_POINT('',(-0.132818115296996,0.0423128730554374,0.009));
#16496=CARTESIAN_POINT('',(-0.132837277679759,0.042314603537301,0.009));
#16497=CARTESIAN_POINT('',(-0.132837277679759,0.042314603537301,0.009));
#16498=CARTESIAN_POINT('',(-0.132856440062521,0.0423163340191647,0.009));
#16499=CARTESIAN_POINT('',(-0.132856440062521,0.0423163340191646,0.009));
#16500=CARTESIAN_POINT('',(-0.132875303596774,0.042320102943582,0.009));
#16501=CARTESIAN_POINT('',(-0.132875303596774,0.042320102943582,0.009));
#16502=CARTESIAN_POINT('',(-0.132894167131027,0.0423238718679995,0.009));
#16503=CARTESIAN_POINT('',(-0.132894167131027,0.0423238718679995,0.009));
#16504=CARTESIAN_POINT('',(-0.140968727313656,0.042332041590318,0.009));
#16505=CARTESIAN_POINT('',(-0.140968727313656,0.042332041590318,0.009));
#16506=CARTESIAN_POINT('',(-0.149043287496286,0.0423402113126366,0.009));
#16507=CARTESIAN_POINT('',(-0.149043287496286,0.0423402113126366,0.009));
#16508=CARTESIAN_POINT('',(-0.149046076121029,0.04233965964743,0.009));
#16509=CARTESIAN_POINT('',(-0.149046076121029,0.04233965964743,0.009));
#16510=CARTESIAN_POINT('',(-0.149048864745773,0.0423391079822233,0.009));
#16511=CARTESIAN_POINT('',(-0.149048864745773,0.0423391079822234,0.009));
#16512=CARTESIAN_POINT('',(-0.149051699599707,0.042339105131978,0.009));
#16513=CARTESIAN_POINT('',(-0.149051699599707,0.042339105131978,0.009));
#16514=CARTESIAN_POINT('',(-0.149054534453642,0.0423391022817328,0.009));
#16515=CARTESIAN_POINT('',(-0.149054534453641,0.0423391022817328,0.009));
#16516=CARTESIAN_POINT('',(-0.149203156974003,0.042309396114801,0.009));
#16517=CARTESIAN_POINT('',(-0.149203156974003,0.042309396114801,0.009));
#16518=CARTESIAN_POINT('',(-0.149351779494364,0.0422796899478689,0.009));
#16519=CARTESIAN_POINT('',(-0.149351779494365,0.0422796899478686,0.009));
#16520=CARTESIAN_POINT('',(-0.149373840588053,0.042270531054692,0.009));
#16521=CARTESIAN_POINT('',(-0.149373840588053,0.042270531054692,0.009));
#16522=CARTESIAN_POINT('',(-0.14939590168174,0.0422613721615162,0.009));
#16523=CARTESIAN_POINT('',(-0.149395901681741,0.042261372161516,0.009));
#16524=CARTESIAN_POINT('',(-0.14941863972268,0.042254060745225,0.009));
#16525=CARTESIAN_POINT('',(-0.14941863972268,0.042254060745225,0.009));
#16526=CARTESIAN_POINT('',(-0.14944137776362,0.0422467493289337,0.009));
#16527=CARTESIAN_POINT('',(-0.149441377763619,0.0422467493289339,0.009));
#16528=CARTESIAN_POINT('',(-0.149574557143546,0.042172720215075,0.009));
#16529=CARTESIAN_POINT('',(-0.149574557143546,0.042172720215075,0.009));
#16530=CARTESIAN_POINT('',(-0.149707736523473,0.042098691101216,0.009));
#16531=CARTESIAN_POINT('',(-0.149707736523472,0.0420986911012162,0.009));
#16532=CARTESIAN_POINT('',(-0.149732332769362,0.042077821780912,0.009));
#16533=CARTESIAN_POINT('',(-0.149732332769362,0.042077821780912,0.009));
#16534=CARTESIAN_POINT('',(-0.149756929015255,0.0420569524606049,0.009));
#16535=CARTESIAN_POINT('',(-0.149756929015251,0.0420569524606082,0.009));
#16536=CARTESIAN_POINT('',(-0.149782310508405,0.042037015601027,0.009));
#16537=CARTESIAN_POINT('',(-0.149782310508405,0.042037015601027,0.009));
#16538=CARTESIAN_POINT('',(-0.149807692001558,0.0420170787414468,0.009));
#16539=CARTESIAN_POINT('',(-0.149807692001558,0.042017078741447,0.009));
#16540=CARTESIAN_POINT('',(-0.149837579871925,0.041982209251864,0.009));
#16541=CARTESIAN_POINT('',(-0.149837579871925,0.041982209251864,0.009));
#16542=CARTESIAN_POINT('',(-0.149867467742292,0.0419473397622812,0.009));
#16543=CARTESIAN_POINT('',(-0.149867467742291,0.0419473397622814,0.009));
#16544=CARTESIAN_POINT('',(-0.149904271335567,0.041927212797209,0.009));
#16545=CARTESIAN_POINT('',(-0.149904271335567,0.041927212797209,0.009));
#16546=CARTESIAN_POINT('',(-0.149941074928843,0.0419070858321368,0.009));
#16547=CARTESIAN_POINT('',(-0.149941074928843,0.0419070858321366,0.009));
#16548=CARTESIAN_POINT('',(-0.149989883373029,0.041813857268731,0.009));
#16549=CARTESIAN_POINT('',(-0.149989883373029,0.041813857268731,0.009));
#16550=CARTESIAN_POINT('',(-0.150038691817211,0.0417206287053337,0.009));
#16551=CARTESIAN_POINT('',(-0.150038691817215,0.041720628705326,0.009));
#16552=CARTESIAN_POINT('',(-0.150090548290084,0.041628428998648,0.009));
#16553=CARTESIAN_POINT('',(-0.150090548290084,0.041628428998648,0.009));
#16554=CARTESIAN_POINT('',(-0.150142404762953,0.0415362292919699,0.009));
#16555=CARTESIAN_POINT('',(-0.150142404762953,0.0415362292919701,0.009));
#16556=CARTESIAN_POINT('',(-0.150139108753513,0.041494369972108,0.009));
#16557=CARTESIAN_POINT('',(-0.150139108753513,0.041494369972108,0.009));
#16558=CARTESIAN_POINT('',(-0.150135812744074,0.0414525106522455,0.009));
#16559=CARTESIAN_POINT('',(-0.150135812744074,0.0414525106522459,0.009));
#16560=CARTESIAN_POINT('',(-0.150168062132729,0.041342822518615,0.009));
#16561=CARTESIAN_POINT('',(-0.150168062132729,0.041342822518615,0.009));
#16562=CARTESIAN_POINT('',(-0.150200311521385,0.041233134384984,0.009));
#16563=CARTESIAN_POINT('',(-0.150200311521385,0.041233134384984,0.009));
#16564=CARTESIAN_POINT('',(-0.150202041224415,0.041213871783059,0.009));
#16565=CARTESIAN_POINT('',(-0.150202041224415,0.041213871783059,0.009));
#16566=CARTESIAN_POINT('',(-0.150203770927445,0.0411946091811352,0.009));
#16567=CARTESIAN_POINT('',(-0.150203770927445,0.041194609181134,0.009));
#16568=CARTESIAN_POINT('',(-0.150207542607545,0.041175647818104,0.009));
#16569=CARTESIAN_POINT('',(-0.150207542607545,0.041175647818104,0.009));
#16570=CARTESIAN_POINT('',(-0.150211314287645,0.0411566864550733,0.009));
#16571=CARTESIAN_POINT('',(-0.150211314287645,0.041156686455074,0.009));
#16572=CARTESIAN_POINT('',(-0.150211314287645,0.040621517481085,0.009));
#16573=CARTESIAN_POINT('',(-0.150211314287645,0.040621517481085,0.009));
#16574=CARTESIAN_POINT('',(-0.150211314287645,0.0400863485070971,0.009));
#16575=CARTESIAN_POINT('',(-0.150211314287645,0.040086348507097,0.009));
#16576=CARTESIAN_POINT('',(-0.15343459129951,0.040070697060372,0.009));
#16577=CARTESIAN_POINT('',(-0.15343459129951,0.040070697060372,0.009));
#16578=CARTESIAN_POINT('',(-0.156657868311453,0.0400550456136465,0.009));
#16579=CARTESIAN_POINT('',(-0.15665786831137,0.0400550456136467,0.009));
#16580=CARTESIAN_POINT('',(-0.16184076649684,0.040063241751242,0.009));
#16581=CARTESIAN_POINT('',(-0.16184076649684,0.040063241751242,0.009));
#16582=CARTESIAN_POINT('',(-0.167023664682286,0.040071437888838,0.009));
#16583=CARTESIAN_POINT('',(-0.1670236646823,0.040071437888838,0.009));
#16584=CARTESIAN_POINT('',(-0.1670269850727,0.040071490962738,0.009));
#16585=CARTESIAN_POINT('',(-0.1670269850727,0.040071490962738,0.009));
#16586=CARTESIAN_POINT('',(-0.167030305463092,0.0400715440366374,0.009));
#16587=CARTESIAN_POINT('',(-0.16703030546309,0.0400715440366374,0.009));
#16588=CARTESIAN_POINT('',(-0.16718726489213,0.040042933052885,0.009));
#16589=CARTESIAN_POINT('',(-0.16718726489213,0.040042933052885,0.009));
#16590=CARTESIAN_POINT('',(-0.167344224321161,0.0400143220691331,0.009));
#16591=CARTESIAN_POINT('',(-0.16734422432116,0.0400143220691334,0.009));
#16592=CARTESIAN_POINT('',(-0.16736175502348,0.0400073887217,0.009));
#16593=CARTESIAN_POINT('',(-0.16736175502348,0.0400073887217,0.009));
#16594=CARTESIAN_POINT('',(-0.167379285725801,0.0400004553742656,0.009));
#16595=CARTESIAN_POINT('',(-0.1673792857258,0.0400004553742659,0.009));
#16596=CARTESIAN_POINT('',(-0.16739747386118,0.039995474369004,0.009));
#16597=CARTESIAN_POINT('',(-0.16739747386118,0.039995474369004,0.009));
#16598=CARTESIAN_POINT('',(-0.167415661996564,0.0399904933637412,0.009));
#16599=CARTESIAN_POINT('',(-0.16741566199656,0.0399904933637423,0.009));
#16600=CARTESIAN_POINT('',(-0.16752591948212,0.039935364620964,0.009));
#16601=CARTESIAN_POINT('',(-0.16752591948212,0.039935364620964,0.009));
#16602=CARTESIAN_POINT('',(-0.167636176967666,0.0398802358781909,0.009));
#16603=CARTESIAN_POINT('',(-0.167636176967671,0.0398802358781886,0.009));
#16604=CARTESIAN_POINT('',(-0.16764683522335,0.039871964715939,0.009));
#16605=CARTESIAN_POINT('',(-0.16764683522335,0.039871964715939,0.009));
#16606=CARTESIAN_POINT('',(-0.167657493479027,0.039863693553694,0.009));
#16607=CARTESIAN_POINT('',(-0.16765749347903,0.0398636935536916,0.009));
#16608=CARTESIAN_POINT('',(-0.1676691876426,0.039856964853197,0.009));
#16609=CARTESIAN_POINT('',(-0.1676691876426,0.039856964853197,0.009));
#16610=CARTESIAN_POINT('',(-0.167680881806172,0.0398502361526999,0.009));
#16611=CARTESIAN_POINT('',(-0.16768088180617,0.0398502361527016,0.009));
#16612=CARTESIAN_POINT('',(-0.16772590129577,0.039810874470971,0.009));
#16613=CARTESIAN_POINT('',(-0.16772590129577,0.039810874470971,0.009));
#16614=CARTESIAN_POINT('',(-0.167770920785368,0.0397715127892403,0.009));
#16615=CARTESIAN_POINT('',(-0.167770920785369,0.0397715127892399,0.009));
#16616=CARTESIAN_POINT('',(-0.16781199269859,0.03975566267878,0.009));
#16617=CARTESIAN_POINT('',(-0.16781199269859,0.03975566267878,0.009));
#16618=CARTESIAN_POINT('',(-0.167853064611806,0.0397398125683217,0.009));
#16619=CARTESIAN_POINT('',(-0.16785306461181,0.0397398125683201,0.009));
#16620=CARTESIAN_POINT('',(-0.16791247868809,0.039655588478074,0.009));
#16621=CARTESIAN_POINT('',(-0.16791247868809,0.039655588478074,0.009));
#16622=CARTESIAN_POINT('',(-0.167971892764363,0.0395713643878467,0.009));
#16623=CARTESIAN_POINT('',(-0.167971892764377,0.0395713643878269,0.009));
#16624=CARTESIAN_POINT('',(-0.16803500529849,0.039489369000236,0.009));
#16625=CARTESIAN_POINT('',(-0.16803500529849,0.039489369000236,0.009));
#16626=CARTESIAN_POINT('',(-0.168098117832605,0.03940737361264,0.009));
#16627=CARTESIAN_POINT('',(-0.168098117832602,0.039407373612644,0.009));
#16628=CARTESIAN_POINT('',(-0.16810101479734,0.039363415321658,0.009));
#16629=CARTESIAN_POINT('',(-0.16810101479734,0.039363415321658,0.009));
#16630=CARTESIAN_POINT('',(-0.168103911762074,0.0393194570306682,0.009));
#16631=CARTESIAN_POINT('',(-0.168103911762073,0.0393194570306732,0.009));
#16632=CARTESIAN_POINT('',(-0.16812547686601,0.039270902267325,0.009));
#16633=CARTESIAN_POINT('',(-0.16812547686601,0.039270902267325,0.009));
#16634=CARTESIAN_POINT('',(-0.168147041969953,0.0392223475039706,0.009));
#16635=CARTESIAN_POINT('',(-0.16814704196995,0.0392223475039772,0.009));
#16636=CARTESIAN_POINT('',(-0.16814858692932,0.039215489360628,0.009));
#16637=CARTESIAN_POINT('',(-0.16814858692932,0.039215489360628,0.009));
#16638=CARTESIAN_POINT('',(-0.168150131888687,0.0392086312172773,0.009));
#16639=CARTESIAN_POINT('',(-0.168150131888686,0.0392086312172804,0.009));
#16640=CARTESIAN_POINT('',(-0.1681528288152,0.039202140266253,0.009));
#16641=CARTESIAN_POINT('',(-0.1681528288152,0.039202140266253,0.009));
#16642=CARTESIAN_POINT('',(-0.168155525741709,0.0391956493152415,0.009));
#16643=CARTESIAN_POINT('',(-0.168155525741713,0.0391956493152295,0.009));
#16644=CARTESIAN_POINT('',(-0.16818524950246,0.039047030511471,0.009));
#16645=CARTESIAN_POINT('',(-0.16818524950246,0.039047030511471,0.009));
#16646=CARTESIAN_POINT('',(-0.168214973263214,0.0388984117077015,0.009));
#16647=CARTESIAN_POINT('',(-0.168214973263211,0.0388984117077124,0.009));
#16648=CARTESIAN_POINT('',(-0.16821497595409,0.038895748280667,0.009));
#16649=CARTESIAN_POINT('',(-0.16821497595409,0.038895748280667,0.009));
#16650=CARTESIAN_POINT('',(-0.168214978644964,0.0388930848536146,0.009));
#16651=CARTESIAN_POINT('',(-0.168214978644964,0.03889308485362,0.009));
#16652=CARTESIAN_POINT('',(-0.1682154964663,0.038890481273662,0.009));
#16653=CARTESIAN_POINT('',(-0.1682154964663,0.038890481273662,0.009));
#16654=CARTESIAN_POINT('',(-0.168216014287639,0.0388878776936992,0.009));
#16655=CARTESIAN_POINT('',(-0.168216014287639,0.0388878776937037,0.009));
#16656=CARTESIAN_POINT('',(-0.16821601428764,0.037105292851075,0.009));
#16657=CARTESIAN_POINT('',(-0.16821601428764,0.037105292851075,0.009));
#16658=CARTESIAN_POINT('',(-0.16821601428764,0.0353227080084453,0.009));
#16659=CARTESIAN_POINT('',(-0.16821601428764,0.035322708008445,0.009));
#16660=CARTESIAN_POINT('',(-0.17667559154157,0.035314692146606,0.009));
#16661=CARTESIAN_POINT('',(-0.17667559154157,0.035314692146606,0.009));
#16662=CARTESIAN_POINT('',(-0.185135168795491,0.0353066762847663,0.009));
#16663=CARTESIAN_POINT('',(-0.18513516879549,0.0353066762847663,0.009));
#16664=CARTESIAN_POINT('',(-0.18519753729467,0.035294209105422,0.009));
#16665=CARTESIAN_POINT('',(-0.18519753729467,0.035294209105422,0.009));
#16666=CARTESIAN_POINT('',(-0.185259905793843,0.0352817419260786,0.009));
#16667=CARTESIAN_POINT('',(-0.18525990579384,0.0352817419260792,0.009));
#16668=CARTESIAN_POINT('',(-0.18596484638801,0.035281741926078,0.009));
#16669=CARTESIAN_POINT('',(-0.18596484638801,0.035281741926078,0.009));
#16670=CARTESIAN_POINT('',(-0.186669786982181,0.035281741926078,0.009));
#16671=CARTESIAN_POINT('',(-0.18666978698218,0.035281741926078,0.009));
#16672=CARTESIAN_POINT('',(-0.18673262854813,0.035294241926078,0.009));
#16673=CARTESIAN_POINT('',(-0.18673262854813,0.035294241926078,0.009));
#16674=CARTESIAN_POINT('',(-0.186795470114079,0.0353067419260781,0.009));
#16675=CARTESIAN_POINT('',(-0.18679547011408,0.0353067419260783,0.009));
#16676=CARTESIAN_POINT('',(-0.19561554983501,0.035306741926078,0.009));
#16677=CARTESIAN_POINT('',(-0.19561554983501,0.035306741926078,0.009));
#16678=CARTESIAN_POINT('',(-0.20443562955595,0.035306741926078,0.009));
#16679=CARTESIAN_POINT('',(-0.20443562955595,0.035306741926078,0.009));
#16680=CARTESIAN_POINT('',(-0.20445460762738,0.035302968555958,0.009));
#16681=CARTESIAN_POINT('',(-0.20445460762738,0.035302968555958,0.009));
#16682=CARTESIAN_POINT('',(-0.204473585698807,0.0352991951858387,0.009));
#16683=CARTESIAN_POINT('',(-0.20447358569881,0.0352991951858381,0.009));
#16684=CARTESIAN_POINT('',(-0.20449286418077,0.035297462075263,0.009));
#16685=CARTESIAN_POINT('',(-0.20449286418077,0.035297462075263,0.009));
#16686=CARTESIAN_POINT('',(-0.204512142662728,0.0352957289646874,0.009));
#16687=CARTESIAN_POINT('',(-0.20451214266273,0.0352957289646872,0.009));
#16688=CARTESIAN_POINT('',(-0.20463763637962,0.035258832445383,0.009));
#16689=CARTESIAN_POINT('',(-0.20463763637962,0.035258832445383,0.009));
#16690=CARTESIAN_POINT('',(-0.204763130096513,0.0352219359260788,0.009));
#16691=CARTESIAN_POINT('',(-0.20476313009651,0.0352219359260795,0.009));
#16692=CARTESIAN_POINT('',(-0.20481841875048,0.035221935926078,0.009));
#16693=CARTESIAN_POINT('',(-0.20481841875048,0.035221935926078,0.009));
#16694=CARTESIAN_POINT('',(-0.20487370740445,0.035221935926078,0.009));
#16695=CARTESIAN_POINT('',(-0.20487370740445,0.035221935926078,0.009));
#16696=CARTESIAN_POINT('',(-0.20494940382519,0.035171352485536,0.009));
#16697=CARTESIAN_POINT('',(-0.20494940382519,0.035171352485536,0.009));
#16698=CARTESIAN_POINT('',(-0.205025100245927,0.0351207690449963,0.009));
#16699=CARTESIAN_POINT('',(-0.205025100245938,0.0351207690449891,0.009));
#16700=CARTESIAN_POINT('',(-0.20510575803469,0.035078539769445,0.009));
#16701=CARTESIAN_POINT('',(-0.20510575803469,0.035078539769445,0.009));
#16702=CARTESIAN_POINT('',(-0.205186415823439,0.0350363104938995,0.009));
#16703=CARTESIAN_POINT('',(-0.205186415823441,0.0350363104938987,0.009));
#16704=CARTESIAN_POINT('',(-0.20521288893416,0.034987782078196,0.009));
#16705=CARTESIAN_POINT('',(-0.20521288893416,0.034987782078196,0.009));
#16706=CARTESIAN_POINT('',(-0.205239362044876,0.0349392536625029,0.009));
#16707=CARTESIAN_POINT('',(-0.205239362044883,0.0349392536624903,0.009));
#16708=CARTESIAN_POINT('',(-0.20528703688777,0.034891578819615,0.009));
#16709=CARTESIAN_POINT('',(-0.20528703688777,0.034891578819615,0.009));
#16710=CARTESIAN_POINT('',(-0.205334711730646,0.0348439039767389,0.009));
#16711=CARTESIAN_POINT('',(-0.205334711730645,0.0348439039767401,0.009));
#16712=CARTESIAN_POINT('',(-0.20533924355605,0.034837120625381,0.009));
#16713=CARTESIAN_POINT('',(-0.20533924355605,0.034837120625381,0.009));
#16714=CARTESIAN_POINT('',(-0.205343775381462,0.034830337274011,0.009));
#16715=CARTESIAN_POINT('',(-0.205343775381451,0.0348303372740267,0.009));
#16716=CARTESIAN_POINT('',(-0.20534936935567,0.03482439520472,0.009));
#16717=CARTESIAN_POINT('',(-0.20534936935567,0.03482439520472,0.009));
#16718=CARTESIAN_POINT('',(-0.205354963329908,0.034818453135402,0.009));
#16719=CARTESIAN_POINT('',(-0.205354963329899,0.0348184531354119,0.009));
#16720=CARTESIAN_POINT('',(-0.20543207112672,0.034695137706967,0.009));
#16721=CARTESIAN_POINT('',(-0.20543207112672,0.034695137706967,0.009));
#16722=CARTESIAN_POINT('',(-0.205509178923526,0.0345718222785351,0.009));
#16723=CARTESIAN_POINT('',(-0.205509178923534,0.0345718222785235,0.009));
#16724=CARTESIAN_POINT('',(-0.2055222243547,0.034537422695759,0.009));
#16725=CARTESIAN_POINT('',(-0.2055222243547,0.034537422695759,0.009));
#16726=CARTESIAN_POINT('',(-0.205535269785843,0.0345030231130697,0.009));
#16727=CARTESIAN_POINT('',(-0.205535269785871,0.0345030231129973,0.009));
#16728=CARTESIAN_POINT('',(-0.20554877635226,0.034468829967831,0.009));
#16729=CARTESIAN_POINT('',(-0.20554877635226,0.034468829967831,0.009));
#16730=CARTESIAN_POINT('',(-0.205562282918653,0.0344346368226503,0.009));
#16731=CARTESIAN_POINT('',(-0.205562282918648,0.0344346368226639,0.009));
#16732=CARTESIAN_POINT('',(-0.2055892836227,0.034286137533718,0.009));
#16733=CARTESIAN_POINT('',(-0.2055892836227,0.034286137533718,0.009));
#16734=CARTESIAN_POINT('',(-0.205616284326778,0.0341376382445994,0.009));
#16735=CARTESIAN_POINT('',(-0.205616284326747,0.0341376382447732,0.009));
#16736=CARTESIAN_POINT('',(-0.20561769930719,0.034130528008168,0.009));
#16737=CARTESIAN_POINT('',(-0.20561769930719,0.034130528008168,0.009));
#16738=CARTESIAN_POINT('',(-0.20561911428764,0.0341234177715606,0.009));
#16739=CARTESIAN_POINT('',(-0.20561911428764,0.0341234177715629,0.009));
#16740=CARTESIAN_POINT('',(-0.20561911428764,0.009365424577506,0.009));
#16741=CARTESIAN_POINT('',(-0.20561911428764,0.009365424577506,0.009));
#16742=CARTESIAN_POINT('',(-0.20561911428764,-0.0153925686166074,0.009));
#16743=CARTESIAN_POINT('',(-0.20561911428764,-0.01539256861655,0.009));
#16744=CARTESIAN_POINT('',(-0.20561923594732,-0.01539988766303,0.009));
#16745=CARTESIAN_POINT('',(-0.20561923594732,-0.01539988766303,0.009));
#16746=CARTESIAN_POINT('',(-0.205619357607003,-0.0154072067095146,0.009));
#16747=CARTESIAN_POINT('',(-0.205619357607002,-0.01540720670951,0.009));
#16748=CARTESIAN_POINT('',(-0.20560634512308,-0.01547881553308,0.009));
#16749=CARTESIAN_POINT('',(-0.20560634512308,-0.01547881553308,0.009));
#16750=CARTESIAN_POINT('',(-0.205593332639157,-0.0155504243566445,0.009));
#16751=CARTESIAN_POINT('',(-0.205593332639156,-0.0155504243566493,0.009));
#16752=CARTESIAN_POINT('',(-0.20559999200122,-0.01560133750264,0.009));
#16753=CARTESIAN_POINT('',(-0.20559999200122,-0.01560133750264,0.009));
#16754=CARTESIAN_POINT('',(-0.205606651363282,-0.0156522506486378,0.009));
#16755=CARTESIAN_POINT('',(-0.205606651363282,-0.0156522506486397,0.009));
#16756=CARTESIAN_POINT('',(-0.20556429487576,-0.01573783056933,0.009));
#16757=CARTESIAN_POINT('',(-0.20556429487576,-0.01573783056933,0.009));
#16758=CARTESIAN_POINT('',(-0.205521938388227,-0.0158234104900486,0.009));
#16759=CARTESIAN_POINT('',(-0.205521938388235,-0.0158234104900322,0.009));
#16760=CARTESIAN_POINT('',(-0.20548687730833,-0.01591224592844,0.009));
#16761=CARTESIAN_POINT('',(-0.20548687730833,-0.01591224592844,0.009));
#16762=CARTESIAN_POINT('',(-0.205451816228426,-0.0160010813668566,0.009));
#16763=CARTESIAN_POINT('',(-0.205451816228425,-0.016001081366858,0.009));
#16764=CARTESIAN_POINT('',(-0.20540958360838,-0.01603029549118,0.009));
#16765=CARTESIAN_POINT('',(-0.20540958360838,-0.01603029549118,0.009));
#16766=CARTESIAN_POINT('',(-0.205367350988324,-0.0160595096155117,0.009));
#16767=CARTESIAN_POINT('',(-0.205367350988329,-0.0160595096155084,0.009));
#16768=CARTESIAN_POINT('',(-0.20535907256725,-0.01607027003081,0.009));
#16769=CARTESIAN_POINT('',(-0.20535907256725,-0.01607027003081,0.009));
#16770=CARTESIAN_POINT('',(-0.205350794146176,-0.0160810304461109,0.009));
#16771=CARTESIAN_POINT('',(-0.205350794146173,-0.0160810304461147,0.009));
#16772=CARTESIAN_POINT('',(-0.20534009817507,-0.01611891201047,0.009));
#16773=CARTESIAN_POINT('',(-0.20534009817507,-0.01611891201047,0.009));
#16774=CARTESIAN_POINT('',(-0.205329402203963,-0.016156793574826,0.009));
#16775=CARTESIAN_POINT('',(-0.205329402203962,-0.0161567935748304,0.009));
#16776=CARTESIAN_POINT('',(-0.20524643252181,-0.01622715353116,0.009));
#16777=CARTESIAN_POINT('',(-0.20524643252181,-0.01622715353116,0.009));
#16778=CARTESIAN_POINT('',(-0.205163462839829,-0.0162975134873518,0.009));
#16779=CARTESIAN_POINT('',(-0.205163462839663,-0.0162975134874921,0.009));
#16780=CARTESIAN_POINT('',(-0.2050820411776,-0.0163687502164,0.009));
#16781=CARTESIAN_POINT('',(-0.2050820411776,-0.0163687502164,0.009));
#16782=CARTESIAN_POINT('',(-0.205000619515541,-0.0164399869452958,0.009));
#16783=CARTESIAN_POINT('',(-0.205000619515543,-0.0164399869452935,0.009));
#16784=CARTESIAN_POINT('',(-0.20496161805783,-0.01644506759496,0.009));
#16785=CARTESIAN_POINT('',(-0.20496161805783,-0.01644506759496,0.009));
#16786=CARTESIAN_POINT('',(-0.204922616600113,-0.0164501482446231,0.009));
#16787=CARTESIAN_POINT('',(-0.20492261660012,-0.0164501482446222,0.009));
#16788=CARTESIAN_POINT('',(-0.20487769522982,-0.01647510456145,0.009));
#16789=CARTESIAN_POINT('',(-0.20487769522982,-0.01647510456145,0.009));
#16790=CARTESIAN_POINT('',(-0.204832773859512,-0.0165000608782879,0.009));
#16791=CARTESIAN_POINT('',(-0.204832773859522,-0.0165000608782826,0.009));
#16792=CARTESIAN_POINT('',(-0.20481009177652,-0.01650734493677,0.009));
#16793=CARTESIAN_POINT('',(-0.20481009177652,-0.01650734493677,0.009));
#16794=CARTESIAN_POINT('',(-0.204787409693521,-0.0165146289952522,0.009));
#16795=CARTESIAN_POINT('',(-0.20478740969353,-0.0165146289952493,0.009));
#16796=CARTESIAN_POINT('',(-0.20476541337583,-0.01652376379142,0.009));
#16797=CARTESIAN_POINT('',(-0.20476541337583,-0.01652376379142,0.009));
#16798=CARTESIAN_POINT('',(-0.204743417058136,-0.0165328985875899,0.009));
#16799=CARTESIAN_POINT('',(-0.20474341705814,-0.0165328985875886,0.009));
#16800=CARTESIAN_POINT('',(-0.20459474164611,-0.01656261532633,0.009));
#16801=CARTESIAN_POINT('',(-0.20459474164611,-0.01656261532633,0.009));
#16802=CARTESIAN_POINT('',(-0.204446066234096,-0.0165923320650671,0.009));
#16803=CARTESIAN_POINT('',(-0.20444606623408,-0.0165923320650701,0.009));
#16804=CARTESIAN_POINT('',(-0.20444345262758,-0.01659233417835,0.009));
#16805=CARTESIAN_POINT('',(-0.20444345262758,-0.01659233417835,0.009));
#16806=CARTESIAN_POINT('',(-0.204440839021098,-0.016592336291636,0.009));
#16807=CARTESIAN_POINT('',(-0.20444083902109,-0.016592336291636,0.009));
#16808=CARTESIAN_POINT('',(-0.20443827240131,-0.01659284718278,0.009));
#16809=CARTESIAN_POINT('',(-0.20443827240131,-0.01659284718278,0.009));
#16810=CARTESIAN_POINT('',(-0.204435705781537,-0.0165933580739196,0.009));
#16811=CARTESIAN_POINT('',(-0.20443570578154,-0.0165933580739191,0.009));
#16812=CARTESIAN_POINT('',(-0.19561558794781,-0.01659335807392,0.009));
#16813=CARTESIAN_POINT('',(-0.19561558794781,-0.01659335807392,0.009));
#16814=CARTESIAN_POINT('',(-0.186795470114079,-0.01659335807392,0.009));
#16815=CARTESIAN_POINT('',(-0.18679547011408,-0.01659335807392,0.009));
#16816=CARTESIAN_POINT('',(-0.18673262854813,-0.01658085807392,0.009));
#16817=CARTESIAN_POINT('',(-0.18673262854813,-0.01658085807392,0.009));
#16818=CARTESIAN_POINT('',(-0.186669786982181,-0.0165683580739199,0.009));
#16819=CARTESIAN_POINT('',(-0.18666978698218,-0.0165683580739198,0.009));
#16820=CARTESIAN_POINT('',(-0.18596496428764,-0.01656835807392,0.009));
#16821=CARTESIAN_POINT('',(-0.18596496428764,-0.01656835807392,0.009));
#16822=CARTESIAN_POINT('',(-0.1852601415931,-0.01656835807392,0.009));
#16823=CARTESIAN_POINT('',(-0.1852601415931,-0.01656835807392,0.009));
#16824=CARTESIAN_POINT('',(-0.18519730002715,-0.01658085807392,0.009));
#16825=CARTESIAN_POINT('',(-0.18519730002715,-0.01658085807392,0.009));
#16826=CARTESIAN_POINT('',(-0.1851344584612,-0.0165933580739202,0.009));
#16827=CARTESIAN_POINT('',(-0.1851344584612,-0.0165933580739203,0.009));
#16828=CARTESIAN_POINT('',(-0.16749328911419,-0.01659335807392,0.009));
#16829=CARTESIAN_POINT('',(-0.16749328911419,-0.01659335807392,0.009));
#16830=CARTESIAN_POINT('',(-0.149852119767179,-0.01659335807392,0.009));
#16831=CARTESIAN_POINT('',(-0.14985211976718,-0.01659335807392,0.009));
#16832=CARTESIAN_POINT('',(-0.145523593602114,-0.02254402906005,0.009));
#16833=CARTESIAN_POINT('',(-0.145523593602114,-0.02254402906005,0.009));
#16834=CARTESIAN_POINT('',(-0.141195067437048,-0.0284947000461816,0.009));
#16835=CARTESIAN_POINT('',(-0.141195067437049,-0.0284947000461806,0.009));
#16836=CARTESIAN_POINT('',(-0.141183454403999,-0.02850542232027,0.009));
#16837=CARTESIAN_POINT('',(-0.141183454403999,-0.02850542232027,0.009));
#16838=CARTESIAN_POINT('',(-0.141171841370953,-0.0285161445943549,0.009));
#16839=CARTESIAN_POINT('',(-0.141171841370954,-0.0285161445943544,0.009));
#16840=CARTESIAN_POINT('',(-0.141161661694248,-0.0285282384388,0.009));
#16841=CARTESIAN_POINT('',(-0.141161661694248,-0.0285282384388,0.009));
#16842=CARTESIAN_POINT('',(-0.14115148201755,-0.0285403322832367,0.009));
#16843=CARTESIAN_POINT('',(-0.141151482017547,-0.0285403322832405,0.009));
#16844=CARTESIAN_POINT('',(-0.141057137347594,-0.0286158080192,0.009));
#16845=CARTESIAN_POINT('',(-0.141057137347594,-0.0286158080192,0.009));
#16846=CARTESIAN_POINT('',(-0.140962792677642,-0.0286912837551612,0.009));
#16847=CARTESIAN_POINT('',(-0.140962792677643,-0.0286912837551609,0.009));
#16848=CARTESIAN_POINT('',(-0.140928630473986,-0.02870899808983,0.009));
#16849=CARTESIAN_POINT('',(-0.140928630473986,-0.02870899808983,0.009));
#16850=CARTESIAN_POINT('',(-0.140894468270265,-0.0287267124245322,0.009));
#16851=CARTESIAN_POINT('',(-0.140894468270329,-0.0287267124244989,0.009));
#16852=CARTESIAN_POINT('',(-0.14086026004968,-0.0287446370272,0.009));
#16853=CARTESIAN_POINT('',(-0.14086026004968,-0.0287446370272,0.009));
#16854=CARTESIAN_POINT('',(-0.140826051829037,-0.0287625616298985,0.009));
#16855=CARTESIAN_POINT('',(-0.140826051829031,-0.0287625616299017,0.009));
#16856=CARTESIAN_POINT('',(-0.140652536266466,-0.02881364007681,0.009));
#16857=CARTESIAN_POINT('',(-0.140652536266466,-0.02881364007681,0.009));
#16858=CARTESIAN_POINT('',(-0.140479020703931,-0.0288647185237122,0.009));
#16859=CARTESIAN_POINT('',(-0.140479020703902,-0.0288647185237207,0.009));
#16860=CARTESIAN_POINT('',(-0.140459943991813,-0.02887125250771,0.009));
#16861=CARTESIAN_POINT('',(-0.140459943991813,-0.02887125250771,0.009));
#16862=CARTESIAN_POINT('',(-0.140440867279703,-0.0288777864917037,0.009));
#16863=CARTESIAN_POINT('',(-0.140440867279724,-0.0288777864916965,0.009));
#16864=CARTESIAN_POINT('',(-0.12408704969401,-0.03107609839881,0.009));
#16865=CARTESIAN_POINT('',(-0.12408704969401,-0.03107609839881,0.009));
#16866=CARTESIAN_POINT('',(-0.107733232108294,-0.033274410305915,0.009));
#16867=CARTESIAN_POINT('',(-0.107733232108294,-0.033274410305915,0.009));
#16868=CARTESIAN_POINT('',(-0.107586386400238,-0.0333070688419,0.009));
#16869=CARTESIAN_POINT('',(-0.107586386400238,-0.0333070688419,0.009));
#16870=CARTESIAN_POINT('',(-0.107439540692182,-0.0333397273778848,0.009));
#16871=CARTESIAN_POINT('',(-0.107439540692179,-0.0333397273778855,0.009));
#16872=CARTESIAN_POINT('',(-0.100054949779617,-0.03760780143894,0.009));
#16873=CARTESIAN_POINT('',(-0.100054949779617,-0.03760780143894,0.009));
#16874=CARTESIAN_POINT('',(-0.0926703588670158,-0.0418758755000147,0.009));
#16875=CARTESIAN_POINT('',(-0.0926703588670551,-0.041875875499992,0.009));
#16876=CARTESIAN_POINT('',(-0.092653616557945,-0.04188645671962,0.009));
#16877=CARTESIAN_POINT('',(-0.092653616557945,-0.04188645671962,0.009));
#16878=CARTESIAN_POINT('',(-0.0926368742488374,-0.0418970379392507,0.009));
#16879=CARTESIAN_POINT('',(-0.092636874248836,-0.0418970379392516,0.009));
#16880=CARTESIAN_POINT('',(-0.092467102417722,-0.04196230411669,0.009));
#16881=CARTESIAN_POINT('',(-0.092467102417722,-0.04196230411669,0.009));
#16882=CARTESIAN_POINT('',(-0.0922973305866229,-0.0420275702941234,0.009));
#16883=CARTESIAN_POINT('',(-0.0922973305866086,-0.0420275702941289,0.009));
#16884=CARTESIAN_POINT('',(-0.092284559979257,-0.04202976900233,0.009));
#16885=CARTESIAN_POINT('',(-0.092284559979257,-0.04202976900233,0.009));
#16886=CARTESIAN_POINT('',(-0.0922717893719132,-0.0420319677105358,0.009));
#16887=CARTESIAN_POINT('',(-0.0922717893719036,-0.0420319677105375,0.009));
#16888=CARTESIAN_POINT('',(-0.092259450810117,-0.04203593874192,0.009));
#16889=CARTESIAN_POINT('',(-0.092259450810117,-0.04203593874192,0.009));
#16890=CARTESIAN_POINT('',(-0.0922471122483184,-0.0420399097733034,0.009));
#16891=CARTESIAN_POINT('',(-0.092247112248329,-0.0420399097733,0.009));
#16892=CARTESIAN_POINT('',(-0.091967913246693,-0.04207211739609,0.009));
#16893=CARTESIAN_POINT('',(-0.091967913246693,-0.04207211739609,0.009));
#16894=CARTESIAN_POINT('',(-0.091688714245077,-0.0421043250188732,0.009));
#16895=CARTESIAN_POINT('',(-0.0916887142450566,-0.0421043250188756,0.009));
#16896=CARTESIAN_POINT('',(-0.091665942838559,-0.04210246122058,0.009));
#16897=CARTESIAN_POINT('',(-0.091665942838559,-0.04210246122058,0.009));
#16898=CARTESIAN_POINT('',(-0.0916431714320987,-0.0421005974222955,0.009));
#16899=CARTESIAN_POINT('',(-0.0916431714320616,-0.0421005974222925,0.009));
#16900=CARTESIAN_POINT('',(-0.091620333352305,-0.04210074781134,0.009));
#16901=CARTESIAN_POINT('',(-0.091620333352305,-0.04210074781134,0.009));
#16902=CARTESIAN_POINT('',(-0.0915974952725481,-0.042100898200381,0.009));
#16903=CARTESIAN_POINT('',(-0.091597495272549,-0.042100898200381,0.009));
#16904=CARTESIAN_POINT('',(-0.091319055693106,-0.04204737754083,0.009));
#16905=CARTESIAN_POINT('',(-0.091319055693106,-0.04204737754083,0.009));
#16906=CARTESIAN_POINT('',(-0.0910406161136741,-0.0419938568812808,0.009));
#16907=CARTESIAN_POINT('',(-0.0910406161136642,-0.0419938568812789,0.009));
#16908=CARTESIAN_POINT('',(-0.091015994914887,-0.04198384209117,0.009));
#16909=CARTESIAN_POINT('',(-0.091015994914887,-0.04198384209117,0.009));
#16910=CARTESIAN_POINT('',(-0.0909913737161527,-0.0419738273010828,0.009));
#16911=CARTESIAN_POINT('',(-0.0909913737161124,-0.0419738273010665,0.009));
#16912=CARTESIAN_POINT('',(-0.090966120047944,-0.04196551246998,0.009));
#16913=CARTESIAN_POINT('',(-0.090966120047944,-0.04196551246998,0.009));
#16914=CARTESIAN_POINT('',(-0.0909408663797798,-0.0419571976388887,0.009));
#16915=CARTESIAN_POINT('',(-0.0909408663797738,-0.0419571976388868,0.009));
#16916=CARTESIAN_POINT('',(-0.090694472305418,-0.04181790267922,0.009));
#16917=CARTESIAN_POINT('',(-0.090694472305418,-0.04181790267922,0.009));
#16918=CARTESIAN_POINT('',(-0.0904480782310628,-0.0416786077195564,0.009));
#16919=CARTESIAN_POINT('',(-0.0904480782310579,-0.0416786077195537,0.009));
#16920=CARTESIAN_POINT('',(-0.090443078603203,-0.04167430214916,0.009));
#16921=CARTESIAN_POINT('',(-0.090443078603203,-0.04167430214916,0.009));
#16922=CARTESIAN_POINT('',(-0.0904380789753527,-0.0416699965787733,0.009));
#16923=CARTESIAN_POINT('',(-0.0904380789753473,-0.0416699965787685,0.009));
#16924=CARTESIAN_POINT('',(-0.090432411758403,-0.04166662688221,0.009));
#16925=CARTESIAN_POINT('',(-0.090432411758403,-0.04166662688221,0.009));
#16926=CARTESIAN_POINT('',(-0.0904267445414578,-0.041663257185648,0.009));
#16927=CARTESIAN_POINT('',(-0.090426744541461,-0.0416632571856499,0.009));
#16928=CARTESIAN_POINT('',(-0.09031819254417,-0.04156556038809,0.009));
#16929=CARTESIAN_POINT('',(-0.09031819254417,-0.04156556038809,0.009));
#16930=CARTESIAN_POINT('',(-0.0902096405468408,-0.0414678635904938,0.009));
#16931=CARTESIAN_POINT('',(-0.0902096405468755,-0.041467863590525,0.009));
#16932=CARTESIAN_POINT('',(-0.090194043006077,-0.0414550266297,0.009));
#16933=CARTESIAN_POINT('',(-0.090194043006077,-0.0414550266297,0.009));
#16934=CARTESIAN_POINT('',(-0.0901784454652729,-0.0414421896688758,0.009));
#16935=CARTESIAN_POINT('',(-0.0901784454652756,-0.041442189668878,0.009));
#16936=CARTESIAN_POINT('',(-0.090078574729975,-0.04132014064829,0.009));
#16937=CARTESIAN_POINT('',(-0.090078574729975,-0.04132014064829,0.009));
#16938=CARTESIAN_POINT('',(-0.0899787039946863,-0.0411980916277144,0.009));
#16939=CARTESIAN_POINT('',(-0.0899787039946751,-0.0411980916277008,0.009));
#16940=CARTESIAN_POINT('',(-0.089966349386023,-0.04118398647732,0.009));
#16941=CARTESIAN_POINT('',(-0.089966349386023,-0.04118398647732,0.009));
#16942=CARTESIAN_POINT('',(-0.0899539947773718,-0.0411698813269385,0.009));
#16943=CARTESIAN_POINT('',(-0.0899539947773664,-0.0411698813269323,0.009));
#16944=CARTESIAN_POINT('',(-0.083109076164612,-0.02929665418348,0.009));
#16945=CARTESIAN_POINT('',(-0.083109076164612,-0.02929665418348,0.009));
#16946=CARTESIAN_POINT('',(-0.077784253180623,-0.02006019187263,0.009));
#16947=CARTESIAN_POINT('',(-0.077784253180623,-0.02006019187263,0.009));
#16948=CARTESIAN_POINT('',(-0.0776051081927642,-0.0197494461570425,0.009));
#16949=CARTESIAN_POINT('',(-0.0772180979897575,-0.0190781364882077,0.00912814023999809));
#16950=CARTESIAN_POINT('',(-0.0766772788765771,-0.0181400291800592,0.00981531974088292));
#16951=CARTESIAN_POINT('',(-0.0763290860247526,-0.0175360522661871,0.0108826587351124));
#16952=CARTESIAN_POINT('',(-0.0762641575518558,-0.017423427040031,0.0116464466094067));
#16953=CARTESIAN_POINT('',(-0.0762641575518557,-0.0174234270400309,0.012));
#16954=CARTESIAN_POINT('',(-0.0762641575518539,-0.0174234270400278,0.012));
#16955=CARTESIAN_POINT('',(-0.0762641575518557,-0.017423427040031,0.009));
#16956=CARTESIAN_POINT('',(-0.074535687805523,-0.1648231956365,0.009));
#16957=CARTESIAN_POINT('',(-0.098953124380256,-0.1648231956365,0.009));
#16958=CARTESIAN_POINT('',(-0.076335380513904,-0.02059496275523,0.009));
#16959=CARTESIAN_POINT('',(-0.095953124380256,0.038329003211396,0.0165));
#16960=CARTESIAN_POINT('',(-0.095953124380256,0.038329003211396,0.0135));
#16961=CARTESIAN_POINT('',(-0.095953124380256,0.038329003211396,0.012));
#16962=CARTESIAN_POINT('',(-0.075539721218496,-0.01769081248133,0.0165));
#16963=CARTESIAN_POINT('',(-0.075539721218496,-0.01769081248133,0.0135));
#16964=CARTESIAN_POINT('',(-0.0762641575518575,-0.017423427040027,0.0135));
#16965=CARTESIAN_POINT('',(-0.076264157551855,-0.0174234270400272,0.0165));
#16966=CARTESIAN_POINT('',(-0.0755397212184961,-0.0176908124813262,0.012));
#16967=CARTESIAN_POINT('',(-0.076257982231268,-0.01741547867433,0.0165));
#16968=CARTESIAN_POINT('',(-0.07626415755186,-0.0174234270400267,0.0135));
#16969=CARTESIAN_POINT('',(-0.07626415755186,-0.0174234270400266,0.0136131072653578));
#16970=CARTESIAN_POINT('',(-0.0762600274938487,-0.0174181111684159,0.0137263949723855));
#16971=CARTESIAN_POINT('',(-0.0762518069106818,-0.0174075303086409,0.0138387787327853));
#16972=CARTESIAN_POINT('',(-0.0762518069106801,-0.0174075303086419,0.0138387787327853));
#16973=CARTESIAN_POINT('',(-0.0762518069106818,-0.0174075303086409,0.0165));
#16974=CARTESIAN_POINT('',(-0.076172298674954,-0.01724867726625,0.0165));
#16975=CARTESIAN_POINT('',(-0.0762518069106784,-0.017407530308643,0.0138387787327853));
#16976=CARTESIAN_POINT('',(-0.0762320827988891,-0.0173681226279457,0.014224157489437));
#16977=CARTESIAN_POINT('',(-0.0761770647317098,-0.0172581995831394,0.0146077581648307));
#16978=CARTESIAN_POINT('',(-0.0760927904392273,-0.0170898242238525,0.0149474840904021));
#16979=CARTESIAN_POINT('',(-0.076092790439229,-0.0170898242238559,0.0149474840903939));
#16980=CARTESIAN_POINT('',(-0.0760927904392273,-0.0170898242238525,0.0165));
#16981=CARTESIAN_POINT('',(-0.076092660821767,-0.01708935186589,0.0165));
#16982=CARTESIAN_POINT('',(-0.0760927904392283,-0.0170898242238508,0.0149474840904015));
#16983=CARTESIAN_POINT('',(-0.0760925312043069,-0.0170888795079359,0.0149492545317121));
#16984=CARTESIAN_POINT('',(-0.0760925312043059,-0.0170888795079302,0.0165));
#16985=CARTESIAN_POINT('',(-0.07609230270529,-0.01708843462078,0.0165));
#16986=CARTESIAN_POINT('',(-0.0760925312043044,-0.0170888795079323,0.0149492545317207));
#16987=CARTESIAN_POINT('',(-0.0760920742062728,-0.0170879897336211,0.0149510528010963));
#16988=CARTESIAN_POINT('',(-0.0760920742062725,-0.0170879897336217,0.0165));
#16989=CARTESIAN_POINT('',(-0.076051098702233,-0.01694451160334,0.0165));
#16990=CARTESIAN_POINT('',(-0.0760920742062731,-0.0170879897336206,0.0149510528010962));
#16991=CARTESIAN_POINT('',(-0.0760684538282206,-0.0170052815947244,0.0151062572961112));
#16992=CARTESIAN_POINT('',(-0.0760409216559602,-0.0169088760790139,0.0152544036019625));
#16993=CARTESIAN_POINT('',(-0.0760101231981929,-0.0168010334730593,0.0153920183374534));
#16994=CARTESIAN_POINT('',(-0.0760101231981896,-0.0168010334730478,0.0153920183374653));
#16995=CARTESIAN_POINT('',(-0.0760101231981929,-0.0168010334730593,0.0165));
#16996=CARTESIAN_POINT('',(-0.076003456354072,-0.016782074818,0.0165));
#16997=CARTESIAN_POINT('',(-0.0752376959317893,-0.0146044646267973,0.0135));
#16998=CARTESIAN_POINT('',(-0.0759967895099521,-0.0167631161629498,0.0154404247559468));
#16999=CARTESIAN_POINT('',(-0.0759967895099529,-0.0167631161629501,0.0165));
#17000=CARTESIAN_POINT('',(-0.075954644539153,-0.01646797129029,0.0165));
#17001=CARTESIAN_POINT('',(-0.0759967895099514,-0.0167631161629496,0.0154404247559476));
#17002=CARTESIAN_POINT('',(-0.0759722709417805,-0.01659141051116,0.0156403690718543));
#17003=CARTESIAN_POINT('',(-0.0759436894117233,-0.0163912515861603,0.0158193967912972));
#17004=CARTESIAN_POINT('',(-0.0759124995683545,-0.0161728264176297,0.0159683963510954));
#17005=CARTESIAN_POINT('',(-0.0759124995683546,-0.0161728264176296,0.0159683963510955));
#17006=CARTESIAN_POINT('',(-0.0759124995683545,-0.0161728264176297,0.0165));
#17007=CARTESIAN_POINT('',(-0.075920694467786,-0.01602265083821,0.0165));
#17008=CARTESIAN_POINT('',(-0.0759124995683546,-0.0161728264176296,0.0159683963510954));
#17009=CARTESIAN_POINT('',(-0.0759177738318691,-0.0160761729338455,0.0160297664595125));
#17010=CARTESIAN_POINT('',(-0.0759232530355605,-0.0159757638201032,0.0160864148020085));
#17011=CARTESIAN_POINT('',(-0.0759288893672174,-0.0158724752587899,0.0161378470581168));
#17012=CARTESIAN_POINT('',(-0.0759288893672175,-0.0158724752587879,0.0161378470581178));
#17013=CARTESIAN_POINT('',(-0.0759288893672174,-0.0158724752587899,0.0165));
#17014=CARTESIAN_POINT('',(-0.075934301827431,-0.01586525966655,0.0165));
#17015=CARTESIAN_POINT('',(-0.0775088137004035,-0.0137662076277372,0.0135));
#17016=CARTESIAN_POINT('',(-0.07592758113368,0.03608372469913,0.0165));
#17017=CARTESIAN_POINT('',(-0.07592758113368,0.03608372469913,0.0165));
#17018=CARTESIAN_POINT('',(-0.0759154479797158,0.0361019247158717,0.0165));
#17019=CARTESIAN_POINT('',(-0.0759154479797157,0.0361019247158718,0.0165));
#17020=CARTESIAN_POINT('',(-0.075915602160936,0.036252320787012,0.0165));
#17021=CARTESIAN_POINT('',(-0.075915602160936,0.036252320787012,0.0165));
#17022=CARTESIAN_POINT('',(-0.0759157563421561,0.0364027168581512,0.0165));
#17023=CARTESIAN_POINT('',(-0.0759157563421561,0.036402716858152,0.0165));
#17024=CARTESIAN_POINT('',(-0.075945475637958,0.03655131333716,0.0165));
#17025=CARTESIAN_POINT('',(-0.075945475637958,0.03655131333716,0.0165));
#17026=CARTESIAN_POINT('',(-0.0759751949337595,0.0366999098161679,0.0165));
#17027=CARTESIAN_POINT('',(-0.0759751949337596,0.0366999098161681,0.0165));
#17028=CARTESIAN_POINT('',(-0.075984306644305,0.036721846898265,0.0165));
#17029=CARTESIAN_POINT('',(-0.075984306644305,0.036721846898265,0.0165));
#17030=CARTESIAN_POINT('',(-0.0759934183548504,0.0367437839803623,0.0165));
#17031=CARTESIAN_POINT('',(-0.0759934183548508,0.0367437839803631,0.0165));
#17032=CARTESIAN_POINT('',(-0.076000676202137,0.036766401959656,0.0165));
#17033=CARTESIAN_POINT('',(-0.076000676202137,0.036766401959656,0.0165));
#17034=CARTESIAN_POINT('',(-0.0760079340494232,0.0367890199389483,0.0165));
#17035=CARTESIAN_POINT('',(-0.0760079340494231,0.036789019938948,0.0165));
#17036=CARTESIAN_POINT('',(-0.076081885698088,0.03692222511786,0.0165));
#17037=CARTESIAN_POINT('',(-0.076081885698088,0.03692222511786,0.0165));
#17038=CARTESIAN_POINT('',(-0.0761558373467525,0.037055430296771,0.0165));
#17039=CARTESIAN_POINT('',(-0.0761558373467524,0.0370554302967708,0.0165));
#17040=CARTESIAN_POINT('',(-0.076176825361175,0.037080194029719,0.0165));
#17041=CARTESIAN_POINT('',(-0.076176825361175,0.037080194029719,0.0165));
#17042=CARTESIAN_POINT('',(-0.0761978133755987,0.0371049577626684,0.0165));
#17043=CARTESIAN_POINT('',(-0.0761978133755977,0.0371049577626672,0.0165));
#17044=CARTESIAN_POINT('',(-0.07621787009934,0.037130464802841,0.0165));
#17045=CARTESIAN_POINT('',(-0.07621787009934,0.037130464802841,0.0165));
#17046=CARTESIAN_POINT('',(-0.0762379268230812,0.0371559718430136,0.0165));
#17047=CARTESIAN_POINT('',(-0.0762379268230817,0.0371559718430143,0.0165));
#17048=CARTESIAN_POINT('',(-0.076347027286567,0.03724940413421,0.0165));
#17049=CARTESIAN_POINT('',(-0.076347027286567,0.03724940413421,0.0165));
#17050=CARTESIAN_POINT('',(-0.0764561277500514,0.0373428364254055,0.0165));
#17051=CARTESIAN_POINT('',(-0.0764561277500514,0.0373428364254055,0.0165));
#17052=CARTESIAN_POINT('',(-0.076486516617901,0.037359909250311,0.0165));
#17053=CARTESIAN_POINT('',(-0.076486516617901,0.037359909250311,0.0165));
#17054=CARTESIAN_POINT('',(-0.076516905485733,0.0373769820752067,0.0165));
#17055=CARTESIAN_POINT('',(-0.0765169054857503,0.0373769820752164,0.0165));
#17056=CARTESIAN_POINT('',(-0.076546876779983,0.037394778482034,0.0165));
#17057=CARTESIAN_POINT('',(-0.076546876779983,0.037394778482034,0.0165));
#17058=CARTESIAN_POINT('',(-0.076576848074216,0.0374125748888507,0.0165));
#17059=CARTESIAN_POINT('',(-0.0765768480742169,0.0374125748888512,0.0165));
#17060=CARTESIAN_POINT('',(-0.076779587594633,0.037484177630544,0.0165));
#17061=CARTESIAN_POINT('',(-0.076779587594633,0.037484177630544,0.0165));
#17062=CARTESIAN_POINT('',(-0.0769823271150507,0.0375557803722378,0.0165));
#17063=CARTESIAN_POINT('',(-0.0769823271150498,0.0375557803722375,0.0165));
#17064=CARTESIAN_POINT('',(-0.077011508889461,0.037559989516535,0.0165));
#17065=CARTESIAN_POINT('',(-0.077011508889461,0.037559989516535,0.0165));
#17066=CARTESIAN_POINT('',(-0.0770406906638816,0.0375641986608335,0.0165));
#17067=CARTESIAN_POINT('',(-0.0770406906638729,0.0375641986608323,0.0165));
#17068=CARTESIAN_POINT('',(-0.077069611957196,0.037569935518967,0.0165));
#17069=CARTESIAN_POINT('',(-0.077069611957196,0.037569935518967,0.0165));
#17070=CARTESIAN_POINT('',(-0.074535687805523,-0.1648231956365,0.0165));
#17071=CARTESIAN_POINT('',(-0.092953124380256,-0.1648231956365,0.0165));
#17072=CARTESIAN_POINT('',(-0.0258226351031296,-0.032843290094609,0.0165));
#17073=CARTESIAN_POINT('',(-0.098953124380256,-0.1648231956365,0.012));
#17074=CARTESIAN_POINT('',(-0.092953124380256,0.038329003211396,0.0135));
#17075=CARTESIAN_POINT('',(-0.076578505868571,-0.02050522653238,0.012));
#17076=CARTESIAN_POINT('',(-0.02582263510313,-0.03284329009461,0.0135));
#17077=CARTESIAN_POINT('',(-0.18647174938499,0.01667239679347,-0.0254));
#17078=CARTESIAN_POINT('',(-0.18656485580191,0.0167062536723501,-0.0254));
#17079=CARTESIAN_POINT('',(-0.18637864296807,0.01663853991459,-0.0254));
#17080=CARTESIAN_POINT('',(-0.18660929295544,0.01672741422165,-0.0254));
#17081=CARTESIAN_POINT('',(-0.18665373010897,0.01674857477095,-0.0254));
#17082=CARTESIAN_POINT('',(-0.18673414019631,0.01680359219913,-0.0254));
#17083=CARTESIAN_POINT('',(-0.18681455028365,0.01685860962731,-0.0254));
#17084=CARTESIAN_POINT('',(-0.18694574568931,0.01701096558227,-0.0254));
#17085=CARTESIAN_POINT('',(-0.18707694109497,0.01716332153723,-0.0254));
#17086=CARTESIAN_POINT('',(-0.18711926219357,0.01725642795415,-0.0254));
#17087=CARTESIAN_POINT('',(-0.18716158329217,0.01734953437107,-0.0254));
#17088=CARTESIAN_POINT('',(-0.18719544017105,0.01754421142463,-0.0254));
#17089=CARTESIAN_POINT('',(-0.18722929704993,0.01773888847819,-0.0254));
#17090=CARTESIAN_POINT('',(-0.18719544017105,0.01793779764161,-0.0254));
#17091=CARTESIAN_POINT('',(-0.18716158329217,0.01813670680503,-0.0254));
#17092=CARTESIAN_POINT('',(-0.18711926219357,0.01822558111209,-0.0254));
#17093=CARTESIAN_POINT('',(-0.18707694109497,0.01831445541915,-0.0254));
#17094=CARTESIAN_POINT('',(-0.18704731632595,0.01835677651775,-0.0254));
#17095=CARTESIAN_POINT('',(-0.18701769155693,0.01839909761635,-0.0254));
#17096=CARTESIAN_POINT('',(-0.1869520938541,0.01847739164876,-0.0254));
#17097=CARTESIAN_POINT('',(-0.18688649615127,0.01855568568117,-0.0254));
#17098=CARTESIAN_POINT('',(-0.18681031817379,0.01861916732907,-0.0254));
#17099=CARTESIAN_POINT('',(-0.18673414019631,0.01868264897697,-0.0254));
#17100=CARTESIAN_POINT('',(-0.18669393515264,0.01871015769106,-0.0254));
#17101=CARTESIAN_POINT('',(-0.18665373010897,0.01873766640515,-0.0254));
#17102=CARTESIAN_POINT('',(-0.18646751727513,0.01880538016291,-0.0254));
#17103=CARTESIAN_POINT('',(-0.18628130444129,0.0188730939206701,-0.0254));
#17104=CARTESIAN_POINT('',(-0.18623051912297,0.01887732603053,-0.0254));
#17105=CARTESIAN_POINT('',(-0.18617973380464,0.0188815581403908,-0.0254));
#17106=CARTESIAN_POINT('',(-0.18607816316801,0.01888155814039,-0.0254));
#17107=CARTESIAN_POINT('',(-0.18597659253137,0.01888155814039,-0.0254));
#17108=CARTESIAN_POINT('',(-0.18587925400459,0.01886462970095,-0.0254));
#17109=CARTESIAN_POINT('',(-0.18578191547781,0.01884770126151,-0.0254));
#17110=CARTESIAN_POINT('',(-0.18564860401722,0.01878633566854,-0.0254));
#17111=CARTESIAN_POINT('',(-0.18551529255663,0.01872497007557,-0.0254));
#17112=CARTESIAN_POINT('',(-0.18546873934817,0.01870380952627,-0.0254));
#17113=CARTESIAN_POINT('',(-0.18542218613971,0.01868264897697,-0.0254));
#17114=CARTESIAN_POINT('',(-0.18538198109604,0.01865514026288,-0.0254));
#17115=CARTESIAN_POINT('',(-0.18534177605237,0.01862763154879,-0.0254));
#17116=CARTESIAN_POINT('',(-0.18526983018475,0.01855568568117,-0.0254));
#17117=CARTESIAN_POINT('',(-0.18519788431713,0.01848373981355,-0.0254));
#17118=CARTESIAN_POINT('',(-0.18514709899881,0.01839698156142,-0.0254));
#17119=CARTESIAN_POINT('',(-0.18509631368049,0.01831022330929,-0.0254));
#17120=CARTESIAN_POINT('',(-0.18503283203259,0.01817479579377,-0.0254));
#17121=CARTESIAN_POINT('',(-0.18496935038469,0.01803936827825,-0.0254));
#17122=CARTESIAN_POINT('',(-0.18495242194525,0.01793991369654,-0.0254));
#17123=CARTESIAN_POINT('',(-0.18493549350581,0.01784045911483,-0.0254));
#17124=CARTESIAN_POINT('',(-0.18493126139595,0.01778967379651,-0.0254));
#17125=CARTESIAN_POINT('',(-0.18492702928609,0.01773888847819,-0.0254));
#17126=CARTESIAN_POINT('',(-0.18493549350581,0.01764154995141,-0.0254));
#17127=CARTESIAN_POINT('',(-0.18494395772553,0.01754421142463,-0.0254));
#17128=CARTESIAN_POINT('',(-0.18495665405511,0.01749554216124,-0.0254));
#17129=CARTESIAN_POINT('',(-0.18496935038469,0.01744687289785,-0.0254));
#17130=CARTESIAN_POINT('',(-0.18500320726357,0.017351650426,-0.0254));
#17131=CARTESIAN_POINT('',(-0.18503706414245,0.01725642795415,-0.0254));
#17132=CARTESIAN_POINT('',(-0.18508784946077,0.01716966970202,-0.0254));
#17133=CARTESIAN_POINT('',(-0.18513863477909,0.01708291144989,-0.0254));
#17134=CARTESIAN_POINT('',(-0.18516825954811,0.01704270640622,-0.0254));
#17135=CARTESIAN_POINT('',(-0.18519788431713,0.01700250136255,-0.0254));
#17136=CARTESIAN_POINT('',(-0.18523385725094,0.01696652842874,-0.0254));
#17137=CARTESIAN_POINT('',(-0.18526983018475,0.01693055549493,-0.0254));
#17138=CARTESIAN_POINT('',(-0.18534600816223,0.01686707384703,-0.0254));
#17139=CARTESIAN_POINT('',(-0.18542218613971,0.01680359219913,-0.0254));
#17140=CARTESIAN_POINT('',(-0.18550894439184,0.01675492293574,-0.0254));
#17141=CARTESIAN_POINT('',(-0.18559570264397,0.0167062536723501,-0.0254));
#17142=CARTESIAN_POINT('',(-0.18564225585243,0.01668509312305,-0.0254));
#17143=CARTESIAN_POINT('',(-0.18568880906089,0.01666393257375,-0.0254));
#17144=CARTESIAN_POINT('',(-0.18588348611445,0.01663007569487,-0.0254));
#17145=CARTESIAN_POINT('',(-0.18607816316801,0.01659621881599,-0.0254));
#17146=CARTESIAN_POINT('',(-0.18617973380465,0.01660468303571,-0.0254));
#17147=CARTESIAN_POINT('',(-0.18628130444129,0.01661314725543,-0.0254));
#17148=CARTESIAN_POINT('',(-0.18632997370468,0.01662584358501,-0.0254));
#17149=CARTESIAN_POINT('',(-0.18521058064671,1.481238451001E-5,-0.0254));
#17150=CARTESIAN_POINT('',(-0.18534177605237,-0.00013754357044995,-0.0254));
#17151=CARTESIAN_POINT('',(-0.18507938524105,0.00016716833947003,-0.0254));
#17152=CARTESIAN_POINT('',(-0.18538198109604,-0.00016716833947,-0.0254));
#17153=CARTESIAN_POINT('',(-0.18542218613971,-0.000196793108490014,-0.0254));
#17154=CARTESIAN_POINT('',(-0.18550894439184,-0.00024757842681,-0.0254));
#17155=CARTESIAN_POINT('',(-0.18559570264397,-0.000298363745130003,-0.0254));
#17156=CARTESIAN_POINT('',(-0.18564225585243,-0.00031952429443,-0.0254));
#17157=CARTESIAN_POINT('',(-0.18568880906089,-0.000340684843729986,-0.0254));
#17158=CARTESIAN_POINT('',(-0.18573536226935,-0.00035338117331,-0.0254));
#17159=CARTESIAN_POINT('',(-0.18578191547781,-0.000366077502889993,-0.0254));
#17160=CARTESIAN_POINT('',(-0.18587925400459,-0.00038300594233,-0.0254));
#17161=CARTESIAN_POINT('',(-0.18597659253137,-0.000399934381769971,-0.0254));
#17162=CARTESIAN_POINT('',(-0.18602737784969,-0.00040416649163,-0.0254));
#17163=CARTESIAN_POINT('',(-0.18607816316801,-0.000408398601489999,-0.0254));
#17164=CARTESIAN_POINT('',(-0.18612894848633,-0.00040416649163,-0.0254));
#17165=CARTESIAN_POINT('',(-0.18617973380465,-0.000399934381769991,-0.0254));
#17166=CARTESIAN_POINT('',(-0.18627918838636,-0.00038300594233,-0.0254));
#17167=CARTESIAN_POINT('',(-0.18637864296807,-0.000366077502890034,-0.0254));
#17168=CARTESIAN_POINT('',(-0.18642731223146,-0.00035338117331,-0.0254));
#17169=CARTESIAN_POINT('',(-0.18647598149485,-0.000340684843730003,-0.0254));
#17170=CARTESIAN_POINT('',(-0.18664526588925,-0.00023911420709,-0.0254));
#17171=CARTESIAN_POINT('',(-0.18681455028365,-0.00013754357044997,-0.0254));
#17172=CARTESIAN_POINT('',(-0.18685052321746,-0.00010157063664,-0.0254));
#17173=CARTESIAN_POINT('',(-0.18688649615127,-6.55977028299641E-5,-0.0254));
#17174=CARTESIAN_POINT('',(-0.1869520938541,1.058027465002E-5,-0.0254));
#17175=CARTESIAN_POINT('',(-0.18701769155693,8.67582521299951E-5,-0.0254));
#17176=CARTESIAN_POINT('',(-0.18706847687525,0.00017351650426,-0.0254));
#17177=CARTESIAN_POINT('',(-0.18711926219357,0.00026027475639,-0.0254));
#17178=CARTESIAN_POINT('',(-0.18714042274287,0.00030682796485,-0.0254));
#17179=CARTESIAN_POINT('',(-0.18716158329217,0.000353381173310007,-0.0254));
#17180=CARTESIAN_POINT('',(-0.18717427962175,0.00039993438177,-0.0254));
#17181=CARTESIAN_POINT('',(-0.18718697595133,0.000446487590230003,-0.0254));
#17182=CARTESIAN_POINT('',(-0.18720390439077,0.00054382611701,-0.0254));
#17183=CARTESIAN_POINT('',(-0.18722083283021,0.000641164643790005,-0.0254));
#17184=CARTESIAN_POINT('',(-0.18722083283021,0.00074273528043,-0.0254));
#17185=CARTESIAN_POINT('',(-0.18722083283021,0.00084430591707,-0.0254));
#17186=CARTESIAN_POINT('',(-0.18720390439077,0.00094164444385,-0.0254));
#17187=CARTESIAN_POINT('',(-0.18718697595133,0.00103898297063,-0.0254));
#17188=CARTESIAN_POINT('',(-0.18715311907245,0.00113208938755,-0.0254));
#17189=CARTESIAN_POINT('',(-0.18711926219357,0.00122519580446998,-0.0254));
#17190=CARTESIAN_POINT('',(-0.18706847687525,0.0013119540566,-0.0254));
#17191=CARTESIAN_POINT('',(-0.18701769155693,0.00139871230873,-0.0254));
#17192=CARTESIAN_POINT('',(-0.1869520938541,0.00147489028621,-0.0254));
#17193=CARTESIAN_POINT('',(-0.18688649615127,0.00155106826368998,-0.0254));
#17194=CARTESIAN_POINT('',(-0.18685052321746,0.0015870411975,-0.0254));
#17195=CARTESIAN_POINT('',(-0.18681455028365,0.00162301413131,-0.0254));
#17196=CARTESIAN_POINT('',(-0.18664526588925,0.00172458476795,-0.0254));
#17197=CARTESIAN_POINT('',(-0.18647598149485,0.00182615540459003,-0.0254));
#17198=CARTESIAN_POINT('',(-0.18627707233143,0.00186001228347,-0.0254));
#17199=CARTESIAN_POINT('',(-0.18607816316801,0.00189386916234993,-0.0254));
#17200=CARTESIAN_POINT('',(-0.18597659253137,0.00188540494263,-0.0254));
#17201=CARTESIAN_POINT('',(-0.18587502189473,0.00187694072291001,-0.0254));
#17202=CARTESIAN_POINT('',(-0.18568880906089,0.00180922696515,-0.0254));
#17203=CARTESIAN_POINT('',(-0.18550259622705,0.00174151320738992,-0.0254));
#17204=CARTESIAN_POINT('',(-0.18546239118338,0.00171188843837,-0.0254));
#17205=CARTESIAN_POINT('',(-0.18542218613971,0.00168226366934998,-0.0254));
#17206=CARTESIAN_POINT('',(-0.18534600816223,0.00161666596652,-0.0254));
#17207=CARTESIAN_POINT('',(-0.18526983018475,0.00155106826368998,-0.0254));
#17208=CARTESIAN_POINT('',(-0.18523385725094,0.00151509532988,-0.0254));
#17209=CARTESIAN_POINT('',(-0.18519788431713,0.00147912239607,-0.0254));
#17210=CARTESIAN_POINT('',(-0.18513863477909,0.00139871230873,-0.0254));
#17211=CARTESIAN_POINT('',(-0.18507938524105,0.00131830222139002,-0.0254));
#17212=CARTESIAN_POINT('',(-0.18501167148329,0.00113208938755,-0.0254));
#17213=CARTESIAN_POINT('',(-0.18494395772553,0.000945876553710028,-0.0254));
#17214=CARTESIAN_POINT('',(-0.18493549350581,0.00084430591707,-0.0254));
#17215=CARTESIAN_POINT('',(-0.18492702928609,0.000742735280429999,-0.0254));
#17216=CARTESIAN_POINT('',(-0.18493549350581,0.00064116464379,-0.0254));
#17217=CARTESIAN_POINT('',(-0.18494395772553,0.00053959400715,-0.0254));
#17218=CARTESIAN_POINT('',(-0.18501167148329,0.00035338117331,-0.0254));
#17219=CARTESIAN_POINT('',(-0.14410409757653,-0.0143468524254,-0.0254));
#17220=CARTESIAN_POINT('',(-0.14413795445541,-0.01444207489725,-0.0254));
#17221=CARTESIAN_POINT('',(-0.14407024069765,-0.01425162995355,-0.0254));
#17222=CARTESIAN_POINT('',(-0.14415911500471,-0.01448862810571,-0.0254));
#17223=CARTESIAN_POINT('',(-0.14418027555401,-0.01453518131417,-0.0254));
#17224=CARTESIAN_POINT('',(-0.14431147095967,-0.01468753726913,-0.0254));
#17225=CARTESIAN_POINT('',(-0.14444266636533,-0.0148398932240899,-0.0254));
#17226=CARTESIAN_POINT('',(-0.14461195075973,-0.01493723175087,-0.0254));
#17227=CARTESIAN_POINT('',(-0.14478123515413,-0.01503457027765,-0.0254));
#17228=CARTESIAN_POINT('',(-0.14498014431755,-0.01507265926639,-0.0254));
#17229=CARTESIAN_POINT('',(-0.14517905348097,-0.01511074825513,-0.0254));
#17230=CARTESIAN_POINT('',(-0.14522983879929,-0.01510651614527,-0.0254));
#17231=CARTESIAN_POINT('',(-0.14528062411761,-0.01510228403541,-0.0254));
#17232=CARTESIAN_POINT('',(-0.14537796264439,-0.01508323954104,-0.0254));
#17233=CARTESIAN_POINT('',(-0.14547530117117,-0.0150641950466699,-0.0254));
#17234=CARTESIAN_POINT('',(-0.14552185437963,-0.01504938266216,-0.0254));
#17235=CARTESIAN_POINT('',(-0.14556840758809,-0.01503457027765,-0.0254));
#17236=CARTESIAN_POINT('',(-0.14561496079655,-0.01501340972835,-0.0254));
#17237=CARTESIAN_POINT('',(-0.14566151400501,-0.01499224917905,-0.0254));
#17238=CARTESIAN_POINT('',(-0.14574827225714,-0.01494357991566,-0.0254));
#17239=CARTESIAN_POINT('',(-0.14583503050927,-0.01489491065227,-0.0254));
#17240=CARTESIAN_POINT('',(-0.14587523555294,-0.01486740193818,-0.0254));
#17241=CARTESIAN_POINT('',(-0.14591544059661,-0.01483989322409,-0.0254));
#17242=CARTESIAN_POINT('',(-0.14595141353042,-0.01480392029028,-0.0254));
#17243=CARTESIAN_POINT('',(-0.14598738646423,-0.01476794735647,-0.0254));
#17244=CARTESIAN_POINT('',(-0.14605298416706,-0.01469176937899,-0.0254));
#17245=CARTESIAN_POINT('',(-0.14611858186989,-0.01461559140151,-0.0254));
#17246=CARTESIAN_POINT('',(-0.14616936718821,-0.01452883314938,-0.0254));
#17247=CARTESIAN_POINT('',(-0.14622015250653,-0.01444207489725,-0.0254));
#17248=CARTESIAN_POINT('',(-0.14625400938541,-0.0143468524254,-0.0254));
#17249=CARTESIAN_POINT('',(-0.14628786626429,-0.01425162995355,-0.0254));
#17250=CARTESIAN_POINT('',(-0.14630056259387,-0.01420296069016,-0.0254));
#17251=CARTESIAN_POINT('',(-0.14631325892345,-0.01415429142677,-0.0254));
#17252=CARTESIAN_POINT('',(-0.14631749103331,-0.01410562216338,-0.0254));
#17253=CARTESIAN_POINT('',(-0.14632172314317,-0.01405695289999,-0.0254));
#17254=CARTESIAN_POINT('',(-0.14632172314317,-0.01395749831828,-0.0254));
#17255=CARTESIAN_POINT('',(-0.14632172314317,-0.01385804373657,-0.0254));
#17256=CARTESIAN_POINT('',(-0.14630479470373,-0.01375858915486,-0.0254));
#17257=CARTESIAN_POINT('',(-0.14628786626429,-0.01365913457315,-0.0254));
#17258=CARTESIAN_POINT('',(-0.14627516993471,-0.01361046530976,-0.0254));
#17259=CARTESIAN_POINT('',(-0.14626247360513,-0.01356179604637,-0.0254));
#17260=CARTESIAN_POINT('',(-0.14624131305583,-0.01351735889284,-0.0254));
#17261=CARTESIAN_POINT('',(-0.14622015250653,-0.01347292173931,-0.0254));
#17262=CARTESIAN_POINT('',(-0.14616936718821,-0.01338616348718,-0.0254));
#17263=CARTESIAN_POINT('',(-0.14611858186989,-0.01329940523505,-0.0254));
#17264=CARTESIAN_POINT('',(-0.14608895710087,-0.01325708413645,-0.0254));
#17265=CARTESIAN_POINT('',(-0.14605933233185,-0.01321476303785,-0.0254));
#17266=CARTESIAN_POINT('',(-0.14602335939804,-0.01318090615897,-0.0254));
#17267=CARTESIAN_POINT('',(-0.14598738646423,-0.01314704928009,-0.0254));
#17268=CARTESIAN_POINT('',(-0.14591120848675,-0.01308356763219,-0.0254));
#17269=CARTESIAN_POINT('',(-0.14583503050927,-0.0130200859842899,-0.0254));
#17270=CARTESIAN_POINT('',(-0.1457948254656,-0.01299046121527,-0.0254));
#17271=CARTESIAN_POINT('',(-0.14575462042193,-0.01296083644625,-0.0254));
#17272=CARTESIAN_POINT('',(-0.14556840758809,-0.01289312268849,-0.0254));
#17273=CARTESIAN_POINT('',(-0.14538219475425,-0.0128254089307299,-0.0254));
#17274=CARTESIAN_POINT('',(-0.14533140943593,-0.01282117682087,-0.0254));
#17275=CARTESIAN_POINT('',(-0.14528062411761,-0.01281694471101,-0.0254));
#17276=CARTESIAN_POINT('',(-0.14517905348097,-0.01281694471101,-0.0254));
#17277=CARTESIAN_POINT('',(-0.14507748284433,-0.01281694471101,-0.0254));
#17278=CARTESIAN_POINT('',(-0.14502669752601,-0.01282117682087,-0.0254));
#17279=CARTESIAN_POINT('',(-0.14497591220769,-0.01282540893073,-0.0254));
#17280=CARTESIAN_POINT('',(-0.14487857368091,-0.01285080158989,-0.0254));
#17281=CARTESIAN_POINT('',(-0.14478123515413,-0.01287619424905,-0.0254));
#17282=CARTESIAN_POINT('',(-0.1447367980006,-0.01289735479835,-0.0254));
#17283=CARTESIAN_POINT('',(-0.14469236084707,-0.01291851534765,-0.0254));
#17284=CARTESIAN_POINT('',(-0.14460771864987,-0.01296930066597,-0.0254));
#17285=CARTESIAN_POINT('',(-0.14452307645267,-0.0130200859842901,-0.0254));
#17286=CARTESIAN_POINT('',(-0.14444689847519,-0.01308356763219,-0.0254));
#17287=CARTESIAN_POINT('',(-0.14437072049771,-0.01314704928009,-0.0254));
#17288=CARTESIAN_POINT('',(-0.1443347475639,-0.01318090615897,-0.0254));
#17289=CARTESIAN_POINT('',(-0.14429877463009,-0.01321476303785,-0.0254));
#17290=CARTESIAN_POINT('',(-0.14423952509205,-0.01329940523505,-0.0254));
#17291=CARTESIAN_POINT('',(-0.14418027555401,-0.01338404743225,-0.0254));
#17292=CARTESIAN_POINT('',(-0.14411256179625,-0.01357026026609,-0.0254));
#17293=CARTESIAN_POINT('',(-0.14404484803849,-0.01375647309993,-0.0254));
#17294=CARTESIAN_POINT('',(-0.14403638381877,-0.01385804373657,-0.0254));
#17295=CARTESIAN_POINT('',(-0.14402791959905,-0.01395961437321,-0.0254));
#17296=CARTESIAN_POINT('',(-0.14403215170891,-0.0140082836366,-0.0254));
#17297=CARTESIAN_POINT('',(-0.14403638381877,-0.01405695289999,-0.0254));
#17298=CARTESIAN_POINT('',(-0.14405331225821,-0.01415429142677,-0.0254));
#17299=CARTESIAN_POINT('',(-0.10181262374555,-0.02040934979985,-0.0254));
#17300=CARTESIAN_POINT('',(-0.10180839163569,-0.02035856448153,-0.0254));
#17301=CARTESIAN_POINT('',(-0.10181685585541,-0.02046013511817,-0.0254));
#17302=CARTESIAN_POINT('',(-0.10178299897653,-0.02026122595475,-0.0254));
#17303=CARTESIAN_POINT('',(-0.10175760631737,-0.02016388742797,-0.0254));
#17304=CARTESIAN_POINT('',(-0.10170893705398,-0.02007712917584,-0.0254));
#17305=CARTESIAN_POINT('',(-0.10166026779059,-0.01999037092371,-0.0254));
#17306=CARTESIAN_POINT('',(-0.10163910724129,-0.01994593377018,-0.0254));
#17307=CARTESIAN_POINT('',(-0.10161794669199,-0.01990149661665,-0.0254));
#17308=CARTESIAN_POINT('',(-0.10155446504409,-0.01982320258424,-0.0254));
#17309=CARTESIAN_POINT('',(-0.10149098339619,-0.0197449085518299,-0.0254));
#17310=CARTESIAN_POINT('',(-0.10141268936378,-0.01968142690393,-0.0254));
#17311=CARTESIAN_POINT('',(-0.10133439533137,-0.01961794525603,-0.0254));
#17312=CARTESIAN_POINT('',(-0.10124763707924,-0.01956927599264,-0.0254));
#17313=CARTESIAN_POINT('',(-0.10116087882711,-0.01952060672925,-0.0254));
#17314=CARTESIAN_POINT('',(-0.10111644167358,-0.01949944617995,-0.0254));
#17315=CARTESIAN_POINT('',(-0.10107200452005,-0.01947828563065,-0.0254));
#17316=CARTESIAN_POINT('',(-0.10087732746649,-0.01944442875177,-0.0254));
#17317=CARTESIAN_POINT('',(-0.10068265041293,-0.01941057187289,-0.0254));
#17318=CARTESIAN_POINT('',(-0.10058107977629,-0.01941903609261,-0.0254));
#17319=CARTESIAN_POINT('',(-0.10047950913965,-0.01942750031233,-0.0254));
#17320=CARTESIAN_POINT('',(-0.10029329630581,-0.01949521407009,-0.0254));
#17321=CARTESIAN_POINT('',(-0.10010708347197,-0.0195629278278501,-0.0254));
#17322=CARTESIAN_POINT('',(-0.09995049540715,-0.01968989112365,-0.0254));
#17323=CARTESIAN_POINT('',(-0.09979390734233,-0.01981685441945,-0.0254));
#17324=CARTESIAN_POINT('',(-0.09976639862824,-0.01985917551805,-0.0254));
#17325=CARTESIAN_POINT('',(-0.09973888991415,-0.01990149661665,-0.0254));
#17326=CARTESIAN_POINT('',(-0.09969022065076,-0.01998825486878,-0.0254));
#17327=CARTESIAN_POINT('',(-0.09964155138737,-0.02007501312091,-0.0254));
#17328=CARTESIAN_POINT('',(-0.09960769450849,-0.02016811953783,-0.0254));
#17329=CARTESIAN_POINT('',(-0.0995738376296099,-0.02026122595475,-0.0254));
#17330=CARTESIAN_POINT('',(-0.09955690919017,-0.02036068053646,-0.0254));
#17331=CARTESIAN_POINT('',(-0.09953998075073,-0.02046013511817,-0.0254));
#17332=CARTESIAN_POINT('',(-0.09953574864087,-0.02051092043649,-0.0254));
#17333=CARTESIAN_POINT('',(-0.09953151653101,-0.02056170575481,-0.0254));
#17334=CARTESIAN_POINT('',(-0.09953998075073,-0.02065904428159,-0.0254));
#17335=CARTESIAN_POINT('',(-0.09954844497045,-0.02075638280837,-0.0254));
#17336=CARTESIAN_POINT('',(-0.09957383762961,-0.02085372133515,-0.0254));
#17337=CARTESIAN_POINT('',(-0.09959923028877,-0.02095105986193,-0.0254));
#17338=CARTESIAN_POINT('',(-0.09964155138737,-0.02103993416899,-0.0254));
#17339=CARTESIAN_POINT('',(-0.09968387248597,-0.02112880847605,-0.0254));
#17340=CARTESIAN_POINT('',(-0.09971138120006,-0.02117112957465,-0.0254));
#17341=CARTESIAN_POINT('',(-0.09973888991415,-0.02121345067325,-0.0254));
#17342=CARTESIAN_POINT('',(-0.09980237156205,-0.02129174470566,-0.0254));
#17343=CARTESIAN_POINT('',(-0.09986585320995,-0.0213700387380701,-0.0254));
#17344=CARTESIAN_POINT('',(-0.09994414724236,-0.02143352038597,-0.0254));
#17345=CARTESIAN_POINT('',(-0.10002244127477,-0.0214970020338699,-0.0254));
#17346=CARTESIAN_POINT('',(-0.10006476237337,-0.02152451074796,-0.0254));
#17347=CARTESIAN_POINT('',(-0.10010708347197,-0.02155201946205,-0.0254));
#17348=CARTESIAN_POINT('',(-0.10019595777903,-0.02159434056065,-0.0254));
#17349=CARTESIAN_POINT('',(-0.10028483208609,-0.0216366616592499,-0.0254));
#17350=CARTESIAN_POINT('',(-0.10048374124951,-0.02167051853813,-0.0254));
#17351=CARTESIAN_POINT('',(-0.10068265041293,-0.0217043754170099,-0.0254));
#17352=CARTESIAN_POINT('',(-0.10077998893971,-0.02169591119729,-0.0254));
#17353=CARTESIAN_POINT('',(-0.10087732746649,-0.02168744697757,-0.0254));
#17354=CARTESIAN_POINT('',(-0.10092599672988,-0.02167475064799,-0.0254));
#17355=CARTESIAN_POINT('',(-0.10097466599327,-0.02166205431841,-0.0254));
#17356=CARTESIAN_POINT('',(-0.10106777241019,-0.02162819743953,-0.0254));
#17357=CARTESIAN_POINT('',(-0.10116087882711,-0.02159434056065,-0.0254));
#17358=CARTESIAN_POINT('',(-0.10120531598064,-0.02157318001135,-0.0254));
#17359=CARTESIAN_POINT('',(-0.10124975313417,-0.02155201946205,-0.0254));
#17360=CARTESIAN_POINT('',(-0.10129207423277,-0.02152451074796,-0.0254));
#17361=CARTESIAN_POINT('',(-0.10133439533137,-0.02149700203387,-0.0254));
#17362=CARTESIAN_POINT('',(-0.10141268936378,-0.02143352038597,-0.0254));
#17363=CARTESIAN_POINT('',(-0.10149098339619,-0.0213700387380701,-0.0254));
#17364=CARTESIAN_POINT('',(-0.10155446504409,-0.02129174470566,-0.0254));
#17365=CARTESIAN_POINT('',(-0.10161794669199,-0.02121345067325,-0.0254));
#17366=CARTESIAN_POINT('',(-0.10164545540608,-0.02117112957465,-0.0254));
#17367=CARTESIAN_POINT('',(-0.10167296412017,-0.02112880847605,-0.0254));
#17368=CARTESIAN_POINT('',(-0.10169412466947,-0.02108437132252,-0.0254));
#17369=CARTESIAN_POINT('',(-0.10171528521877,-0.02103993416899,-0.0254));
#17370=CARTESIAN_POINT('',(-0.10173221365821,-0.02094259564221,-0.0254));
#17371=CARTESIAN_POINT('',(-0.10174914209765,-0.02084525711543,-0.0254));
#17372=CARTESIAN_POINT('',(-0.10178299897653,-0.02075215069851,-0.0254));
#17373=CARTESIAN_POINT('',(-0.10181685585541,-0.02065904428159,-0.0254));
#17374=CARTESIAN_POINT('',(-0.10181685585541,-0.02055958969988,-0.0254));
#17375=CARTESIAN_POINT('',(-0.1151331895299,0.02152662680289,-0.0254));
#17376=CARTESIAN_POINT('',(-0.11508452026651,0.02161126900009,-0.0254));
#17377=CARTESIAN_POINT('',(-0.11518185879329,0.02144198460569,-0.0254));
#17378=CARTESIAN_POINT('',(-0.11502315467354,0.02174458046068,-0.0254));
#17379=CARTESIAN_POINT('',(-0.11496178908057,0.02187789192127,-0.0254));
#17380=CARTESIAN_POINT('',(-0.11492581614676,0.02191386485508,-0.0254));
#17381=CARTESIAN_POINT('',(-0.11488984321295,0.02194983778889,-0.0254));
#17382=CARTESIAN_POINT('',(-0.11481366523547,0.02201543549172,-0.0254));
#17383=CARTESIAN_POINT('',(-0.11473748725799,0.02208103319455,-0.0254));
#17384=CARTESIAN_POINT('',(-0.11469728221432,0.02211065796357,-0.0254));
#17385=CARTESIAN_POINT('',(-0.11465707717065,0.02214028273259,-0.0254));
#17386=CARTESIAN_POINT('',(-0.11446663222695,0.02220799649035,-0.0254));
#17387=CARTESIAN_POINT('',(-0.11427618728325,0.0222757102481101,-0.0254));
#17388=CARTESIAN_POINT('',(-0.11417884875647,0.02228417446783,-0.0254));
#17389=CARTESIAN_POINT('',(-0.11408151022969,0.02229263868755,-0.0254));
#17390=CARTESIAN_POINT('',(-0.11397993959305,0.02228417446783,-0.0254));
#17391=CARTESIAN_POINT('',(-0.11387836895641,0.02227571024811,-0.0254));
#17392=CARTESIAN_POINT('',(-0.11378103042963,0.02225031758895,-0.0254));
#17393=CARTESIAN_POINT('',(-0.11368369190285,0.02222492492979,-0.0254));
#17394=CARTESIAN_POINT('',(-0.11359481759579,0.02218260383119,-0.0254));
#17395=CARTESIAN_POINT('',(-0.11350594328873,0.02214028273259,-0.0254));
#17396=CARTESIAN_POINT('',(-0.11335358733377,0.02200908732693,-0.0254));
#17397=CARTESIAN_POINT('',(-0.11320123137881,0.02187789192127,-0.0254));
#17398=CARTESIAN_POINT('',(-0.11314198184077,0.02179748183393,-0.0254));
#17399=CARTESIAN_POINT('',(-0.11308273230273,0.02171707174659,-0.0254));
#17400=CARTESIAN_POINT('',(-0.11306157175343,0.02167263459306,-0.0254));
#17401=CARTESIAN_POINT('',(-0.11304041120413,0.02162819743953,-0.0254));
#17402=CARTESIAN_POINT('',(-0.11300655432525,0.02153509102261,-0.0254));
#17403=CARTESIAN_POINT('',(-0.11297269744637,0.02144198460569,-0.0254));
#17404=CARTESIAN_POINT('',(-0.11296000111679,0.0213933153423,-0.0254));
#17405=CARTESIAN_POINT('',(-0.11294730478721,0.02134464607891,-0.0254));
#17406=CARTESIAN_POINT('',(-0.11293884056749,0.02124307544227,-0.0254));
#17407=CARTESIAN_POINT('',(-0.11293037634777,0.02114150480563,-0.0254));
#17408=CARTESIAN_POINT('',(-0.11293884056749,0.02104416627885,-0.0254));
#17409=CARTESIAN_POINT('',(-0.11294730478721,0.02094682775207,-0.0254));
#17410=CARTESIAN_POINT('',(-0.11298116166609,0.02085160528022,-0.0254));
#17411=CARTESIAN_POINT('',(-0.11301501854497,0.02075638280837,-0.0254));
#17412=CARTESIAN_POINT('',(-0.11307850019287,0.02062095529285,-0.0254));
#17413=CARTESIAN_POINT('',(-0.11314198184077,0.02048552777733,-0.0254));
#17414=CARTESIAN_POINT('',(-0.11320546348867,0.02040934979985,-0.0254));
#17415=CARTESIAN_POINT('',(-0.11326894513657,0.02033317182237,-0.0254));
#17416=CARTESIAN_POINT('',(-0.11334512311405,0.02026757411954,-0.0254));
#17417=CARTESIAN_POINT('',(-0.11342130109153,0.0202019764167099,-0.0254));
#17418=CARTESIAN_POINT('',(-0.11350805934366,0.02015119109839,-0.0254));
#17419=CARTESIAN_POINT('',(-0.11359481759579,0.02010040578007,-0.0254));
#17420=CARTESIAN_POINT('',(-0.11363925474932,0.02007924523077,-0.0254));
#17421=CARTESIAN_POINT('',(-0.11368369190285,0.02005808468147,-0.0254));
#17422=CARTESIAN_POINT('',(-0.11388260106627,0.02002422780259,-0.0254));
#17423=CARTESIAN_POINT('',(-0.11408151022969,0.01999037092371,-0.0254));
#17424=CARTESIAN_POINT('',(-0.11417884875647,0.01999883514343,-0.0254));
#17425=CARTESIAN_POINT('',(-0.11427618728325,0.02000729936315,-0.0254));
#17426=CARTESIAN_POINT('',(-0.1143714097551,0.02004115624203,-0.0254));
#17427=CARTESIAN_POINT('',(-0.11446663222695,0.02007501312091,-0.0254));
#17428=CARTESIAN_POINT('',(-0.11460205974247,0.02013849476881,-0.0254));
#17429=CARTESIAN_POINT('',(-0.11473748725799,0.02020197641671,-0.0254));
#17430=CARTESIAN_POINT('',(-0.11477769230166,0.02023160118573,-0.0254));
#17431=CARTESIAN_POINT('',(-0.11481789734533,0.02026122595475,-0.0254));
#17432=CARTESIAN_POINT('',(-0.11485387027914,0.02029719888856,-0.0254));
#17433=CARTESIAN_POINT('',(-0.11488984321295,0.02033317182237,-0.0254));
#17434=CARTESIAN_POINT('',(-0.11495332486085,0.02040934979985,-0.0254));
#17435=CARTESIAN_POINT('',(-0.11501680650875,0.02048552777733,-0.0254));
#17436=CARTESIAN_POINT('',(-0.11504431522284,0.020525732821,-0.0254));
#17437=CARTESIAN_POINT('',(-0.11507182393693,0.02056593786467,-0.0254));
#17438=CARTESIAN_POINT('',(-0.11513953769469,0.02075638280837,-0.0254));
#17439=CARTESIAN_POINT('',(-0.11520725145245,0.02094682775207,-0.0254));
#17440=CARTESIAN_POINT('',(-0.11521359961724,0.02099549701546,-0.0254));
#17441=CARTESIAN_POINT('',(-0.11521994778203,0.02104416627885,-0.0254));
#17442=CARTESIAN_POINT('',(-0.11521994778203,0.02114362086056,-0.0254));
#17443=CARTESIAN_POINT('',(-0.11521994778203,0.02124307544227,-0.0254));
#17444=CARTESIAN_POINT('',(-0.11521359961724,0.02129386076059,-0.0254));
#17445=CARTESIAN_POINT('',(-0.11520725145245,0.02134464607891,-0.0254));
#17446=CARTESIAN_POINT('',(-0.11519455512287,0.0213933153423,-0.0254));
#17447=CARTESIAN_POINT('',(-0.078711362033974,-0.01210356539896,0.0050705));
#17448=CARTESIAN_POINT('',(-0.078711362033974,-0.01210356539896,0.007893));
#17449=CARTESIAN_POINT('',(-0.078711362033974,-0.01210356539896,0.002248));
#17450=CARTESIAN_POINT('',(-0.078711362033974,-0.005010648640376,0.007893));
#17451=CARTESIAN_POINT('',(-0.078711362033974,0.002082268118212,0.007893));
#17452=CARTESIAN_POINT('',(-0.078711362033974,0.002082268118212,0.0050705));
#17453=CARTESIAN_POINT('',(-0.078711362033974,0.002082268118212,0.002248));
#17454=CARTESIAN_POINT('',(-0.078711362033974,-0.005010648640376,0.002248));
#17455=CARTESIAN_POINT('',(-0.085935059894858,0.035564520595709,0.011836));
#17456=CARTESIAN_POINT('',(-0.091415448307358,0.03756933181356,0.011836));
#17457=CARTESIAN_POINT('',(-0.080455560432221,0.035566947313643,0.011836));
#17458=CARTESIAN_POINT('',(-0.091414559357495,0.035562093877775,0.0086035));
#17459=CARTESIAN_POINT('',(-0.091414559357495,0.035562093877775,0.005371));
#17460=CARTESIAN_POINT('',(-0.085935059894858,0.035564520595709,0.005371));
#17461=CARTESIAN_POINT('',(-0.080456449382084,0.037574185249428,0.005371));
#17462=CARTESIAN_POINT('',(-0.080455560432221,0.035566947313643,0.0086035));
#17463=MECHANICAL_DESIGN_GEOMETRIC_PRESENTATION_REPRESENTATION('',(#11065),
#17464);
#17464=(
GEOMETRIC_REPRESENTATION_CONTEXT(3)
GLOBAL_UNCERTAINTY_ASSIGNED_CONTEXT((#17465))
GLOBAL_UNIT_ASSIGNED_CONTEXT((#17468,#17467,#17466))
REPRESENTATION_CONTEXT('Case - Left','TOP_LEVEL_ASSEMBLY_PART')
);
#17465=UNCERTAINTY_MEASURE_WITH_UNIT(LENGTH_MEASURE(2.E-5),#17468,
'DISTANCE_ACCURACY_VALUE','Maximum Tolerance applied to model');
#17466=(
NAMED_UNIT(*)
SI_UNIT($,.STERADIAN.)
SOLID_ANGLE_UNIT()
);
#17467=(
NAMED_UNIT(*)
PLANE_ANGLE_UNIT()
SI_UNIT($,.RADIAN.)
);
#17468=(
LENGTH_UNIT()
NAMED_UNIT(*)
SI_UNIT($,.METRE.)
);
#17469=PRODUCT_DEFINITION_SHAPE('','',#17470);
#17470=PRODUCT_DEFINITION('','',#17472,#17471);
#17471=PRODUCT_DEFINITION_CONTEXT('',#17478,'design');
#17472=PRODUCT_DEFINITION_FORMATION_WITH_SPECIFIED_SOURCE('','',#17474,
 .NOT_KNOWN.);
#17473=PRODUCT_RELATED_PRODUCT_CATEGORY('','',(#17474));
#17474=PRODUCT('Case - Left','Case - Left','Case - Left',(#17476));
#17475=PRODUCT_CATEGORY('','');
#17476=PRODUCT_CONTEXT('',#17478,'mechanical');
#17477=APPLICATION_PROTOCOL_DEFINITION('international standard',
'ap242_managed_model_based_3d_engineering',2020,#17478);
#17478=APPLICATION_CONTEXT('managed model based 3d engineering');
ENDSEC;
END-ISO-10303-21;
